; HEADER_BLOCK_START
; generated by Creality_Print V7.2.2.5483 on 2026-09-12 at 13:04:29
; total layer number: 120
; filament_density: 1.27
; filament_diameter: 1.75
; max_z_height: 24.00
; creality_uuid: 8adcd260-2016-4ada-bd69-9859f097e7c5
; HEADER_BLOCK_END

; MINX = 90.05
; MINY = 105.63
; MINZ = 0.00
; MAXX = 169.93
; MAXY = 154.35
; MAXZ = 24.00

; multicolor_method = 1 
; external perimeters extrusion width = 0.42mm
; perimeters extrusion width = 0.45mm
; infill extrusion width = 0.45mm
; solid infill extrusion width = 0.42mm
; top infill extrusion width = 0.42mm
; first layer extrusion width = 0.50mm

; EXECUTABLE_BLOCK_START
EXCLUDE_OBJECT_DEFINE NAME=arm.stl_id_0_copy_0 CENTER=129.992,129.985 POLYGON=[[90.0541,105.741],[95.0528,105.626],[161.347,105.626],[164.648,109.381],[169.931,115.389],[125.62,154.345],[90.7455,135.733],[90.0541,105.741]]
M73 P0 R38
; max_print_temp = 80,250
;TYPE:Custom
M140 S0
M104 S0 
START_PRINT EXTRUDER_TEMP=250 BED_TEMP=80
M83 
M8200 P S0
M220 S100

SET_VELOCITY_LIMIT ACCEL=5000 ACCEL_TO_DECEL=5000
G0 X267 F18000 
G0 X278 F2400
M104 S250
M106 S0
T0

M8200 O
M204 S2000
G1 Z3 F600
M83
G1 Y0 F12000
G1 X150 F30000
G1 Z0.2 F600
G1 X120 Y0 E15 F160
G1 X115 E.3742  F800
G1 X110 E.3742  F3200
G1 X105 E.3742  F800
G1 X100 E.3742  F3200
G1 X95 E.3742  F800
G91
G1 X-1 Z-0.3
G1 X-4
G92 E0
G90
G21
M83 ; use relative distances for extrusion
;filament start gcode
SET_PRESSURE_ADVANCE ADVANCE=0.06; Override pressure advance value
G1 E-.8 F2400
G1 Z.2 F24000
M106 S0
;LAYER_CHANGE
;:0.2
;HEIGHT:0.2
;BEFORE_LAYER_CHANGE
;0.2
G92 E0
;TIME_ELAPSED:52.202183
;_SET_FAN_SPEED_CHANGING_LAYER
SET_VELOCITY_LIMIT ACCEL=4500 ACCEL_TO_DECEL=2250
SET_VELOCITY_LIMIT SQUARE_CORNER_VELOCITY=8
; OBJECT_ID: 15
EXCLUDE_OBJECT_START NAME=arm.stl_id_0_copy_0
G1 X87.39 Y102.187 Z.6 F24000
G1 Z.2
G1 E.8 F2400
;TYPE:Brim
;WIDTH:0.5
G1 F3600
G1 X87.928 Y101.842 E.02332
G1 X88.706 Y101.513 E.03084
G1 X89.381 Y101.351 E.02532
G1 X90.05 Y101.298 E.02446
G1 X90.693 Y101.331 E.02349
G1 X91.318 Y101.457 E.02329
G1 X92.17 Y101.794 E.03341
G1 X92.797 Y102.177 E.02681
G1 X93.285 Y102.591 E.02338
G1 X93.708 Y103.075 E.02341
G1 X94.053 Y103.612 E.02332
G1 X94.382 Y104.391 E.03084
G1 X94.544 Y105.067 E.02536
G1 X94.595 Y105.644 E.02113
G1 X95.286 Y135.62 E1.094
G1 X95.253 Y136.269 E.02372
G1 X95.127 Y136.895 E.02329
G1 X94.79 Y137.746 E.03341
G1 X94.407 Y138.374 E.02681
G1 X93.993 Y138.862 E.02338
G1 X93.51 Y139.284 E.02341
G1 X92.972 Y139.63 E.02332
G1 X92.193 Y139.959 E.03084
G1 X91.518 Y140.12 E.02532
G1 X90.85 Y140.173 E.02446
G1 X90.207 Y140.141 E.02349
G1 X89.581 Y140.015 E.02329
G1 X88.73 Y139.677 E.03341
G1 X88.103 Y139.295 E.02681
G1 X87.614 Y138.88 E.02338
G1 X87.192 Y138.397 E.02341
G1 X86.847 Y137.859 E.02332
G1 X86.517 Y137.081 E.03084
G1 X86.356 Y136.405 E.02536
G1 X86.304 Y135.828 E.02113
G1 X85.613 Y105.852 E1.094
G1 X85.646 Y105.202 E.02372
G1 X85.772 Y104.577 E.02329
G1 X86.11 Y103.725 E.03341
G1 X86.492 Y103.098 E.02681
G1 X86.907 Y102.61 E.02338
G1 X87.36 Y102.213 E.02196
G1 X87.658 Y102.56 F24000
G1 F3600
G1 X88.132 Y102.254 E.02059
G1 X88.839 Y101.953 E.02804
G1 X89.464 Y101.803 E.02344
G1 X90.047 Y101.757 E.02136
G1 X90.625 Y101.785 E.02111
G1 X91.199 Y101.901 E.02136
G1 X91.954 Y102.201 E.02963
G1 X92.519 Y102.543 E.02411
G1 X92.956 Y102.911 E.02084
G1 X93.347 Y103.358 E.02168
G1 X93.652 Y103.837 E.02071
G1 X93.942 Y104.523 E.02718
G1 X94.092 Y105.151 E.02354
G1 X94.139 Y105.674 E.01916
G1 X94.829 Y135.608 E1.09248
G1 X94.799 Y136.202 E.02168
G1 X94.683 Y136.776 E.02136
G1 X94.373 Y137.551 E.03047
G1 X94.041 Y138.096 E.02326
G1 X93.673 Y138.532 E.02084
G1 X93.242 Y138.911 E.02094
G1 X92.768 Y139.217 E.02059
G1 X92.061 Y139.518 E.02804
G1 X91.457 Y139.665 E.02267
G1 X90.834 Y139.715 E.02278
G1 X90.254 Y139.684 E.0212
G1 X89.7 Y139.57 E.02063
G1 X88.946 Y139.271 E.02963
G1 X88.363 Y138.916 E.02489
G1 X87.929 Y138.546 E.0208
G1 X87.565 Y138.129 E.0202
G1 X87.259 Y137.655 E.02059
G1 X86.958 Y136.948 E.02804
G1 X86.807 Y136.321 E.02354
G1 X86.761 Y135.798 E.01916
G1 X86.071 Y105.863 E1.09248
G1 X86.101 Y105.27 E.02168
G1 X86.21 Y104.719 E.02047
G1 X86.516 Y103.941 E.03052
G1 X86.858 Y103.376 E.0241
G1 X87.241 Y102.925 E.02158
G1 X87.628 Y102.586 E.01874
G1 X87.929 Y102.932 F24000
G1 F3600
G1 X87.942 Y102.921 E.00066
G1 X88.337 Y102.666 E.01716
G1 X88.972 Y102.393 E.02521
G1 X89.546 Y102.255 E.02154
G1 X90.046 Y102.215 E.01827
G1 X90.558 Y102.239 E.01872
G1 X91.08 Y102.346 E.01943
G1 X91.739 Y102.607 E.02589
G1 X92.243 Y102.91 E.02142
G1 X92.627 Y103.232 E.01828
G1 X92.973 Y103.625 E.01915
G1 X93.25 Y104.061 E.01883
G1 X93.502 Y104.656 E.02358
G1 X93.641 Y105.235 E.02171
G1 X93.682 Y105.704 E.01719
G1 X94.371 Y135.597 E1.09098
G1 X94.345 Y136.134 E.01963
G1 X94.238 Y136.656 E.01942
G1 X93.957 Y137.356 E.02753
G1 X93.675 Y137.819 E.01977
G1 X93.352 Y138.204 E.01833
G1 X92.973 Y138.539 E.01846
G1 X92.562 Y138.806 E.01787
G1 X91.927 Y139.079 E.02524
G1 X91.373 Y139.213 E.02078
G1 X90.819 Y139.256 E.02029
G1 X90.303 Y139.227 E.01887
G1 X89.821 Y139.126 E.01798
G1 X89.161 Y138.864 E.02589
G1 X88.623 Y138.538 E.02295
G1 X88.245 Y138.212 E.0182
G1 X87.925 Y137.845 E.01777
G1 X87.67 Y137.45 E.01716
G1 X87.398 Y136.815 E.02521
G1 X87.259 Y136.237 E.02169
G1 X87.217 Y135.768 E.01719
G1 X86.528 Y105.874 E1.09098
G1 X86.555 Y105.336 E.01967
G1 X86.648 Y104.861 E.01767
G1 X86.923 Y104.155 E.02763
G1 X87.225 Y103.653 E.02137
G1 X87.575 Y103.24 E.01977
G1 X87.898 Y102.959 E.01562
G1 X88.198 Y103.304 F24000
G1 F3600
G1 X88.21 Y103.293 E.00057
G1 X88.543 Y103.077 E.0145
G1 X89.106 Y102.833 E.02238
G1 X89.629 Y102.707 E.01963
G1 X90.062 Y102.674 E.01584
G1 X90.491 Y102.694 E.01567
G1 X90.96 Y102.79 E.01748
G1 X91.526 Y103.014 E.0222
G1 X91.967 Y103.277 E.01875
G1 X92.298 Y103.553 E.01571
G1 X92.6 Y103.893 E.01657
G1 X92.849 Y104.285 E.01694
G1 X93.062 Y104.789 E.01999
G1 X93.19 Y105.319 E.01987
G1 X93.226 Y105.734 E.0152
G1 X93.914 Y135.586 E1.08948
G1 X93.888 Y136.087 E.01831
G1 X93.794 Y136.535 E.01671
G1 X93.541 Y137.16 E.0246
G1 X93.308 Y137.543 E.01634
G1 X93.03 Y137.876 E.01583
G1 X92.703 Y138.167 E.01598
G1 X92.356 Y138.395 E.01514
G1 X91.792 Y138.639 E.02242
G1 X91.312 Y138.758 E.01805
G1 X90.805 Y138.798 E.01856
G1 X90.353 Y138.771 E.01652
G1 X89.942 Y138.682 E.01534
G1 X89.376 Y138.458 E.02221
G1 X88.884 Y138.159 E.021
G1 X88.561 Y137.88 E.01557
G1 X88.298 Y137.577 E.01465
G1 X88.081 Y137.244 E.0145
G1 X87.838 Y136.681 E.02239
G1 X87.71 Y136.153 E.01982
G1 X87.674 Y135.738 E.0152
G1 X86.986 Y105.885 E1.08948
G1 X87.009 Y105.401 E.01769
G1 X87.086 Y105.001 E.01489
G1 X87.331 Y104.368 E.02474
G1 X87.592 Y103.93 E.01861
G1 X87.909 Y103.555 E.01792
G1 X88.168 Y103.33 E.01252
G1 X88.468 Y103.675 F24000
G1 F3600
G1 X88.479 Y103.665 E.00052
G1 X88.75 Y103.487 E.01185
G1 X89.263 Y103.265 E.02037
G1 X89.711 Y103.159 E.01682
G1 X90.06 Y103.132 E.01277
G1 X90.423 Y103.148 E.01325
G1 X90.84 Y103.234 E.01553
G1 X91.313 Y103.422 E.01856
G1 X91.693 Y103.646 E.01611
G1 X91.986 Y103.89 E.0139
G1 X92.239 Y104.178 E.01399
G1 X92.447 Y104.508 E.01423
G1 X92.629 Y104.944 E.01722
G1 X92.738 Y105.403 E.01722
G1 X92.769 Y105.763 E.0132
G1 X93.457 Y135.574 E1.08797
G1 X93.434 Y136.018 E.0162
G1 X93.351 Y136.413 E.01475
G1 X93.125 Y136.964 E.0217
G1 X92.94 Y137.268 E.01298
G1 X92.707 Y137.55 E.01335
G1 X92.432 Y137.797 E.01351
G1 X92.148 Y137.985 E.01241
G1 X91.656 Y138.2 E.0196
G1 X91.249 Y138.302 E.01531
G1 X90.81 Y138.339 E.01609
G1 X90.425 Y138.317 E.01406
G1 X90.064 Y138.239 E.01347
G1 X89.571 Y138.041 E.01941
G1 X89.146 Y137.781 E.01818
G1 X88.879 Y137.548 E.01293
G1 X88.67 Y137.308 E.0116
G1 X88.492 Y137.037 E.01186
G1 X88.277 Y136.546 E.01953
G1 X88.162 Y136.069 E.01793
G1 X88.13 Y135.708 E.0132
G1 X87.443 Y105.896 E1.08801
G1 X87.464 Y105.465 E.01574
G1 X87.525 Y105.139 E.01211
G1 X87.739 Y104.58 E.02186
G1 X87.959 Y104.206 E.01582
G1 X88.243 Y103.87 E.01605
G1 X88.438 Y103.701 E.0094
G1 X88.689 Y104.099 F24000
G1 F3600
G1 X89.158 Y103.804 E.02024
G1 X89.54 Y103.659 E.0149
G1 X89.862 Y103.603 E.01193
G1 X90.37 Y103.608 E.01853
G1 X90.774 Y103.696 E.01509
G1 X91.174 Y103.862 E.0158
G1 X91.368 Y103.98 E.00829
G1 X91.542 Y104.113 E.008
G1 X91.869 Y104.47 E.01766
G1 X92.089 Y104.84 E.01571
G1 X92.237 Y105.238 E.0155
G1 X92.311 Y105.725 E.01797
G1 X92.995 Y135.788 E1.09715
G1 X92.946 Y136.139 E.01293
G1 X92.784 Y136.629 E.01886
M73 P1 R38
G1 X92.616 Y136.916 E.01211
G1 X92.314 Y137.275 E.01712
G1 X92.046 Y137.494 E.01262
G1 X91.707 Y137.688 E.01423
G1 X91.314 Y137.82 E.01515
G1 X90.928 Y137.874 E.01423
G1 X90.451 Y137.85 E.01742
G1 X90.067 Y137.76 E.01439
G1 X89.724 Y137.607 E.0137
G1 X89.305 Y137.304 E.01885
G1 X89.008 Y136.971 E.01629
G1 X88.801 Y136.618 E.01495
G1 X88.663 Y136.234 E.01489
G1 X88.588 Y135.746 E.01798
G1 X87.899 Y105.829 E1.09185
G1 X87.947 Y105.377 E.01658
G1 X88.081 Y104.93 E.01705
G1 X88.226 Y104.635 E.01198
G1 X88.423 Y104.362 E.01228
G1 X88.66 Y104.127 E.01219
G1 X88.975 Y104.458 F24000
G1 F3600
G1 X89.012 Y104.422 E.00187
G1 X89.401 Y104.191 E.01652
G1 X89.621 Y104.108 E.00858
G1 X89.859 Y104.06 E.00887
G1 X90.272 Y104.055 E.01508
G1 X90.598 Y104.117 E.0121
G1 X90.928 Y104.247 E.01293
G1 X91.137 Y104.374 E.00895
G1 X91.262 Y104.475 E.00583
G1 X91.469 Y104.693 E.01098
G1 X91.704 Y105.085 E.01668
G1 X91.807 Y105.393 E.01187
G1 X91.854 Y105.727 E.01228
G1 X92.543 Y135.727 E1.09489
G1 X92.511 Y135.998 E.00993
G1 X92.39 Y136.397 E.01522
G1 X92.263 Y136.625 E.00955
G1 X92.034 Y136.913 E.01342
G1 X91.748 Y137.148 E.01351
G1 X91.484 Y137.289 E.01091
G1 X91.17 Y137.387 E.01201
G1 X90.866 Y137.422 E.01114
G1 X90.473 Y137.394 E.01437
G1 X90.173 Y137.316 E.01133
G1 X89.913 Y137.191 E.01053
G1 X89.571 Y136.933 E.01562
G1 X89.353 Y136.671 E.01242
G1 X89.197 Y136.389 E.01179
G1 X89.092 Y136.078 E.01196
G1 X89.046 Y135.745 E.01228
G1 X88.355 Y105.81 E1.0925
G1 X88.402 Y105.421 E.01427
G1 X88.518 Y105.062 E.01378
G1 X88.635 Y104.839 E.00919
G1 X88.792 Y104.632 E.00947
G1 X88.946 Y104.485 E.00776
G1 X89.252 Y104.821 F24000
G1 F3600
G1 X89.329 Y104.751 E.00379
G1 X89.627 Y104.587 E.01243
G1 X89.769 Y104.54 E.00546
G1 X89.949 Y104.508 E.00664
G1 X90.279 Y104.511 E.01206
G1 X90.43 Y104.543 E.00564
G1 X90.696 Y104.641 E.01031
G1 X90.843 Y104.724 E.0062
G1 X90.982 Y104.836 E.00649
G1 X91.14 Y105.01 E.00857
G1 X91.309 Y105.315 E.01272
G1 X91.354 Y105.452 E.00529
G1 X91.397 Y105.729 E.01022
G1 X92.088 Y135.686 E1.0933
G1 X92.073 Y135.868 E.00665
G1 X91.986 Y136.184 E.01197
G1 X91.912 Y136.332 E.00605
G1 X91.67 Y136.636 E.01416
G1 X91.467 Y136.787 E.00924
G1 X91.272 Y136.884 E.00794
G1 X91.13 Y136.931 E.00546
G1 X90.801 Y136.969 E.01208
G1 X90.513 Y136.939 E.01059
G1 X90.36 Y136.899 E.00576
G1 X90.185 Y136.824 E.00694
G1 X89.915 Y136.632 E.01208
G1 X89.76 Y136.462 E.00841
G1 X89.591 Y136.157 E.01272
G1 X89.545 Y136.019 E.00529
G1 X89.503 Y135.742 E.01022
G1 X88.812 Y105.789 E1.09315
G1 X88.856 Y105.474 E.01162
G1 X88.951 Y105.209 E.01028
G1 X89.037 Y105.055 E.0064
G1 X89.152 Y104.913 E.00667
G1 X89.223 Y104.848 E.00351
G1 X89.514 Y105.192 F24000
G1 F3600
G1 X89.625 Y105.099 E.0053
G1 X89.84 Y104.992 E.00874
G1 X90.041 Y104.956 E.00746
G1 X90.262 Y104.968 E.00808
G1 X90.548 Y105.073 E.0111
G1 X90.703 Y105.198 E.00728
G1 X90.796 Y105.31 E.0053
G1 X90.903 Y105.524 E.00874
G1 X90.94 Y105.731 E.00766
G1 X91.631 Y135.704 E1.09388
G1 X91.618 Y135.831 E.00465
G1 X91.547 Y136.057 E.00866
G1 X91.386 Y136.28 E.01002
G1 X91.274 Y136.373 E.0053
G1 X91.06 Y136.479 E.00874
G1 X90.858 Y136.515 E.00746
G1 X90.55 Y136.483 E.01132
G1 X90.352 Y136.398 E.00785
G1 X90.197 Y136.273 E.00728
G1 X90.103 Y136.162 E.0053
G1 X89.997 Y135.947 E.00874
G1 X89.96 Y135.74 E.00766
G1 X89.269 Y105.768 E1.09388
G1 X89.282 Y105.641 E.00465
G1 X89.385 Y105.351 E.01122
G1 X89.489 Y105.223 E.00601
G1 X89.797 Y105.551 F24000
G1 F3600
G1 X89.931 Y105.439 E.00638
G1 X90.047 Y105.412 E.00433
G1 X90.147 Y105.41 E.00365
G1 X90.258 Y105.436 E.00417
G1 X90.344 Y105.481 E.00353
G1 X90.456 Y105.615 E.00638
G1 X90.483 Y105.731 E.00433
G1 X91.174 Y135.723 E1.09458
G1 X91.148 Y135.834 E.00417
G1 X91.103 Y135.92 E.00353
G1 X90.969 Y136.032 E.00638
G1 X90.853 Y136.059 E.00433
G1 X90.753 Y136.061 E.00365
G1 X90.642 Y136.035 E.00417
G1 X90.556 Y135.99 E.00353
G1 X90.444 Y135.856 E.00638
G1 X90.417 Y135.74 E.00433
G1 X89.726 Y105.748 E1.09458
G1 X89.752 Y105.637 E.00417
G1 X89.778 Y105.587 E.00207
G1 E-.8 F2400
;WIPE_START
G1 F3600
G1 X89.931 Y105.439
G1 X90.047 Y105.412
G1 X90.147 Y105.41
G1 X90.258 Y105.436
G1 X90.344 Y105.481
G1 X90.456 Y105.615
G1 X90.483 Y105.731
G1 X90.507 Y106.795
;WIPE_END
G1 X97.852 Y108.869 Z.6 F24000
G1 X137.256 Y119.996 Z.6
G1 Z.2
G1 E.8 F2400
G1 F3600
G1 X137.446 Y119.386 E.02332
G1 X137.831 Y118.633 E.03084
G1 X138.245 Y118.075 E.02536
G1 X138.654 Y117.665 E.02113
G1 X139.768 Y116.685 E.05415
G1 X140.287 Y116.293 E.02372
G1 X140.852 Y115.984 E.0235
G1 X141.302 Y115.81 E.01762
G1 X141.927 Y115.646 E.02355
G1 X142.566 Y115.576 E.02346
G1 X143.188 Y115.594 E.02269
G1 X143.345 Y115.537 E.00611
G1 X158.408 Y102.295 E.73176
G1 X158.926 Y101.903 E.02372
G1 X159.487 Y101.597 E.02329
G1 X160.356 Y101.309 E.03341
G1 X161.082 Y101.198 E.02681
G1 X161.723 Y101.202 E.02338
G1 X162.357 Y101.301 E.02341
G1 X162.967 Y101.49 E.02329
G1 X163.765 Y101.905 E.03282
G1 X164.277 Y102.288 E.02334
G1 X164.748 Y102.766 E.02448
G1 X165.136 Y103.28 E.02349
G1 X165.441 Y103.839 E.02325
G1 X165.75 Y104.802 E.03689
G1 X165.841 Y105.435 E.02333
G1 X165.837 Y106.076 E.02341
G1 X165.738 Y106.711 E.02341
G1 X165.548 Y107.321 E.02332
G1 X165.163 Y108.073 E.03084
G1 X164.749 Y108.632 E.02536
G1 X164.341 Y109.042 E.02113
G1 X145.577 Y125.538 E.91157
G1 X145.058 Y125.93 E.02372
G1 X144.498 Y126.236 E.02329
G1 X143.629 Y126.524 E.03341
G1 X142.902 Y126.635 E.02681
G1 X142.262 Y126.631 E.02338
G1 X141.628 Y126.533 E.02341
G1 X141.017 Y126.343 E.02332
G1 X140.265 Y125.958 E.03084
G1 X139.706 Y125.544 E.02536
G1 X139.296 Y125.135 E.02113
G1 X138.25 Y123.945 E.05779
G1 X137.858 Y123.427 E.02372
G1 X137.553 Y122.867 E.02324
G1 X137.244 Y121.905 E.03689
G1 X137.154 Y121.272 E.02333
G1 X137.158 Y120.63 E.02341
G1 X137.25 Y120.035 E.02196
G1 X137.703 Y120.106 F24000
G1 F3600
G1 X137.705 Y120.09 E.00059
G1 X137.876 Y119.549 E.02071
G1 X138.215 Y118.885 E.02719
G1 X138.599 Y118.367 E.02354
G1 X138.97 Y117.995 E.01916
G1 X140.061 Y117.036 E.053
G1 X140.527 Y116.684 E.02131
G1 X141.037 Y116.404 E.02123
G1 X141.451 Y116.243 E.0162
G1 X142 Y116.099 E.02071
G1 X142.575 Y116.035 E.02111
G1 X143.162 Y116.051 E.02141
G1 X143.355 Y116.02 E.00714
G1 X143.488 Y115.972 E.00516
G1 X143.657 Y115.872 E.00714
G1 X158.693 Y102.653 E.73049
G1 X159.167 Y102.294 E.02169
G1 X159.681 Y102.014 E.02136
G1 X160.452 Y101.758 E.02963
G1 X161.105 Y101.657 E.0241
G1 X161.676 Y101.659 E.02084
G1 X162.243 Y101.745 E.02094
G1 X162.781 Y101.911 E.02051
G1 X163.53 Y102.3 E.03081
G1 X163.982 Y102.641 E.02067
G1 X164.407 Y103.073 E.0221
G1 X164.756 Y103.537 E.0212
G1 X165.023 Y104.033 E.02053
G1 X165.305 Y104.916 E.03385
G1 X165.383 Y105.476 E.02062
G1 X165.378 Y106.05 E.02094
G1 X165.289 Y106.617 E.02094
G1 X165.118 Y107.158 E.02071
G1 X164.779 Y107.821 E.02719
G1 X164.395 Y108.34 E.02354
G1 X164.024 Y108.712 E.01916
G1 X145.292 Y125.18 E.91005
G1 X144.818 Y125.539 E.02169
G1 X144.303 Y125.819 E.02136
G1 X143.533 Y126.075 E.02963
G1 X142.88 Y126.176 E.0241
G1 X142.309 Y126.174 E.02084
G1 X141.721 Y126.083 E.02168
G1 X141.18 Y125.912 E.02071
G1 X140.517 Y125.573 E.02719
G1 X139.998 Y125.189 E.02354
G1 X139.627 Y124.818 E.01916
G1 X138.608 Y123.66 E.05628
G1 X138.25 Y123.186 E.02168
G1 X137.971 Y122.674 E.02126
G1 X137.689 Y121.79 E.03385
G1 X137.611 Y121.231 E.02062
G1 X137.614 Y120.677 E.0202
G1 X137.697 Y120.145 E.01963
G1 X138.15 Y120.216 F24000
G1 F3600
G1 X138.155 Y120.184 E.00116
G1 X138.306 Y119.712 E.01808
G1 X138.6 Y119.137 E.02358
G1 X138.954 Y118.659 E.02171
G1 X139.287 Y118.325 E.01718
G1 X140.354 Y117.388 E.05185
G1 X140.768 Y117.075 E.01894
G1 X141.223 Y116.823 E.01896
G1 X141.6 Y116.677 E.01476
G1 X142.094 Y116.549 E.0186
G1 X142.585 Y116.494 E.01804
G1 X143.139 Y116.507 E.02023
G1 X143.417 Y116.472 E.0102
G1 X143.73 Y116.359 E.01213
G1 X143.966 Y116.208 E.01024
G1 X158.986 Y103.004 E.72968
G1 X159.424 Y102.674 E.02001
G1 X159.875 Y102.431 E.01869
G1 X160.571 Y102.203 E.02672
G1 X161.129 Y102.116 E.02059
G1 X161.631 Y102.116 E.01831
G1 X162.131 Y102.191 E.01846
G1 X162.595 Y102.332 E.0177
G1 X163.295 Y102.695 E.02877
G1 X163.687 Y102.992 E.01797
G1 X164.065 Y103.379 E.01971
G1 X164.375 Y103.794 E.0189
G1 X164.604 Y104.224 E.01781
G1 X164.859 Y105.03 E.03082
G1 X164.926 Y105.516 E.01791
G1 X164.92 Y106.022 E.01846
G1 X164.84 Y106.522 E.01846
G1 X164.688 Y106.994 E.01811
G1 X164.394 Y107.57 E.02358
G1 X164.04 Y108.048 E.02171
G1 X163.708 Y108.381 E.01719
G1 X145.006 Y124.823 E.90854
G1 X144.577 Y125.148 E.01963
G1 X144.109 Y125.402 E.01944
G1 X143.436 Y125.625 E.02589
G1 X142.856 Y125.717 E.02142
G1 X142.355 Y125.717 E.01828
G1 X141.836 Y125.638 E.01914
G1 X141.344 Y125.483 E.01883
G1 X140.769 Y125.189 E.02358
G1 X140.29 Y124.835 E.02171
G1 X139.957 Y124.502 E.01718
G1 X138.966 Y123.375 E.05477
G1 X138.641 Y122.946 E.01963
G1 X138.39 Y122.481 E.01927
G1 X138.135 Y121.677 E.0308
G1 X138.07 Y121.21 E.0172
G1 X138.071 Y120.724 E.01774
G1 X138.144 Y120.255 E.0173
G1 X138.597 Y120.326 F24000
G1 F3600
G1 X138.604 Y120.279 E.00171
G1 X138.735 Y119.877 E.01543
G1 X138.985 Y119.389 E.02002
G1 X139.308 Y118.95 E.01987
G1 X139.603 Y118.656 E.01519
G1 X140.647 Y117.739 E.05071
G1 X141.01 Y117.465 E.01659
G1 X141.41 Y117.243 E.01668
G1 X141.749 Y117.11 E.01328
G1 X142.186 Y116.998 E.01648
G1 X142.596 Y116.953 E.01503
G1 X143.119 Y116.964 E.01911
G1 X143.462 Y116.927 E.01259
G1 X143.875 Y116.793 E.01582
G1 X144.205 Y116.598 E.01399
G1 X159.279 Y103.356 E.73207
G1 X159.663 Y103.067 E.01754
G1 X160.068 Y102.849 E.01677
G1 X160.689 Y102.647 E.02385
G1 X161.154 Y102.575 E.01714
G1 X161.607 Y102.574 E.01653
G1 X162.02 Y102.636 E.01524
G1 X162.41 Y102.754 E.01485
G1 X163.059 Y103.09 E.02669
G1 X163.391 Y103.343 E.01523
G1 X163.722 Y103.684 E.01733
G1 X163.993 Y104.049 E.01657
G1 X164.185 Y104.414 E.01508
G1 X164.413 Y105.142 E.02782
G1 X164.468 Y105.555 E.01519
G1 X164.462 Y105.993 E.01599
G1 X164.391 Y106.425 E.01597
G1 X164.259 Y106.829 E.01552
G1 X164.009 Y107.318 E.02002
G1 X163.686 Y107.756 E.01987
G1 X163.391 Y108.051 E.0152
G1 X144.721 Y124.465 E.90705
G1 X144.337 Y124.756 E.01756
G1 X143.915 Y124.984 E.01751
G1 X143.338 Y125.176 E.0222
G1 X142.83 Y125.258 E.01875
G1 X142.4 Y125.26 E.01571
G1 X141.951 Y125.193 E.01657
G1 X141.508 Y125.053 E.01694
G1 X141.02 Y124.804 E.01999
G1 X140.582 Y124.48 E.01987
G1 X140.288 Y124.186 E.0152
G1 X139.323 Y123.089 E.05328
G1 X139.033 Y122.706 E.01754
G1 X138.808 Y122.29 E.01725
G1 X138.586 Y121.586 E.02692
G1 X138.528 Y121.189 E.01467
G1 X138.528 Y120.77 E.01527
G1 X138.591 Y120.365 E.01495
G1 X139.044 Y120.436 F24000
G1 F3600
G1 X139.054 Y120.375 E.00224
G1 X139.163 Y120.043 E.01276
G1 X139.37 Y119.64 E.01652
G1 X139.663 Y119.242 E.01803
G1 X139.919 Y118.987 E.01319
G1 X140.933 Y118.097 E.04922
G1 X141.253 Y117.855 E.01465
G1 X141.597 Y117.662 E.01439
G1 X141.897 Y117.544 E.01177
G1 X142.278 Y117.448 E.01434
G1 X142.624 Y117.411 E.0127
G1 X143.175 Y117.418 E.02009
G1 X143.614 Y117.358 E.01617
G1 X144.117 Y117.18 E.01945
G1 X144.515 Y116.934 E.0171
G1 X159.564 Y103.714 E.73083
G1 X159.902 Y103.459 E.01544
G1 X160.26 Y103.267 E.01482
G1 X160.807 Y103.091 E.02097
G1 X161.2 Y103.032 E.01448
G1 X161.583 Y103.033 E.01399
G1 X161.91 Y103.082 E.01206
G1 X162.225 Y103.175 E.012
G1 X162.823 Y103.485 E.02456
G1 X163.094 Y103.693 E.01247
G1 X163.378 Y103.988 E.01496
G1 X163.598 Y104.284 E.01346
G1 X163.765 Y104.603 E.01311
G1 X163.967 Y105.253 E.02485
G1 X164.011 Y105.592 E.01246
G1 X164.003 Y105.962 E.01352
G1 X163.942 Y106.326 E.01348
G1 X163.831 Y106.663 E.01295
G1 X163.613 Y107.086 E.01734
G1 X163.331 Y107.464 E.01722
G1 X163.075 Y107.72 E.0132
G1 X144.435 Y124.108 E.90558
G1 X144.097 Y124.364 E.01547
G1 X143.722 Y124.567 E.01557
G1 X143.239 Y124.727 E.01856
G1 X142.803 Y124.8 E.01611
G1 X142.422 Y124.802 E.0139
G1 X142.043 Y124.743 E.01399
G1 X141.672 Y124.624 E.01423
G1 X141.253 Y124.407 E.01722
G1 X140.874 Y124.126 E.01722
G1 X140.618 Y123.87 E.0132
G1 X139.681 Y122.803 E.05181
G1 X139.425 Y122.466 E.01544
G1 X139.227 Y122.099 E.01524
G1 X139.036 Y121.495 E.02311
G1 X138.987 Y121.165 E.01215
G1 X138.985 Y120.816 E.01274
G1 X139.038 Y120.476 E.01257
G1 X139.502 Y120.563 F24000
G1 F3600
G1 X139.534 Y120.392 E.00637
G1 X139.615 Y120.159 E.00899
G1 X139.75 Y119.891 E.01095
G1 X140.139 Y119.413 E.0225
G1 X141.3 Y118.386 E.05654
G1 X141.614 Y118.171 E.01388
G1 X141.984 Y118.001 E.01484
G1 X142.187 Y117.948 E.00767
G1 X142.779 Y117.87 E.02179
G1 X144.021 Y117.935 E.04536
G1 X144.118 Y117.901 E.00377
G1 X159.891 Y104.034 E.76626
G1 X160.489 Y103.668 E.02559
G1 X160.867 Y103.542 E.01454
G1 X161.107 Y103.506 E.00885
G1 X161.437 Y103.5 E.01204
G1 X161.687 Y103.523 E.00916
G1 X162.132 Y103.649 E.01688
G1 X162.359 Y103.753 E.00912
G1 X162.723 Y103.991 E.01588
G1 X162.957 Y104.211 E.0117
G1 X163.213 Y104.547 E.0154
G1 X163.348 Y104.793 E.01024
G1 X163.469 Y105.121 E.01276
G1 X163.528 Y105.39 E.01006
G1 X163.528 Y105.976 E.02138
G1 X163.511 Y106.098 E.00449
G1 X163.428 Y106.409 E.01174
G1 X163.285 Y106.739 E.01314
G1 X163.127 Y106.99 E.01082
G1 X162.859 Y107.296 E.01484
G1 X144.029 Y123.848 E.91473
G1 X143.647 Y124.095 E.01659
G1 X143.391 Y124.208 E.01021
G1 X142.898 Y124.326 E.01851
G1 X142.539 Y124.34 E.01312
G1 X142.148 Y124.286 E.01437
G1 X141.696 Y124.129 E.01749
G1 X141.423 Y123.972 E.01149
G1 X141.098 Y123.702 E.01539
G1 X139.947 Y122.405 E.06329
G1 X139.689 Y122.003 E.01742
G1 X139.544 Y121.639 E.01431
G1 X139.447 Y121.11 E.01962
G1 X139.457 Y120.801 E.01129
G1 X139.494 Y120.603 E.00735
G1 X139.941 Y120.678 F24000
G1 F3600
G1 X139.962 Y120.552 E.00465
G1 X140.05 Y120.302 E.00968
G1 X140.16 Y120.092 E.00865
G1 X140.435 Y119.762 E.01569
G1 X141.56 Y118.761 E.05494
G1 X141.805 Y118.587 E.01096
G1 X142.105 Y118.441 E.01217
G1 X142.238 Y118.402 E.00505
G1 X142.851 Y118.321 E.02256
G1 X144.18 Y118.402 E.04856
G1 X144.279 Y118.368 E.00381
G1 X160.201 Y104.37 E.77352
G1 X160.636 Y104.101 E.01867
G1 X160.941 Y103.993 E.01182
G1 X161.106 Y103.963 E.00614
G1 X161.453 Y103.957 E.01264
G1 X161.647 Y103.978 E.00714
G1 X162.005 Y104.088 E.01366
G1 X162.114 Y104.139 E.00437
G1 X162.402 Y104.316 E.01234
G1 X162.652 Y104.552 E.01256
G1 X162.846 Y104.82 E.01207
G1 X162.948 Y105.013 E.00795
G1 X163.04 Y105.278 E.01024
G1 X163.082 Y105.49 E.0079
G1 X163.071 Y105.973 E.01762
G1 X162.984 Y106.301 E.01241
G1 X162.867 Y106.556 E.01021
G1 X162.742 Y106.743 E.00823
G1 X162.515 Y106.995 E.01238
G1 X143.784 Y123.463 E.90997
G1 X143.454 Y123.681 E.01443
G1 X143.284 Y123.763 E.00688
G1 X142.879 Y123.87 E.0153
G1 X142.598 Y123.887 E.01025
G1 X142.296 Y123.853 E.01112
G1 X141.934 Y123.739 E.01383
G1 X141.64 Y123.57 E.01239
G1 X141.394 Y123.354 E.01192
G1 X140.331 Y122.158 E.05839
G1 X140.112 Y121.83 E.01439
G1 X139.994 Y121.556 E.01089
G1 X139.904 Y121.124 E.0161
G1 X139.906 Y120.885 E.00874
G1 X139.934 Y120.718 E.00619
G1 X140.381 Y120.778 F24000
G1 F3600
G1 X140.39 Y120.715 E.00232
G1 X140.484 Y120.444 E.01047
G1 X140.56 Y120.312 E.00554
G1 X140.731 Y120.11 E.00966
G1 X141.87 Y119.098 E.05559
G1 X142.073 Y118.956 E.00904
G1 X142.299 Y118.855 E.00904
G1 X142.81 Y118.777 E.01886
G1 X144.34 Y118.87 E.05591
G1 X144.439 Y118.836 E.00381
G1 X160.509 Y104.707 E.78073
G1 X160.781 Y104.534 E.01174
G1 X161.104 Y104.42 E.01251
G1 X161.47 Y104.413 E.01336
G1 X161.588 Y104.431 E.00437
G1 X161.867 Y104.523 E.01071
G1 X162.174 Y104.712 E.01314
G1 X162.327 Y104.872 E.00809
G1 X162.474 Y105.085 E.00942
G1 X162.541 Y105.221 E.00554
G1 X162.608 Y105.425 E.00783
G1 X162.633 Y105.575 E.00553
G1 X162.628 Y105.861 E.01046
G1 X162.568 Y106.111 E.00935
G1 X162.482 Y106.31 E.00794
G1 X162.404 Y106.436 E.0054
G1 X162.219 Y106.647 E.01022
G1 X143.475 Y123.126 E.9106
G1 X143.202 Y123.3 E.01181
G1 X143.091 Y123.349 E.00445
G1 X142.763 Y123.427 E.01229
G1 X142.584 Y123.431 E.00655
G1 X142.346 Y123.399 E.00874
G1 X142.075 Y123.304 E.01047
G1 X141.944 Y123.228 E.00554
G1 X141.742 Y123.057 E.00967
G1 X140.666 Y121.848 E.05905
G1 X140.491 Y121.575 E.01184
G1 X140.44 Y121.461 E.00455
G1 X140.361 Y121.126 E.01254
G1 X140.358 Y120.952 E.00636
G1 X140.376 Y120.817 E.00496
G1 X140.821 Y120.897 F24000
G1 F3600
G1 X140.84 Y120.787 E.00407
G1 X140.913 Y120.603 E.00721
G1 X141.028 Y120.458 E.00675
G1 X142.18 Y119.434 E.05624
G1 X142.333 Y119.333 E.0067
G1 X142.471 Y119.278 E.00541
G1 X142.77 Y119.232 E.01104
G1 X144.5 Y119.338 E.06324
G1 X144.599 Y119.304 E.00381
G1 X160.819 Y105.044 E.78799
G1 X161.023 Y104.922 E.00866
G1 X161.143 Y104.879 E.00465
G1 X161.213 Y104.864 E.00261
G1 X161.463 Y104.87 E.00916
G1 X161.636 Y104.917 E.00653
G1 X161.855 Y105.04 E.00916
G1 X161.945 Y105.123 E.00446
G1 X162.103 Y105.353 E.01019
G1 X162.176 Y105.576 E.00856
G1 X162.18 Y105.774 E.00722
G1 X162.154 Y105.917 E.0053
G1 X162.059 Y106.137 E.00874
G1 X161.924 Y106.298 E.00766
G1 X143.166 Y122.789 E.91131
G1 X142.962 Y122.911 E.00866
G1 X142.769 Y122.97 E.00736
G1 X142.564 Y122.974 E.00747
G1 X142.419 Y122.948 E.0054
G1 X142.234 Y122.876 E.00721
G1 X142.09 Y122.761 E.00675
G1 X141.001 Y121.536 E.05979
G1 X140.879 Y121.333 E.00864
G1 X140.818 Y121.132 E.00766
G1 X140.814 Y120.936 E.00714
G1 X141.264 Y121.017 F24000
G1 F3600
G1 X141.293 Y120.854 E.00602
G1 X141.323 Y120.808 E.00202
G1 X142.491 Y119.769 E.05703
G1 X142.567 Y119.724 E.00324
G1 X142.728 Y119.688 E.00599
G1 X144.717 Y119.809 E.07272
G1 X161.13 Y105.379 E.79738
G1 X161.232 Y105.327 E.00417
G1 X161.327 Y105.307 E.00353
G1 X161.531 Y105.363 E.00775
G1 X161.644 Y105.467 E.00561
G1 X161.711 Y105.586 E.00497
G1 X161.732 Y105.68 E.00353
G1 X161.701 Y105.853 E.00638
G1 X161.63 Y105.947 E.00433
G1 X142.854 Y122.454 E.91215
G1 X142.752 Y122.506 E.00417
G1 X142.658 Y122.527 E.00353
G1 X142.486 Y122.496 E.00638
G1 X142.439 Y122.466 E.00202
G1 X141.334 Y121.223 E.06068
G1 X141.283 Y121.121 E.00417
G1 X141.268 Y121.056 E.00243
G1 X142.66 Y121.855 F24000
;TYPE:Outer wall
G1 F3600
G1 X141.934 Y121.029 E.04013
G1 X142.795 Y120.271 E.04185
G1 X144.353 Y120.366 E.05695
G1 X142.705 Y121.815 E.08006
G1 E-.8 F2400
;WIPE_START
G1 F3600
G1 X141.934 Y121.029
G1 X142.609 Y120.435
;WIPE_END
G1 X139.577 Y127.44 Z.6 F24000
G1 X135.998 Y135.71 Z.6
G1 Z.2
G1 E.8 F2400
;TYPE:Inner wall
G1 F3600
G1 X164.571 Y110.59 E1.38809
G1 X168.721 Y115.311 E.22935
G1 X125.534 Y153.28 E2.0981
G1 X96.58 Y135.137 E1.24667
G1 X95.954 Y108.054 E.98841
G1 X95.911 Y107.254 E.02922
G1 X96.297 Y107.589 E.01864
G1 X135.408 Y136.229 E1.76869
G1 X135.953 Y135.75 E.02652
G1 X135.381 Y135.644 F24000
;TYPE:Outer wall
G1 F3600
G1 X164.612 Y109.945 E1.42008
G1 X169.366 Y115.353 E.2627
G1 X125.58 Y153.848 E2.12721
G1 X96.129 Y135.393 E1.26808
G1 X95.497 Y108.071 E.99714
M73 P2 R38
G1 X95.47 Y107.568 E.0184
G1 X95.408 Y107.06 E.01867
G1 X95.315 Y106.582 E.01776
G1 X95.305 Y106.121 E.01683
G1 X95.854 Y106.526 E.02489
G1 X96.191 Y106.892 E.01814
G1 X96.585 Y107.233 E.01903
G1 X96.99 Y107.539 E.01852
G1 X135.333 Y135.608 E1.73379
G1 E-.8 F2400
;WIPE_START
G1 F3600
G1 X136.837 Y134.29
;WIPE_END
G1 X143.389 Y130.376 Z.6 F24000
G1 X168.318 Y115.483 Z.6
G1 Z.2
G1 E.8 F2400
;TYPE:Bottom surface
;WIDTH:0.501981
G1 F5186.571
G1 X164.204 Y111.369 E.22385
G1 X163.859 Y111.673 E.0177
G1 X167.827 Y115.641 E.21592
G1 X167.481 Y115.945 E.0177
G1 X163.513 Y111.977 E.21592
G1 X163.168 Y112.28 E.0177
G1 X167.136 Y116.249 E.21592
G1 X166.79 Y116.552 E.0177
G1 X162.822 Y112.584 E.21592
G1 X162.477 Y112.888 E.0177
G1 X166.445 Y116.856 E.21592
G1 X166.099 Y117.16 E.0177
G1 X162.131 Y113.192 E.21592
G1 X161.786 Y113.495 E.0177
G1 X165.754 Y117.463 E.21592
G1 X165.408 Y117.767 E.0177
G1 X161.44 Y113.799 E.21592
G1 X161.095 Y114.103 E.0177
G1 X165.063 Y118.071 E.21592
G1 X164.717 Y118.375 E.0177
G1 X160.749 Y114.406 E.21592
G1 X160.404 Y114.71 E.0177
G1 X164.372 Y118.678 E.21592
G1 X164.026 Y118.982 E.0177
G1 X160.058 Y115.014 E.21592
G1 X159.713 Y115.318 E.0177
G1 X163.681 Y119.286 E.21592
G1 X163.335 Y119.59 E.0177
G1 X159.367 Y115.621 E.21592
G1 X159.022 Y115.925 E.0177
G1 X162.99 Y119.893 E.21592
G1 X162.644 Y120.197 E.0177
G1 X158.676 Y116.229 E.21592
G1 X158.331 Y116.533 E.0177
G1 X162.299 Y120.501 E.21592
G1 X161.954 Y120.804 E.0177
G1 X157.985 Y116.836 E.21592
G1 X157.64 Y117.14 E.0177
G1 X161.608 Y121.108 E.21592
G1 X161.263 Y121.412 E.0177
G1 X157.294 Y117.444 E.21592
G1 X156.949 Y117.748 E.0177
G1 X160.917 Y121.716 E.21592
G1 X160.572 Y122.019 E.0177
G1 X156.603 Y118.051 E.21592
G1 X156.258 Y118.355 E.0177
G1 X160.226 Y122.323 E.21592
G1 X159.881 Y122.627 E.0177
G1 X155.913 Y118.659 E.21592
G1 X155.567 Y118.962 E.0177
G1 X159.535 Y122.931 E.21592
G1 X159.19 Y123.234 E.0177
G1 X155.222 Y119.266 E.21592
G1 X154.876 Y119.57 E.0177
G1 X158.844 Y123.538 E.21592
G1 X158.499 Y123.842 E.0177
G1 X154.531 Y119.874 E.21592
G1 X154.185 Y120.177 E.0177
G1 X158.153 Y124.146 E.21592
G1 X157.808 Y124.449 E.0177
G1 X153.84 Y120.481 E.21592
G1 X153.494 Y120.785 E.0177
G1 X157.462 Y124.753 E.21592
G1 X157.117 Y125.057 E.0177
G1 X153.149 Y121.089 E.21592
G1 X152.803 Y121.392 E.0177
G1 X156.771 Y125.36 E.21592
G1 X156.426 Y125.664 E.0177
G1 X152.458 Y121.696 E.21592
G1 X152.112 Y122 E.0177
G1 X156.08 Y125.968 E.21592
G1 X155.735 Y126.272 E.0177
G1 X151.767 Y122.303 E.21592
G1 X151.421 Y122.607 E.0177
G1 X155.389 Y126.575 E.21592
G1 X155.044 Y126.879 E.0177
G1 X151.076 Y122.911 E.21592
G1 X150.73 Y123.215 E.0177
G1 X154.698 Y127.183 E.21592
G1 X154.353 Y127.487 E.0177
G1 X150.385 Y123.518 E.21592
G1 X150.039 Y123.822 E.0177
G1 X154.008 Y127.79 E.21592
G1 X153.662 Y128.094 E.0177
G1 X149.694 Y124.126 E.21592
G1 X149.348 Y124.43 E.0177
G1 X153.317 Y128.398 E.21592
G1 X152.971 Y128.701 E.0177
G1 X149.003 Y124.733 E.21592
G1 X148.657 Y125.037 E.0177
G1 X152.626 Y129.005 E.21592
G1 X152.28 Y129.309 E.0177
G1 X148.312 Y125.341 E.21592
G1 X147.967 Y125.645 E.0177
G1 X151.935 Y129.613 E.21592
G1 X151.589 Y129.916 E.0177
G1 X147.621 Y125.948 E.21592
G1 X147.276 Y126.252 E.0177
G1 X151.244 Y130.22 E.21592
G1 X150.898 Y130.524 E.0177
G1 X146.93 Y126.556 E.21592
G1 X146.585 Y126.859 E.0177
G1 X150.553 Y130.828 E.21592
G1 X150.207 Y131.131 E.0177
G1 X146.239 Y127.163 E.21592
G1 X145.894 Y127.467 E.0177
G1 X149.862 Y131.435 E.21592
G1 X149.516 Y131.739 E.0177
G1 X145.548 Y127.771 E.21592
G1 X145.203 Y128.074 E.0177
G1 X149.171 Y132.043 E.21592
G1 X148.825 Y132.346 E.0177
G1 X144.857 Y128.378 E.21592
G1 X144.512 Y128.682 E.0177
G1 X148.48 Y132.65 E.21592
G1 X148.134 Y132.954 E.0177
G1 X144.166 Y128.986 E.21592
G1 X143.821 Y129.289 E.0177
G1 X147.789 Y133.257 E.21592
G1 X147.443 Y133.561 E.0177
G1 X143.475 Y129.593 E.21592
G1 X143.13 Y129.897 E.0177
G1 X147.098 Y133.865 E.21592
G1 X146.752 Y134.169 E.0177
G1 X142.784 Y130.201 E.21592
G1 X142.439 Y130.504 E.0177
G1 X146.407 Y134.472 E.21592
G1 X146.062 Y134.776 E.0177
G1 X142.093 Y130.808 E.21592
G1 X141.748 Y131.112 E.0177
G1 X145.716 Y135.08 E.21592
G1 X145.371 Y135.384 E.0177
G1 X141.402 Y131.415 E.21592
G1 X141.057 Y131.719 E.0177
G1 X145.025 Y135.687 E.21592
G1 X144.68 Y135.991 E.0177
G1 X140.711 Y132.023 E.21592
G1 X140.366 Y132.327 E.0177
G1 X144.334 Y136.295 E.21592
G1 X143.989 Y136.599 E.0177
G1 X140.02 Y132.63 E.21592
G1 X139.675 Y132.934 E.0177
G1 X143.643 Y136.902 E.21592
G1 X143.298 Y137.206 E.0177
G1 X139.33 Y133.238 E.21592
G1 X138.984 Y133.542 E.0177
G1 X142.952 Y137.51 E.21592
G1 X142.607 Y137.813 E.0177
G1 X138.639 Y133.845 E.21592
G1 X138.293 Y134.149 E.0177
G1 X142.261 Y138.117 E.21592
G1 X141.916 Y138.421 E.0177
G1 X137.948 Y134.453 E.21592
G1 X137.602 Y134.756 E.0177
G1 X141.57 Y138.725 E.21592
G1 X141.225 Y139.028 E.0177
G1 X137.257 Y135.06 E.21592
G1 X136.911 Y135.364 E.0177
G1 X140.879 Y139.332 E.21592
G1 X140.534 Y139.636 E.0177
G1 X136.566 Y135.668 E.21592
G1 X136.22 Y135.971 E.0177
G1 X140.188 Y139.94 E.21592
G1 X139.843 Y140.243 E.0177
G1 X135.875 Y136.275 E.21592
G1 X135.529 Y136.579 E.0177
G1 X139.497 Y140.547 E.21592
G1 X139.152 Y140.851 E.0177
G1 X133.719 Y135.418 E.29562
G1 X131.294 Y133.642 E.11566
G1 X138.806 Y141.154 E.40879
G1 X138.461 Y141.458 E.0177
G1 X128.869 Y131.866 E.52196
G1 X126.443 Y130.09 E.11566
G1 X138.116 Y141.762 E.63513
G1 X137.77 Y142.066 E.0177
G1 X124.018 Y128.314 E.7483
G1 X121.593 Y126.538 E.11566
G1 X137.425 Y142.369 E.86147
M73 P2 R37
G1 X137.079 Y142.673 E.0177
G1 X119.168 Y124.762 E.97464
G1 X116.742 Y122.986 E.11566
G1 X136.734 Y142.977 E1.08781
G1 X136.388 Y143.281 E.0177
G1 X114.317 Y121.209 E1.20098
G1 X111.892 Y119.433 E.11566
G1 X136.043 Y143.584 E1.31415
G1 X135.697 Y143.888 E.0177
G1 X109.466 Y117.657 E1.42732
G1 X107.041 Y115.881 E.11566
G1 X135.352 Y144.192 E1.54049
G1 X135.006 Y144.496 E.0177
G1 X104.616 Y114.105 E1.65365
G1 X102.191 Y112.329 E.11566
G1 X134.661 Y144.799 E1.76682
G1 X134.315 Y145.103 E.0177
G1 X99.765 Y110.553 E1.87999
G1 X97.34 Y108.777 E.11566
G1 X133.97 Y145.407 E1.99316
G1 X133.624 Y145.71 E.0177
G1 X96.304 Y108.391 E2.03072
G1 X96.32 Y109.055 E.02558
G1 X133.279 Y146.014 E2.01109
G1 X132.933 Y146.318 E.0177
G1 X96.335 Y109.72 E1.99145
G1 X96.35 Y110.384 E.02558
G1 X132.588 Y146.622 E1.97182
G1 X132.242 Y146.925 E.0177
G1 X96.366 Y111.049 E1.95218
G1 X96.381 Y111.713 E.02558
G1 X131.897 Y147.229 E1.93255
G1 X131.551 Y147.533 E.0177
G1 X96.397 Y112.378 E1.91291
G1 X96.412 Y113.043 E.02558
G1 X131.206 Y147.837 E1.89327
G1 X130.86 Y148.14 E.0177
G1 X96.427 Y113.707 E1.87364
G1 X96.443 Y114.372 E.02558
G1 X130.515 Y148.444 E1.854
G1 X130.169 Y148.748 E.0177
G1 X96.458 Y115.036 E1.83437
G1 X96.474 Y115.701 E.02558
G1 X129.824 Y149.052 E1.81473
M73 P3 R37
G1 X129.479 Y149.355 E.0177
G1 X96.489 Y116.366 E1.7951
G1 X96.504 Y117.03 E.02558
G1 X129.133 Y149.659 E1.77546
G1 X128.788 Y149.963 E.0177
G1 X96.52 Y117.695 E1.75582
G1 X96.535 Y118.359 E.02558
G1 X128.442 Y150.266 E1.73619
G1 X128.097 Y150.57 E.0177
G1 X96.55 Y119.024 E1.71655
G1 X96.566 Y119.689 E.02558
G1 X127.751 Y150.874 E1.69692
G1 X127.406 Y151.178 E.0177
G1 X96.581 Y120.353 E1.67728
G1 X96.597 Y121.018 E.02558
G1 X127.06 Y151.481 E1.65765
G1 X126.715 Y151.785 E.0177
G1 X96.612 Y121.682 E1.63801
G1 X96.627 Y122.347 E.02558
G1 X126.369 Y152.089 E1.61837
G1 X126.024 Y152.393 E.0177
G1 X96.643 Y123.011 E1.59874
G1 X96.658 Y123.676 E.02558
G1 X125.678 Y152.696 E1.5791
G1 X125.499 Y152.853 E.00916
G1 X124.661 Y152.328 E.0381
G1 X96.673 Y124.341 E1.52289
G1 X96.689 Y125.005 E.02558
G1 X122.922 Y151.238 E1.42744
G1 X121.183 Y150.149 E.07895
G1 X96.704 Y125.67 E1.33199
G1 X96.72 Y126.334 E.02558
G1 X119.444 Y149.059 E1.23654
G1 X117.706 Y147.97 E.07895
G1 X96.735 Y126.999 E1.14109
G1 X96.75 Y127.664 E.02558
G1 X115.967 Y146.88 E1.04564
G1 X114.228 Y145.791 E.07895
G1 X96.766 Y128.328 E.95019
G1 X96.781 Y128.993 E.02558
G1 X112.489 Y144.701 E.85474
G1 X110.751 Y143.611 E.07895
G1 X96.796 Y129.657 E.75929
G1 X96.812 Y130.322 E.02558
G1 X109.012 Y142.522 E.66385
G1 X107.273 Y141.432 E.07895
G1 X96.827 Y130.987 E.5684
G1 X96.843 Y131.651 E.02558
G1 X105.534 Y140.343 E.47295
G1 X103.796 Y139.253 E.07895
G1 X96.858 Y132.316 E.3775
G1 X96.873 Y132.98 E.02558
G1 X102.057 Y138.164 E.28205
G1 X100.318 Y137.074 E.07895
G1 X96.889 Y133.645 E.1866
G1 X96.904 Y134.31 E.02558
G1 X99.229 Y136.635 E.12653
G1 E-.8 F2400
;WIPE_START
G1 F5186.571
G1 X97.815 Y135.221
;WIPE_END
G1 X105.124 Y133.021 Z.6 F24000
G1 X167.459 Y114.262 Z.6
G1 Z.2
G1 E.8 F2400
;TYPE:Gap infill
;WIDTH:0.120493
G1 F3600
G1 X166.953 Y113.723 E.00458
;WIDTH:0.165943
G1 X166.447 Y113.183 E.00726
;WIDTH:0.211394
G1 X165.941 Y112.643 E.00995
;WIDTH:0.256844
G1 X165.435 Y112.104 E.01263
;WIDTH:0.302294
G1 X164.929 Y111.564 E.01532
;WIDTH:0.325019
G1 X164.423 Y111.024 E.01666
G1 E-.8 F2400
;WIPE_START
G1 F3600
G1 X164.929 Y111.564
;WIPE_END
G1 X159.085 Y116.474 Z.6 F24000
G1 X135.316 Y136.445 Z.6
G1 Z.2
G1 E.8 F2400
;WIDTH:0.111904
G1 F3600
G1 X135.276 Y136.458 E.00023
;WIDTH:0.154599
G1 X135.237 Y136.47 E.00037
;WIDTH:0.191907
G1 X135.22 Y136.478 E.00021
;WIDTH:0.189518
G1 X135.031 Y136.316 E.00291
;WIDTH:0.152818
G1 X134.843 Y136.154 E.00218
;WIDTH:0.134469
G1 X134.654 Y135.992 E.00182
G1 E-.8 F2400
;WIPE_START
G1 F3600
G1 X134.843 Y136.154
;WIPE_END
G1 X131.082 Y133.536 Z.6 F24000
G1 Z.2
G1 E.8 F2400
;WIDTH:0.306407
G1 F3600
G1 X130.826 Y133.317 E.00709
;WIDTH:0.260043
G1 X130.57 Y133.098 E.00584
;WIDTH:0.213679
G1 X130.315 Y132.879 E.00459
;WIDTH:0.167315
G1 X130.059 Y132.659 E.00334
;WIDTH:0.144133
G1 X129.803 Y132.44 E.00272
G1 E-.8 F2400
;WIPE_START
G1 F3600
G1 X130.059 Y132.659
;WIPE_END
G1 X126.231 Y129.984 Z.6 F24000
G1 Z.2
G1 E.8 F2400
;WIDTH:0.306407
G1 F3600
G1 X125.976 Y129.765 E.00709
;WIDTH:0.260043
G1 X125.72 Y129.546 E.00584
;WIDTH:0.213679
G1 X125.464 Y129.326 E.00459
;WIDTH:0.167315
G1 X125.208 Y129.107 E.00334
;WIDTH:0.144133
G1 X124.953 Y128.888 E.00272
G1 E-.8 F2400
;WIPE_START
G1 F3600
G1 X125.208 Y129.107
;WIPE_END
G1 X121.381 Y126.432 Z.6 F24000
G1 Z.2
G1 E.8 F2400
;WIDTH:0.307017
G1 F3600
G1 X121.103 Y126.194 E.00772
;WIDTH:0.261875
G1 X120.825 Y125.955 E.0064
;WIDTH:0.215715
G1 X120.584 Y125.749 E.00437
;WIDTH:0.168537
G1 X120.343 Y125.542 E.00318
;WIDTH:0.144947
G1 X120.102 Y125.336 E.00258
G1 E-.8 F2400
;WIPE_START
G1 F3600
G1 X120.343 Y125.542
;WIPE_END
G1 X116.53 Y122.88 Z.6 F24000
G1 Z.2
G1 E.8 F2400
;WIDTH:0.306407
G1 F3600
G1 X116.275 Y122.661 E.00709
;WIDTH:0.260043
G1 X116.019 Y122.441 E.00584
;WIDTH:0.213679
G1 X115.763 Y122.222 E.00459
;WIDTH:0.167315
G1 X115.507 Y122.003 E.00334
;WIDTH:0.144133
G1 X115.252 Y121.784 E.00272
G1 E-.8 F2400
;WIPE_START
G1 F3600
G1 X115.507 Y122.003
;WIPE_END
G1 X111.68 Y119.328 Z.6 F24000
G1 Z.2
G1 E.8 F2400
;WIDTH:0.3052
G1 F3600
G1 X111.402 Y119.09 E.00767
;WIDTH:0.256424
G1 X111.124 Y118.851 E.00624
;WIDTH:0.207648
G1 X110.846 Y118.613 E.00482
;WIDTH:0.161887
G1 X110.623 Y118.422 E.00278
;WIDTH:0.140515
G1 X110.401 Y118.232 E.00228
G1 E-.8 F2400
;WIPE_START
G1 F3600
G1 X110.623 Y118.422
;WIPE_END
G1 X106.829 Y115.776 Z.6 F24000
G1 Z.2
G1 E.8 F2400
;WIDTH:0.306408
G1 F3600
G1 X106.574 Y115.557 E.00709
;WIDTH:0.260044
G1 X106.318 Y115.337 E.00584
;WIDTH:0.21368
G1 X106.062 Y115.118 E.00459
;WIDTH:0.167316
G1 X105.806 Y114.899 E.00334
;WIDTH:0.144133
G1 X105.551 Y114.679 E.00272
G1 E-.8 F2400
;WIPE_START
G1 F3600
G1 X105.806 Y114.899
;WIPE_END
G1 X101.979 Y112.224 Z.6 F24000
G1 Z.2
G1 E.8 F2400
;WIDTH:0.306408
G1 F3600
G1 X101.723 Y112.004 E.00709
;WIDTH:0.260044
G1 X101.467 Y111.785 E.00584
;WIDTH:0.21368
G1 X101.212 Y111.566 E.00459
;WIDTH:0.167316
G1 X100.956 Y111.347 E.00334
;WIDTH:0.144133
G1 X100.7 Y111.127 E.00272
G1 E-.8 F2400
;WIPE_START
G1 F3600
G1 X100.956 Y111.347
;WIPE_END
G1 X97.128 Y108.672 Z.6 F24000
G1 Z.2
G1 E.8 F2400
;WIDTH:0.309269
G1 F3600
G1 X96.891 Y108.468 E.00666
;WIDTH:0.268628
G1 X96.653 Y108.264 E.00564
;WIDTH:0.22949
G1 X96.415 Y108.06 E.00466
G1 X96.314 Y108.019 E.00163
;WIDTH:0.250383
G1 X96.297 Y108.017 E.00028
G1 X96.188 Y108.191 E.00341
G1 E-.8 F2400
;WIPE_START
G1 F3600
G1 X96.297 Y108.017
G1 X96.314 Y108.019
;WIPE_END
G1 X96.752 Y115.639 Z.6 F24000
G1 X97.902 Y135.666 Z.6
G1 Z.2
G1 E.8 F2400
;WIDTH:0.119766
G1 F3600
G1 X97.718 Y135.52 E.00144
;WIDTH:0.163761
G1 X97.535 Y135.374 E.00226
;WIDTH:0.207756
G1 X97.351 Y135.228 E.00309
;WIDTH:0.251751
G1 X97.168 Y135.082 E.00391
;WIDTH:0.295745
G1 X96.984 Y134.936 E.00473
;WIDTH:0.317743
G1 X96.801 Y134.789 E.00515
G1 E-.8 F2400
;WIPE_START
G1 F3600
G1 X96.984 Y134.936
;WIPE_END
G1 X99.641 Y136.756 Z.6 F24000
G1 Z.2
G1 E.8 F2400
;WIDTH:0.114141
G1 F3600
G1 X99.492 Y136.638 E.00108
;WIDTH:0.130514
G1 X99.344 Y136.52 E.00132
G1 E-.8 F2400
;WIPE_START
G1 F3600
G1 X99.492 Y136.638
;WIPE_END
G1 X103.118 Y138.935 Z.6 F24000
G1 Z.2
G1 E.8 F2400
;WIDTH:0.118538
G1 F3600
G1 X102.949 Y138.8 E.00131
;WIDTH:0.160076
G1 X102.78 Y138.666 E.00202
;WIDTH:0.201615
G1 X102.611 Y138.531 E.00274
;WIDTH:0.243154
G1 X102.442 Y138.396 E.00346
;WIDTH:0.263923
G1 X102.272 Y138.261 E.00381
G1 E-.8 F2400
;WIPE_START
G1 F3600
G1 X102.442 Y138.396
;WIPE_END
G1 X106.596 Y141.114 Z.6 F24000
G1 Z.2
G1 E.8 F2400
;WIDTH:0.118538
G1 F3600
G1 X106.427 Y140.979 E.00131
;WIDTH:0.160077
G1 X106.257 Y140.845 E.00202
;WIDTH:0.201616
G1 X106.088 Y140.71 E.00274
;WIDTH:0.243155
G1 X105.919 Y140.575 E.00346
;WIDTH:0.263924
G1 X105.75 Y140.44 E.00381
G1 E-.8 F2400
;WIPE_START
G1 F3600
G1 X105.919 Y140.575
;WIPE_END
G1 X110.073 Y143.293 Z.6 F24000
G1 Z.2
G1 E.8 F2400
;WIDTH:0.118538
G1 F3600
G1 X109.904 Y143.158 E.00131
;WIDTH:0.160077
G1 X109.735 Y143.024 E.00202
;WIDTH:0.201616
G1 X109.566 Y142.889 E.00274
;WIDTH:0.243155
G1 X109.397 Y142.754 E.00346
;WIDTH:0.263924
G1 X109.227 Y142.62 E.00381
G1 E-.8 F2400
;WIPE_START
G1 F3600
G1 X109.397 Y142.754
;WIPE_END
G1 X113.551 Y145.472 Z.6 F24000
G1 Z.2
G1 E.8 F2400
;WIDTH:0.118538
G1 F3600
G1 X113.382 Y145.337 E.00131
;WIDTH:0.160077
G1 X113.212 Y145.203 E.00202
;WIDTH:0.201616
G1 X113.043 Y145.068 E.00274
;WIDTH:0.243155
G1 X112.874 Y144.933 E.00346
;WIDTH:0.263924
G1 X112.705 Y144.799 E.00381
G1 E-.8 F2400
;WIPE_START
G1 F3600
G1 X112.874 Y144.933
;WIPE_END
G1 X117.028 Y147.651 Z.6 F24000
G1 Z.2
G1 E.8 F2400
;WIDTH:0.118538
G1 F3600
G1 X116.859 Y147.517 E.00131
;WIDTH:0.160077
G1 X116.69 Y147.382 E.00202
;WIDTH:0.201616
G1 X116.521 Y147.247 E.00274
;WIDTH:0.243155
G1 X116.352 Y147.112 E.00346
;WIDTH:0.263924
G1 X116.182 Y146.978 E.00381
G1 E-.8 F2400
;WIPE_START
G1 F3600
G1 X116.352 Y147.112
;WIPE_END
G1 X120.506 Y149.83 Z.6 F24000
G1 Z.2
G1 E.8 F2400
;WIDTH:0.118538
G1 F3600
G1 X120.337 Y149.696 E.00131
;WIDTH:0.160077
G1 X120.167 Y149.561 E.00202
;WIDTH:0.201616
G1 X119.998 Y149.426 E.00274
;WIDTH:0.243155
G1 X119.829 Y149.291 E.00346
;WIDTH:0.263924
G1 X119.66 Y149.157 E.00381
G1 E-.8 F2400
;WIPE_START
G1 F3600
G1 X119.829 Y149.291
;WIPE_END
G1 X123.983 Y152.009 Z.6 F24000
G1 Z.2
G1 E.8 F2400
;WIDTH:0.118538
G1 F3600
G1 X123.814 Y151.875 E.00131
;WIDTH:0.160077
G1 X123.645 Y151.74 E.00202
;WIDTH:0.201617
G1 X123.476 Y151.605 E.00274
;WIDTH:0.243156
G1 X123.307 Y151.471 E.00346
;WIDTH:0.263925
G1 X123.137 Y151.336 E.00381
G1 E-.8 F2400
;WIPE_START
G1 F3600
G1 X123.307 Y151.471
;WIPE_END
G1 X119.282 Y144.985 Z.6 F24000
G1 X95.634 Y106.879 Z.6
G1 Z.2
G1 E.8 F2400
;WIDTH:0.10292
G1 F3600
G1 X95.603 Y106.625 E.00122
;TIME_ELAPSED:89.345398

;LAYER_CHANGE
;:0.4
;HEIGHT:0.2
;BEFORE_LAYER_CHANGE
;0.4
G92 E0

G1 E-.8 F2400
;WIPE_START
G1 F3600
G1 X95.634 Y106.879
;WIPE_END
EXCLUDE_OBJECT_END NAME=arm.stl_id_0_copy_0
;_SET_FAN_SPEED_CHANGING_LAYER
SET_VELOCITY_LIMIT ACCEL=6000 ACCEL_TO_DECEL=3000
M140 S80 ; set bed temperature
; OBJECT_ID: 15
EXCLUDE_OBJECT_START NAME=arm.stl_id_0_copy_0
SET_VELOCITY_LIMIT ACCEL=8000 ACCEL_TO_DECEL=4000
G1 X102.956 Y109.035 Z.6 F24000
G1 X142.769 Y120.763 Z.6
G1 Z.4
G1 E.8 F2400
SET_VELOCITY_LIMIT ACCEL=4000 ACCEL_TO_DECEL=2000 SQUARE_CORNER_VELOCITY=6
;TYPE:Inner wall
;WIDTH:0.45
G1 F6141.304
G1 X142.919 Y120.632 E.00649
G1 X143.763 Y120.683 E.02747
G1 X142.824 Y121.508 E.0406
G1 X142.431 Y121.061 E.01936
G1 X142.724 Y120.803 E.01267
SET_VELOCITY_LIMIT ACCEL=8000 ACCEL_TO_DECEL=4000 SQUARE_CORNER_VELOCITY=8
G1 X141.877 Y121.025 F24000
SET_VELOCITY_LIMIT ACCEL=4000 ACCEL_TO_DECEL=2000 SQUARE_CORNER_VELOCITY=6
;TYPE:Outer wall
;WIDTH:0.42
G1 F6629.9
G1 X142.781 Y120.23 E.03624
G1 F2220
G1 X144.736 Y120.349 E.05895
G1 X142.789 Y122.061 E.07804
M106 S0
G1 X141.917 Y121.07 E.03973
SET_VELOCITY_LIMIT ACCEL=8000 ACCEL_TO_DECEL=4000 SQUARE_CORNER_VELOCITY=8
G1 X142.78 Y121.15 F24000
SET_VELOCITY_LIMIT ACCEL=6000 ACCEL_TO_DECEL=3000
;TYPE:Gap infill
;WIDTH:0.231683
G1 F13244.123
G1 X143.124 Y120.848 E.00689
G1 E-.8 F2400
;WIPE_START
G1 F13244.123
G1 X142.78 Y121.15
;WIPE_END
SET_VELOCITY_LIMIT ACCEL=8000 ACCEL_TO_DECEL=4000
G1 X139.485 Y128.034 Z.8 F24000
G1 X135.954 Y135.409 Z.8
G1 Z.4
G1 E.8 F2400
SET_VELOCITY_LIMIT ACCEL=4000 ACCEL_TO_DECEL=2000 SQUARE_CORNER_VELOCITY=6
;TYPE:Inner wall
;WIDTH:0.45
G1 F6141.304
G1 X164.594 Y110.23 E1.23917
G1 X169.081 Y115.334 E.22083
G1 X125.56 Y153.597 E1.88305
G1 X96.329 Y135.28 E1.12093
G1 X95.673 Y106.826 E.92486
G1 X135.393 Y135.903 E1.59959
G1 X135.909 Y135.449 E.02233
SET_VELOCITY_LIMIT ACCEL=8000 ACCEL_TO_DECEL=4000 SQUARE_CORNER_VELOCITY=8
G1 X135.37 Y135.4 F24000
SET_VELOCITY_LIMIT ACCEL=4000 ACCEL_TO_DECEL=2000 SQUARE_CORNER_VELOCITY=6
;TYPE:Outer wall
;WIDTH:0.42
G1 F6629.9
G1 X164.629 Y109.677 E1.17266
G1 X169.634 Y115.37 E.22816
G1 X125.599 Y154.084 E1.76488
M73 P4 R37
G1 X95.942 Y135.5 E1.05347
G1 X95.262 Y106.042 E.88693
G1 X95.433 Y106.164 E.00633
G1 X135.322 Y135.365 E1.48799
G1 E-.8 F2400
;WIPE_START
G1 F6629.9
G1 X136.826 Y134.047
;WIPE_END
SET_VELOCITY_LIMIT ACCEL=8000 ACCEL_TO_DECEL=4000 SQUARE_CORNER_VELOCITY=8
G1 X143.736 Y130.805 Z.8 F24000
G1 X159.819 Y123.259 Z.8
G1 Z.4
G1 E.8 F2400
SET_VELOCITY_LIMIT ACCEL=6000 ACCEL_TO_DECEL=3000
;TYPE:Internal solid infill
;WIDTH:0.420537
G1 F6620.464
G1 X168.219 Y114.859 E.3581
G1 X167.969 Y114.575 E.01141
G1 X157.269 Y125.275 E.45613
G1 X152.85 Y129.16 E.17738
G1 X167.72 Y114.291 E.63387
G1 X167.47 Y114.006 E.01141
G1 X148.431 Y133.046 E.81162
G1 X144.011 Y136.931 E.17738
G1 X167.22 Y113.722 E.98936
G1 X166.97 Y113.438 E.01141
G1 X139.592 Y140.816 E1.1671
G1 X135.172 Y144.702 E.17738
G1 X166.72 Y113.154 E1.34484
G1 X166.47 Y112.87 E.01141
G1 X130.753 Y148.587 E1.52258
G1 X126.334 Y152.472 E.17738
G1 X166.221 Y112.585 E1.70032
G1 X165.971 Y112.301 E.01141
G1 X125.258 Y153.014 E1.73554
G1 X124.929 Y152.808 E.01168
G1 X165.721 Y112.017 E1.73888
G1 X165.471 Y111.733 E.01141
G1 X124.601 Y152.603 E1.74223
G1 X124.273 Y152.397 E.01168
G1 X165.221 Y111.449 E1.74557
G1 X164.971 Y111.165 E.01141
G1 X123.945 Y152.191 E1.74892
G1 X123.616 Y151.986 E.01168
G1 X164.721 Y110.88 E1.75226
G1 X164.564 Y110.701 E.00721
G1 X162.937 Y112.131 E.0653
G1 X123.288 Y151.78 E1.69017
G1 X122.96 Y151.574 E.01168
G1 X158.517 Y116.017 E1.51577
G1 X154.098 Y119.902 E.17738
G1 X122.631 Y151.368 E1.34137
G1 X122.303 Y151.163 E.01168
G1 X149.678 Y123.787 E1.16698
G1 X145.259 Y127.673 E.17738
G1 X121.975 Y150.957 E.99258
G1 X121.646 Y150.751 E.01168
G1 X140.84 Y131.558 E.81818
G1 X136.42 Y135.443 E.17738
G1 X121.318 Y150.545 E.64378
G1 X120.99 Y150.34 E.01168
G1 X135.174 Y136.156 E.60465
G1 X134.866 Y135.93 E.01152
G1 X120.661 Y150.134 E.60551
G1 X120.333 Y149.928 E.01168
G1 X134.557 Y135.704 E.60636
G1 X134.249 Y135.478 E.01152
G1 X120.005 Y149.723 E.60721
G1 X119.677 Y149.517 E.01168
G1 X133.941 Y135.253 E.60806
G1 X133.632 Y135.027 E.01152
G1 X119.348 Y149.311 E.60891
G1 X119.02 Y149.105 E.01168
G1 X133.324 Y134.801 E.60977
G1 X133.016 Y134.576 E.01152
G1 X118.692 Y148.9 E.61062
G1 X118.363 Y148.694 E.01168
G1 X132.707 Y134.35 E.61147
G1 X132.399 Y134.124 E.01152
G1 X118.035 Y148.488 E.61232
G1 X117.707 Y148.283 E.01168
G1 X132.091 Y133.898 E.61317
G1 X131.782 Y133.673 E.01152
G1 X117.378 Y148.077 E.61403
G1 X117.05 Y147.871 E.01168
G1 X131.474 Y133.447 E.61488
G1 X131.166 Y133.221 E.01152
G1 X116.722 Y147.665 E.61573
G1 X116.393 Y147.46 E.01168
G1 X130.857 Y132.996 E.61658
G1 X130.549 Y132.77 E.01152
G1 X116.065 Y147.254 E.61743
G1 X115.737 Y147.048 E.01168
G1 X130.241 Y132.544 E.61828
G1 X129.933 Y132.319 E.01152
G1 X115.409 Y146.842 E.61914
G1 X115.08 Y146.637 E.01168
G1 X129.624 Y132.093 E.61999
G1 X129.316 Y131.867 E.01152
G1 X114.752 Y146.431 E.62084
G1 X114.424 Y146.225 E.01168
G1 X129.008 Y131.641 E.62169
G1 X128.699 Y131.416 E.01152
G1 X114.095 Y146.02 E.62254
G1 X113.767 Y145.814 E.01168
G1 X128.391 Y131.19 E.6234
G1 X128.083 Y130.964 E.01152
G1 X113.439 Y145.608 E.62425
G1 X113.11 Y145.402 E.01168
G1 X127.774 Y130.739 E.6251
G1 X127.466 Y130.513 E.01152
G1 X112.782 Y145.197 E.62595
G1 X112.454 Y144.991 E.01168
G1 X127.158 Y130.287 E.6268
G1 X126.849 Y130.061 E.01152
G1 X112.126 Y144.785 E.62766
G1 X111.797 Y144.579 E.01168
G1 X126.541 Y129.836 E.62851
G1 X126.233 Y129.61 E.01152
G1 X111.469 Y144.374 E.62936
G1 X111.141 Y144.168 E.01168
G1 X125.924 Y129.384 E.63021
G1 X125.616 Y129.159 E.01152
G1 X110.812 Y143.962 E.63106
G1 X110.484 Y143.757 E.01168
G1 X125.308 Y128.933 E.63191
G1 X124.999 Y128.707 E.01152
G1 X110.156 Y143.551 E.63277
G1 X109.827 Y143.345 E.01168
G1 X124.691 Y128.481 E.63362
G1 X124.383 Y128.256 E.01152
G1 X109.499 Y143.139 E.63447
G1 X109.171 Y142.934 E.01168
G1 X124.074 Y128.03 E.63532
G1 X123.766 Y127.804 E.01152
G1 X108.842 Y142.728 E.63617
G1 X108.514 Y142.522 E.01168
G1 X123.458 Y127.579 E.63703
G1 X123.149 Y127.353 E.01152
G1 X108.186 Y142.317 E.63788
G1 X107.858 Y142.111 E.01168
G1 X122.841 Y127.127 E.63873
G1 X122.533 Y126.902 E.01152
G1 X107.529 Y141.905 E.63958
G1 X107.201 Y141.699 E.01168
G1 X122.224 Y126.676 E.64043
G1 X121.916 Y126.45 E.01152
G1 X106.873 Y141.494 E.64129
G1 X106.544 Y141.288 E.01168
G1 X121.608 Y126.224 E.64214
G1 X121.299 Y125.999 E.01152
G1 X106.216 Y141.082 E.64299
G1 X105.888 Y140.876 E.01168
G1 X120.991 Y125.773 E.64384
G1 X120.683 Y125.547 E.01152
G1 X105.559 Y140.671 E.64469
G1 X105.231 Y140.465 E.01168
G1 X120.374 Y125.322 E.64554
G1 X120.066 Y125.096 E.01152
G1 X104.903 Y140.259 E.6464
G1 X104.574 Y140.054 E.01168
G1 X119.758 Y124.87 E.64725
G1 X119.45 Y124.644 E.01152
G1 X104.246 Y139.848 E.6481
G1 X103.918 Y139.642 E.01168
G1 X119.141 Y124.419 E.64895
G1 X118.833 Y124.193 E.01152
G1 X103.59 Y139.436 E.6498
G1 X103.261 Y139.231 E.01168
G1 X118.525 Y123.967 E.65066
G1 X118.216 Y123.742 E.01152
G1 X102.933 Y139.025 E.65151
M73 P5 R37
G1 X102.605 Y138.819 E.01168
G1 X117.908 Y123.516 E.65236
G1 X117.6 Y123.29 E.01152
G1 X102.276 Y138.613 E.65321
G1 X101.948 Y138.408 E.01168
G1 X117.291 Y123.064 E.65406
G1 X116.983 Y122.839 E.01152
G1 X101.62 Y138.202 E.65492
G1 X101.291 Y137.996 E.01168
G1 X116.675 Y122.613 E.65577
G1 X116.366 Y122.387 E.01152
G1 X100.963 Y137.791 E.65662
G1 X100.635 Y137.585 E.01168
G1 X116.058 Y122.162 E.65747
M73 P5 R36
G1 X115.75 Y121.936 E.01152
G1 X100.306 Y137.379 E.65832
G1 X99.978 Y137.173 E.01168
G1 X115.441 Y121.71 E.65917
G1 X115.133 Y121.485 E.01152
G1 X99.65 Y136.968 E.66003
G1 X99.322 Y136.762 E.01168
G1 X114.825 Y121.259 E.66088
G1 X114.516 Y121.033 E.01152
G1 X98.993 Y136.556 E.66173
G1 X98.665 Y136.351 E.01168
G1 X114.208 Y120.807 E.66258
G1 X113.9 Y120.582 E.01152
G1 X98.337 Y136.145 E.66343
G1 X98.008 Y135.939 E.01168
G1 X113.591 Y120.356 E.66429
G1 X113.283 Y120.13 E.01152
G1 X97.68 Y135.733 E.66514
G1 X97.352 Y135.528 E.01168
G1 X112.975 Y119.905 E.66599
G1 X112.666 Y119.679 E.01152
G1 X97.023 Y135.322 E.66684
G1 X96.695 Y135.116 E.01168
G1 X112.358 Y119.453 E.66769
G1 X112.05 Y119.227 E.01152
G1 X96.647 Y134.63 E.6566
G1 X96.635 Y134.108 E.01574
G1 X111.741 Y119.002 E.64397
G1 X111.433 Y118.776 E.01152
G1 X96.623 Y133.586 E.63134
G1 X96.611 Y133.064 E.01574
G1 X111.125 Y118.55 E.61871
G1 X110.816 Y118.325 E.01152
G1 X96.599 Y132.542 E.60608
G1 X96.587 Y132.02 E.01574
G1 X110.508 Y118.099 E.59345
G1 X110.2 Y117.873 E.01152
G1 X96.575 Y131.498 E.58082
G1 X96.563 Y130.976 E.01574
G1 X109.892 Y117.647 E.56818
G1 X109.583 Y117.422 E.01152
G1 X96.551 Y130.454 E.55555
G1 X96.539 Y129.932 E.01574
G1 X109.275 Y117.196 E.54292
G1 X108.967 Y116.97 E.01152
G1 X96.527 Y129.41 E.53029
G1 X96.515 Y128.888 E.01574
G1 X108.658 Y116.745 E.51766
G1 X108.35 Y116.519 E.01152
G1 X96.503 Y128.366 E.50503
G1 X96.491 Y127.844 E.01574
G1 X108.042 Y116.293 E.4924
G1 X107.733 Y116.068 E.01152
G1 X96.479 Y127.322 E.47977
G1 X96.467 Y126.8 E.01574
G1 X107.425 Y115.842 E.46714
G1 X107.117 Y115.616 E.01152
G1 X96.454 Y126.278 E.45451
G1 X96.442 Y125.756 E.01574
G1 X106.808 Y115.39 E.44188
G1 X106.5 Y115.165 E.01152
G1 X96.43 Y125.234 E.42925
G1 X96.418 Y124.712 E.01574
G1 X106.192 Y114.939 E.41662
G1 X105.883 Y114.713 E.01152
G1 X96.406 Y124.19 E.40399
G1 X96.394 Y123.668 E.01574
G1 X105.575 Y114.488 E.39136
G1 X105.267 Y114.262 E.01152
G1 X96.382 Y123.146 E.37873
G1 X96.37 Y122.624 E.01574
G1 X104.958 Y114.036 E.3661
G1 X104.65 Y113.81 E.01152
G1 X96.358 Y122.102 E.35347
G1 X96.346 Y121.58 E.01574
G1 X104.342 Y113.585 E.34084
G1 X104.033 Y113.359 E.01152
G1 X96.334 Y121.058 E.32821
G1 X96.322 Y120.536 E.01574
G1 X103.725 Y113.133 E.31558
G1 X103.417 Y112.908 E.01152
G1 X96.31 Y120.014 E.30295
G1 X96.298 Y119.492 E.01574
G1 X103.108 Y112.682 E.29032
G1 X102.8 Y112.456 E.01152
G1 X96.286 Y118.97 E.27769
G1 X96.274 Y118.448 E.01574
G1 X102.492 Y112.231 E.26506
G1 X102.183 Y112.005 E.01152
G1 X96.262 Y117.926 E.25242
G1 X96.25 Y117.404 E.01574
G1 X101.875 Y111.779 E.23979
G1 X101.567 Y111.553 E.01152
G1 X96.238 Y116.882 E.22716
G1 X96.226 Y116.36 E.01574
G1 X101.258 Y111.328 E.21453
G1 X100.95 Y111.102 E.01152
G1 X96.214 Y115.838 E.2019
G1 X96.202 Y115.316 E.01574
G1 X100.642 Y110.876 E.18927
G1 X100.333 Y110.651 E.01152
G1 X96.19 Y114.794 E.17664
G1 X96.178 Y114.272 E.01574
G1 X100.025 Y110.425 E.16401
G1 X99.717 Y110.199 E.01152
G1 X96.166 Y113.75 E.15138
G1 X96.154 Y113.228 E.01574
G1 X99.409 Y109.973 E.13875
G1 X99.1 Y109.748 E.01152
G1 X95.976 Y112.872 E.13319
G1 E-.8 F2400
;WIPE_START
G1 F6620.464
G1 X97.39 Y111.458
;WIPE_END
SET_VELOCITY_LIMIT ACCEL=8000 ACCEL_TO_DECEL=4000
G1 X105.02 Y111.654 Z.8 F24000
G1 X161.659 Y113.111 Z.8
G1 Z.4
G1 E.8 F2400
SET_VELOCITY_LIMIT ACCEL=6000 ACCEL_TO_DECEL=3000
;TYPE:Gap infill
;WIDTH:0.109137
G1 F15000
G1 X161.161 Y113.577 E.0036
;WIDTH:0.151074
G1 X160.664 Y114.044 E.00589
;WIDTH:0.193011
G1 X160.167 Y114.51 E.00817
;WIDTH:0.234949
G1 F13018.908
G1 X159.67 Y114.976 E.01045
;WIDTH:0.276886
G1 F10685.325
G1 X159.172 Y115.443 E.01273
;WIDTH:0.297855
G1 F9806.444
G1 X158.675 Y115.909 E.01387
SET_VELOCITY_LIMIT ACCEL=8000 ACCEL_TO_DECEL=4000
G1 X159.738 Y123.178 F24000
SET_VELOCITY_LIMIT ACCEL=6000 ACCEL_TO_DECEL=3000
;WIDTH:0.162217
G1 F15000
G1 X159.143 Y123.737 E.00777
;WIDTH:0.137534
G1 X158.547 Y124.295 E.00616
SET_VELOCITY_LIMIT ACCEL=8000 ACCEL_TO_DECEL=4000
G1 X152.82 Y120.882 F24000
SET_VELOCITY_LIMIT ACCEL=6000 ACCEL_TO_DECEL=3000
;WIDTH:0.109137
G1 F15000
G1 X152.323 Y121.348 E.0036
;WIDTH:0.151074
G1 X151.825 Y121.814 E.00589
;WIDTH:0.193012
G1 X151.328 Y122.281 E.00817
;WIDTH:0.23495
G1 F13018.857
G1 X150.831 Y122.747 E.01045
;WIDTH:0.276887
G1 F10685.282
G1 X150.334 Y123.213 E.01273
;WIDTH:0.297856
G1 F9806.402
G1 X149.836 Y123.68 E.01387
SET_VELOCITY_LIMIT ACCEL=8000 ACCEL_TO_DECEL=4000
G1 X152.692 Y129.268 F24000
SET_VELOCITY_LIMIT ACCEL=6000 ACCEL_TO_DECEL=3000
;WIDTH:0.318823
G1 F9061.155
G1 X152.195 Y129.734 E.01501
;WIDTH:0.276886
G1 F10685.327
G1 X151.697 Y130.2 E.01273
;WIDTH:0.234949
G1 F13018.909
G1 X151.2 Y130.667 E.01045
;WIDTH:0.193011
G1 F15000
G1 X150.703 Y131.133 E.00817
;WIDTH:0.151074
G1 X150.206 Y131.599 E.00589
;WIDTH:0.130105
G1 X149.708 Y132.066 E.00474
SET_VELOCITY_LIMIT ACCEL=8000 ACCEL_TO_DECEL=4000
G1 X143.981 Y128.653 F24000
SET_VELOCITY_LIMIT ACCEL=6000 ACCEL_TO_DECEL=3000
;WIDTH:0.109137
G1 F15000
G1 X143.484 Y129.119 E.0036
;WIDTH:0.151075
G1 X142.987 Y129.585 E.00589
;WIDTH:0.193013
G1 X142.489 Y130.051 E.00817
;WIDTH:0.23495
G1 F13018.804
G1 X141.992 Y130.518 E.01045
;WIDTH:0.276888
G1 F10685.237
G1 X141.495 Y130.984 E.01273
;WIDTH:0.297857
G1 F9806.361
G1 X140.998 Y131.45 E.01387
SET_VELOCITY_LIMIT ACCEL=8000 ACCEL_TO_DECEL=4000
G1 X143.853 Y137.039 F24000
SET_VELOCITY_LIMIT ACCEL=6000 ACCEL_TO_DECEL=3000
;WIDTH:0.318823
G1 F9061.16
G1 X143.356 Y137.505 E.01501
;WIDTH:0.276886
G1 F10685.334
G1 X142.859 Y137.971 E.01273
;WIDTH:0.234949
G1 F13018.917
G1 X142.361 Y138.437 E.01045
;WIDTH:0.193011
G1 F15000
G1 X141.864 Y138.904 E.00817
;WIDTH:0.151074
G1 X141.367 Y139.37 E.00589
;WIDTH:0.130105
G1 X140.87 Y139.836 E.00474
SET_VELOCITY_LIMIT ACCEL=8000 ACCEL_TO_DECEL=4000
G1 X135.014 Y144.809 F24000
SET_VELOCITY_LIMIT ACCEL=6000 ACCEL_TO_DECEL=3000
;WIDTH:0.318825
G1 F9061.113
G1 X134.517 Y145.276 E.01501
;WIDTH:0.276887
G1 F10685.28
G1 X134.02 Y145.742 E.01273
;WIDTH:0.23495
G1 F13018.855
G1 X133.523 Y146.208 E.01045
;WIDTH:0.193012
G1 F15000
G1 X133.025 Y146.674 E.00817
;WIDTH:0.151074
G1 X132.528 Y147.141 E.00589
;WIDTH:0.130106
G1 X132.031 Y147.607 E.00474
SET_VELOCITY_LIMIT ACCEL=8000 ACCEL_TO_DECEL=4000
G1 X126.176 Y152.58 F24000
SET_VELOCITY_LIMIT ACCEL=6000 ACCEL_TO_DECEL=3000
;WIDTH:0.339792
G1 F8421.158
G1 X125.433 Y153.277 E.02414
SET_VELOCITY_LIMIT ACCEL=8000 ACCEL_TO_DECEL=4000
G1 X163.17 Y120.193 F24000
SET_VELOCITY_LIMIT ACCEL=6000 ACCEL_TO_DECEL=3000
;TYPE:Internal solid infill
;WIDTH:0.404988
G1 F6904.781
G1 X164.207 Y119.221 E.04108
;WIDTH:0.449124
G1 F6154.543
G1 X165.244 Y118.248 E.04609
;WIDTH:0.49326
G1 F5551.361
G1 X166.281 Y117.276 E.0511
;WIDTH:0.537396
G1 F5055.857
G1 X167.317 Y116.304 E.0561
;WIDTH:0.559464
G1 F4839.859
G1 X168.354 Y115.331 E.05861
G1 E-.8 F2400
;WIPE_START
G1 F4839.859
G1 X167.317 Y116.304
;WIPE_END
SET_VELOCITY_LIMIT ACCEL=8000 ACCEL_TO_DECEL=4000
G1 X159.719 Y115.583 Z.8 F24000
G1 X97.546 Y109.682 Z.8
G1 Z.4
G1 E.8 F2400
SET_VELOCITY_LIMIT ACCEL=6000 ACCEL_TO_DECEL=3000
;WIDTH:0.523554
G1 F5201.463
G1 X96.926 Y109.228 E.02946
G1 X96.951 Y110.277 E.04026
G1 X97.504 Y109.724 E.03001
SET_VELOCITY_LIMIT ACCEL=8000 ACCEL_TO_DECEL=4000
G1 X98.203 Y109.631 F24000
SET_VELOCITY_LIMIT ACCEL=6000 ACCEL_TO_DECEL=3000
;WIDTH:0.419999
G1 F6629.911
G1 X96.478 Y108.368 E.06437
G1 X96.545 Y111.289 E.08795
G1 X98.161 Y109.674 E.06878
SET_VELOCITY_LIMIT ACCEL=8000 ACCEL_TO_DECEL=4000
G1 X98.781 Y109.587 F24000
SET_VELOCITY_LIMIT ACCEL=6000 ACCEL_TO_DECEL=3000
G1 F6629.911
G1 X96.083 Y107.612 E.10064
G1 X96.188 Y112.179 E.13752
G1 X98.738 Y109.629 E.10855
;TIME_ELAPSED:130.306961

;LAYER_CHANGE
;:0.6
;HEIGHT:0.2
;BEFORE_LAYER_CHANGE
;0.6
G92 E0

G1 E-.8 F2400
;WIPE_START
G1 F6629.911
G1 X97.324 Y111.043
;WIPE_END
EXCLUDE_OBJECT_END NAME=arm.stl_id_0_copy_0
;_SET_FAN_SPEED_CHANGING_LAYER
; OBJECT_ID: 15
EXCLUDE_OBJECT_START NAME=arm.stl_id_0_copy_0
SET_VELOCITY_LIMIT ACCEL=8000 ACCEL_TO_DECEL=4000
G1 X104.788 Y112.64 Z.8 F24000
G1 X142.769 Y120.763 Z.8
G1 Z.6
G1 E.8 F2400
SET_VELOCITY_LIMIT ACCEL=4000 ACCEL_TO_DECEL=2000 SQUARE_CORNER_VELOCITY=6
;TYPE:Inner wall
;WIDTH:0.45
G1 F6141.304
G1 X142.919 Y120.632 E.00649
G1 X144.046 Y120.7 E.0367
G1 X142.956 Y121.658 E.04715
G1 X142.431 Y121.061 E.02586
G1 X142.724 Y120.803 E.01267
SET_VELOCITY_LIMIT ACCEL=8000 ACCEL_TO_DECEL=4000 SQUARE_CORNER_VELOCITY=8
G1 X141.877 Y121.025 F24000
SET_VELOCITY_LIMIT ACCEL=4000 ACCEL_TO_DECEL=2000 SQUARE_CORNER_VELOCITY=6
;TYPE:Outer wall
;WIDTH:0.42
G1 F6629.9
G1 X142.781 Y120.23 E.03624
G1 X143.41 Y120.269 E.01897
G1 X144.157 Y120.314 E.02253
G1 F3960
G1 X144.906 Y120.36 E.02259
G1 X145.469 Y119.865 E.02256
G1 X160.765 Y106.417 E.61305
G1 X161.328 Y105.922 E.02256
G1 F2220
G1 X161.381 Y105.982 E.00241
G1 X142.921 Y122.212 E.73987
M106 S0
G1 X141.917 Y121.07 E.04577
G1 E-.8 F2400
;WIPE_START
G1 F2220
G1 X142.781 Y120.23
G1 X143.575 Y120.279
;WIPE_END
SET_VELOCITY_LIMIT ACCEL=8000 ACCEL_TO_DECEL=4000 SQUARE_CORNER_VELOCITY=8
G1 X140.142 Y127.095 Z1 F24000
G1 X135.954 Y135.409 Z1
G1 Z.6
G1 E.8 F2400
SET_VELOCITY_LIMIT ACCEL=4000 ACCEL_TO_DECEL=2000 SQUARE_CORNER_VELOCITY=6
;TYPE:Inner wall
;WIDTH:0.45
G1 F6141.304
G1 X164.594 Y110.23 E1.23917
G1 X169.081 Y115.334 E.22083
G1 X125.56 Y153.597 E1.88305
G1 X96.329 Y135.28 E1.12093
G1 X95.673 Y106.826 E.92486
G1 X135.393 Y135.903 E1.59959
G1 X135.909 Y135.449 E.02233
SET_VELOCITY_LIMIT ACCEL=8000 ACCEL_TO_DECEL=4000 SQUARE_CORNER_VELOCITY=8
G1 X135.37 Y135.4 F24000
SET_VELOCITY_LIMIT ACCEL=4000 ACCEL_TO_DECEL=2000 SQUARE_CORNER_VELOCITY=6
;TYPE:Outer wall
;WIDTH:0.42
G1 F6629.9
G1 X164.629 Y109.677 E1.17266
G1 X169.634 Y115.37 E.22816
G1 X125.599 Y154.084 E1.76488
G1 X95.942 Y135.5 E1.05347
G1 X95.262 Y106.044 E.88687
G1 X95.769 Y106.41 E.01881
G1 X135.322 Y135.365 E1.47547
G1 E-.8 F2400
;WIPE_START
G1 F6629.9
G1 X136.826 Y134.047
;WIPE_END
SET_VELOCITY_LIMIT ACCEL=8000 ACCEL_TO_DECEL=4000 SQUARE_CORNER_VELOCITY=8
G1 X142.644 Y129.106 Z1 F24000
G1 X164.01 Y110.962 Z1
G1 Z.6
G1 E.8 F2400
SET_VELOCITY_LIMIT ACCEL=6000 ACCEL_TO_DECEL=3000
;TYPE:Internal solid infill
;WIDTH:0.421314
G1 F6606.87
G1 X168.473 Y115.425 E.19065
G1 X168.188 Y115.675 E.01145
G1 X163.845 Y111.332 E.18552
G1 X163.56 Y111.583 E.01145
G1 X167.903 Y115.926 E.18552
G1 X167.619 Y116.176 E.01145
G1 X163.276 Y111.833 E.18552
G1 X162.991 Y112.084 E.01145
G1 X167.334 Y116.427 E.18552
G1 X167.049 Y116.677 E.01145
G1 X162.706 Y112.334 E.18552
G1 X162.421 Y112.584 E.01145
G1 X166.764 Y116.927 E.18552
G1 X166.48 Y117.178 E.01145
G1 X162.136 Y112.835 E.18552
G1 X161.852 Y113.085 E.01145
G1 X166.195 Y117.428 E.18552
G1 X165.91 Y117.678 E.01145
G1 X161.567 Y113.335 E.18552
G1 X161.282 Y113.586 E.01145
G1 X165.625 Y117.929 E.18552
G1 X165.34 Y118.179 E.01145
G1 X160.997 Y113.836 E.18552
G1 X160.713 Y114.086 E.01145
G1 X165.056 Y118.429 E.18552
G1 X164.771 Y118.68 E.01145
G1 X160.428 Y114.337 E.18552
G1 X160.143 Y114.587 E.01145
G1 X164.486 Y118.93 E.18552
G1 X164.201 Y119.181 E.01145
G1 X159.858 Y114.837 E.18552
G1 X159.574 Y115.088 E.01145
G1 X163.917 Y119.431 E.18552
G1 X163.632 Y119.681 E.01145
G1 X159.289 Y115.338 E.18552
G1 X159.004 Y115.589 E.01145
G1 X163.347 Y119.932 E.18552
G1 X163.062 Y120.182 E.01145
G1 X158.719 Y115.839 E.18552
G1 X158.434 Y116.089 E.01145
G1 X162.777 Y120.432 E.18552
G1 X162.493 Y120.683 E.01145
G1 X158.15 Y116.34 E.18552
G1 X157.865 Y116.59 E.01145
G1 X162.208 Y120.933 E.18552
G1 X161.923 Y121.183 E.01145
G1 X157.58 Y116.84 E.18552
G1 X157.295 Y117.091 E.01145
G1 X161.638 Y121.434 E.18552
G1 X161.354 Y121.684 E.01145
G1 X157.011 Y117.341 E.18552
G1 X156.726 Y117.591 E.01145
G1 X161.069 Y121.934 E.18552
G1 X160.784 Y122.185 E.01145
G1 X156.441 Y117.842 E.18552
G1 X156.156 Y118.092 E.01145
G1 X160.499 Y122.435 E.18552
G1 X160.215 Y122.686 E.01145
G1 X155.872 Y118.343 E.18552
G1 X155.587 Y118.593 E.01145
G1 X159.93 Y122.936 E.18552
G1 X159.645 Y123.186 E.01145
G1 X155.302 Y118.843 E.18552
G1 X155.017 Y119.094 E.01145
G1 X159.36 Y123.437 E.18552
G1 X159.075 Y123.687 E.01145
G1 X154.732 Y119.344 E.18552
G1 X154.448 Y119.594 E.01145
G1 X158.791 Y123.937 E.18552
G1 X158.506 Y124.188 E.01145
G1 X154.163 Y119.845 E.18552
M73 P6 R36
G1 X153.878 Y120.095 E.01145
G1 X158.221 Y124.438 E.18552
G1 X157.936 Y124.688 E.01145
G1 X153.593 Y120.345 E.18552
G1 X153.309 Y120.596 E.01145
G1 X157.652 Y124.939 E.18552
G1 X157.367 Y125.189 E.01145
G1 X153.024 Y120.846 E.18552
G1 X152.739 Y121.096 E.01145
G1 X157.082 Y125.439 E.18552
G1 X156.797 Y125.69 E.01145
G1 X152.454 Y121.347 E.18552
G1 X152.17 Y121.597 E.01145
G1 X156.513 Y125.94 E.18552
G1 X156.228 Y126.191 E.01145
G1 X151.885 Y121.848 E.18552
G1 X151.6 Y122.098 E.01145
G1 X155.943 Y126.441 E.18552
G1 X155.658 Y126.691 E.01145
G1 X151.315 Y122.348 E.18552
G1 X151.03 Y122.599 E.01145
G1 X155.373 Y126.942 E.18552
G1 X155.089 Y127.192 E.01145
G1 X150.746 Y122.849 E.18552
G1 X150.461 Y123.099 E.01145
G1 X154.804 Y127.442 E.18552
G1 X154.519 Y127.693 E.01145
G1 X150.176 Y123.35 E.18552
G1 X149.891 Y123.6 E.01145
G1 X154.234 Y127.943 E.18552
G1 X153.95 Y128.193 E.01145
G1 X149.607 Y123.85 E.18552
G1 X149.322 Y124.101 E.01145
G1 X153.665 Y128.444 E.18552
G1 X153.38 Y128.694 E.01145
G1 X149.037 Y124.351 E.18552
G1 X148.752 Y124.601 E.01145
G1 X153.095 Y128.945 E.18552
G1 X152.811 Y129.195 E.01145
G1 X148.467 Y124.852 E.18552
G1 X148.183 Y125.102 E.01145
G1 X152.526 Y129.445 E.18552
G1 X152.241 Y129.696 E.01145
G1 X147.898 Y125.353 E.18552
G1 X147.613 Y125.603 E.01145
G1 X151.956 Y129.946 E.18552
G1 X151.671 Y130.196 E.01145
G1 X147.328 Y125.853 E.18552
G1 X147.044 Y126.104 E.01145
G1 X151.387 Y130.447 E.18552
G1 X151.102 Y130.697 E.01145
G1 X146.759 Y126.354 E.18552
G1 X146.474 Y126.604 E.01145
G1 X150.817 Y130.947 E.18552
G1 X150.532 Y131.198 E.01145
G1 X146.189 Y126.855 E.18552
G1 X145.905 Y127.105 E.01145
G1 X150.248 Y131.448 E.18552
G1 X149.963 Y131.698 E.01145
G1 X145.62 Y127.355 E.18552
G1 X145.335 Y127.606 E.01145
G1 X149.678 Y131.949 E.18552
G1 X149.393 Y132.199 E.01145
G1 X145.05 Y127.856 E.18552
G1 X144.765 Y128.107 E.01145
G1 X149.109 Y132.45 E.18552
G1 X148.824 Y132.7 E.01145
G1 X144.481 Y128.357 E.18552
G1 X144.196 Y128.607 E.01145
G1 X148.539 Y132.95 E.18552
G1 X148.254 Y133.201 E.01145
G1 X143.911 Y128.858 E.18552
G1 X143.626 Y129.108 E.01145
G1 X147.969 Y133.451 E.18552
G1 X147.685 Y133.701 E.01145
G1 X143.342 Y129.358 E.18552
G1 X143.057 Y129.609 E.01145
G1 X147.4 Y133.952 E.18552
G1 X147.115 Y134.202 E.01145
G1 X142.772 Y129.859 E.18552
G1 X142.487 Y130.109 E.01145
G1 X146.83 Y134.452 E.18552
G1 X146.546 Y134.703 E.01145
G1 X142.203 Y130.36 E.18552
G1 X141.918 Y130.61 E.01145
G1 X146.261 Y134.953 E.18552
G1 X145.976 Y135.204 E.01145
G1 X141.633 Y130.86 E.18552
G1 X141.348 Y131.111 E.01145
G1 X145.691 Y135.454 E.18552
G1 X145.406 Y135.704 E.01145
G1 X141.063 Y131.361 E.18552
G1 X140.779 Y131.612 E.01145
G1 X145.122 Y135.955 E.18552
G1 X144.837 Y136.205 E.01145
G1 X140.494 Y131.862 E.18552
G1 X140.209 Y132.112 E.01145
G1 X144.552 Y136.455 E.18552
G1 X144.267 Y136.706 E.01145
G1 X139.924 Y132.363 E.18552
G1 X139.64 Y132.613 E.01145
G1 X143.983 Y136.956 E.18552
G1 X143.698 Y137.206 E.01145
G1 X139.355 Y132.863 E.18552
G1 X139.07 Y133.114 E.01145
G1 X143.413 Y137.457 E.18552
G1 X143.128 Y137.707 E.01145
G1 X138.785 Y133.364 E.18552
G1 X138.501 Y133.614 E.01145
G1 X142.844 Y137.957 E.18552
G1 X142.559 Y138.208 E.01145
G1 X138.216 Y133.865 E.18552
G1 X137.931 Y134.115 E.01145
G1 X142.274 Y138.458 E.18552
G1 X141.989 Y138.709 E.01145
G1 X137.646 Y134.366 E.18552
G1 X137.361 Y134.616 E.01145
G1 X141.704 Y138.959 E.18552
G1 X141.42 Y139.209 E.01145
G1 X137.077 Y134.866 E.18552
G1 X136.792 Y135.117 E.01145
G1 X141.135 Y139.46 E.18552
G1 X140.85 Y139.71 E.01145
G1 X136.507 Y135.367 E.18552
G1 X136.222 Y135.617 E.01145
G1 X140.565 Y139.96 E.18552
G1 X140.281 Y140.211 E.01145
G1 X135.938 Y135.868 E.18552
G1 X135.653 Y136.118 E.01145
G1 X139.996 Y140.461 E.18552
G1 X139.711 Y140.711 E.01145
G1 X135.104 Y136.104 E.19681
G1 X133.107 Y134.642 E.07476
G1 X139.426 Y140.962 E.26995
G1 X139.142 Y141.212 E.01145
G1 X131.11 Y133.18 E.3431
G1 X129.112 Y131.718 E.07476
G1 X138.857 Y141.462 E.41624
G1 X138.572 Y141.713 E.01145
G1 X127.115 Y130.256 E.48939
G1 X125.118 Y128.794 E.07476
G1 X138.287 Y141.963 E.56253
G1 X138.002 Y142.214 E.01145
G1 X123.121 Y127.332 E.63568
G1 X121.124 Y125.87 E.07476
G1 X137.718 Y142.464 E.70882
G1 X137.433 Y142.714 E.01145
G1 X119.127 Y124.408 E.78197
G1 X117.13 Y122.946 E.07476
G1 X137.148 Y142.965 E.85512
G1 X136.863 Y143.215 E.01145
G1 X115.133 Y121.484 E.92826
G1 X113.135 Y120.022 E.07476
G1 X136.579 Y143.465 E1.00141
G1 X136.294 Y143.716 E.01145
G1 X111.138 Y118.56 E1.07455
G1 X109.141 Y117.098 E.07476
G1 X136.009 Y143.966 E1.1477
G1 X135.724 Y144.216 E.01145
G1 X107.144 Y115.636 E1.22084
G1 X105.147 Y114.174 E.07476
G1 X135.44 Y144.467 E1.29399
G1 X135.155 Y144.717 E.01145
G1 X103.15 Y112.712 E1.36713
G1 X101.153 Y111.25 E.07476
G1 X134.87 Y144.968 E1.44028
G1 X134.585 Y145.218 E.01145
G1 X99.156 Y109.788 E1.51343
G1 X97.158 Y108.326 E.07476
G1 X134.3 Y145.468 E1.58657
G1 X134.016 Y145.719 E.01145
G1 X96.027 Y107.73 E1.62274
G1 X96.04 Y108.278 E.01655
G1 X133.731 Y145.969 E1.61004
G1 X133.446 Y146.219 E.01145
G1 X96.052 Y108.825 E1.59734
G1 X96.065 Y109.373 E.01655
G1 X133.161 Y146.47 E1.58463
G1 X132.877 Y146.72 E.01145
G1 X96.077 Y109.921 E1.57193
G1 X96.09 Y110.469 E.01655
G1 X132.592 Y146.97 E1.55922
G1 X132.307 Y147.221 E.01145
G1 X96.103 Y111.016 E1.54652
G1 X96.115 Y111.564 E.01655
G1 X132.022 Y147.471 E1.53382
G1 X131.738 Y147.721 E.01145
G1 X96.128 Y112.112 E1.52111
G1 X96.141 Y112.66 E.01655
G1 X131.453 Y147.972 E1.50841
G1 X131.168 Y148.222 E.01145
G1 X96.153 Y113.207 E1.49571
G1 X96.166 Y113.755 E.01655
G1 X130.883 Y148.473 E1.483
G1 X130.598 Y148.723 E.01145
G1 X96.178 Y114.303 E1.4703
G1 X96.191 Y114.851 E.01655
G1 X130.314 Y148.973 E1.45759
G1 X130.029 Y149.224 E.01145
G1 X96.204 Y115.398 E1.44489
G1 X96.216 Y115.946 E.01655
G1 X129.744 Y149.474 E1.43219
G1 X129.459 Y149.724 E.01145
G1 X96.229 Y116.494 E1.41948
G1 X96.242 Y117.042 E.01655
G1 X129.175 Y149.975 E1.40678
G1 X128.89 Y150.225 E.01145
G1 X96.254 Y117.589 E1.39408
G1 X96.267 Y118.137 E.01655
G1 X128.605 Y150.475 E1.38137
G1 X128.32 Y150.726 E.01145
G1 X96.279 Y118.685 E1.36867
G1 X96.292 Y119.233 E.01655
G1 X128.035 Y150.976 E1.35596
G1 X127.751 Y151.227 E.01145
G1 X96.305 Y119.78 E1.34326
G1 X96.317 Y120.328 E.01655
G1 X127.466 Y151.477 E1.33056
G1 X127.181 Y151.727 E.01145
G1 X96.33 Y120.876 E1.31785
G1 X96.343 Y121.424 E.01655
G1 X126.896 Y151.978 E1.30515
M73 P7 R36
G1 X126.612 Y152.228 E.01145
G1 X96.355 Y121.972 E1.29244
G1 X96.368 Y122.519 E.01655
G1 X126.327 Y152.478 E1.27974
G1 X126.042 Y152.729 E.01145
G1 X96.38 Y123.067 E1.26704
G1 X96.393 Y123.615 E.01655
G1 X125.757 Y152.979 E1.25433
G1 X125.526 Y153.182 E.0093
G1 X125.257 Y153.013 E.00961
G1 X96.406 Y124.163 E1.23241
G1 X96.418 Y124.71 E.01655
G1 X123.823 Y152.115 E1.17064
G1 X122.39 Y151.217 E.05109
G1 X96.431 Y125.258 E1.10888
G1 X96.444 Y125.806 E.01655
G1 X120.957 Y150.319 E1.04712
G1 X119.524 Y149.421 E.05109
G1 X96.456 Y126.354 E.98536
G1 X96.469 Y126.901 E.01655
G1 X118.091 Y148.523 E.9236
G1 X116.657 Y147.625 E.05109
G1 X96.481 Y127.449 E.86184
G1 X96.494 Y127.997 E.01655
G1 X115.224 Y146.727 E.80008
G1 X113.791 Y145.829 E.05109
G1 X96.507 Y128.545 E.73832
G1 X96.519 Y129.092 E.01655
G1 X112.358 Y144.931 E.67656
G1 X110.924 Y144.033 E.05109
G1 X96.532 Y129.64 E.61479
G1 X96.545 Y130.188 E.01655
G1 X109.491 Y143.135 E.55303
G1 X108.058 Y142.236 E.05109
G1 X96.557 Y130.736 E.49127
G1 X96.57 Y131.283 E.01655
G1 X106.625 Y141.338 E.42951
G1 X105.192 Y140.44 E.05109
G1 X96.583 Y131.831 E.36775
G1 X96.595 Y132.379 E.01655
G1 X103.758 Y139.542 E.30599
G1 X102.325 Y138.644 E.05109
G1 X96.608 Y132.927 E.24423
G1 X96.62 Y133.474 E.01655
G1 X100.892 Y137.746 E.18247
G1 X99.459 Y136.848 E.05109
G1 X96.633 Y134.022 E.12071
G1 X96.646 Y134.57 E.01655
G1 X98.562 Y136.486 E.08185
SET_VELOCITY_LIMIT ACCEL=8000 ACCEL_TO_DECEL=4000
G1 X124.81 Y152.863 F24000
SET_VELOCITY_LIMIT ACCEL=6000 ACCEL_TO_DECEL=3000
;TYPE:Gap infill
;WIDTH:0.10848
G1 F15000
G1 X124.646 Y152.733 E.0011
;WIDTH:0.1491
G1 X124.482 Y152.602 E.00178
;WIDTH:0.189721
G1 X124.318 Y152.471 E.00246
;WIDTH:0.230342
G1 F13338.909
G1 X124.154 Y152.341 E.00314
;WIDTH:0.250652
G1 F12034.734
G1 X123.99 Y152.21 E.00348
SET_VELOCITY_LIMIT ACCEL=8000 ACCEL_TO_DECEL=4000
G1 X121.944 Y151.067 F24000
SET_VELOCITY_LIMIT ACCEL=6000 ACCEL_TO_DECEL=3000
;WIDTH:0.10848
G1 F15000
G1 X121.78 Y150.936 E.0011
;WIDTH:0.149101
G1 X121.616 Y150.806 E.00178
;WIDTH:0.189722
G1 X121.452 Y150.675 E.00246
;WIDTH:0.230343
G1 F13338.839
G1 X121.288 Y150.544 E.00314
;WIDTH:0.250654
G1 F12034.668
G1 X121.124 Y150.414 E.00348
SET_VELOCITY_LIMIT ACCEL=8000 ACCEL_TO_DECEL=4000
G1 X119.078 Y149.271 F24000
SET_VELOCITY_LIMIT ACCEL=6000 ACCEL_TO_DECEL=3000
;WIDTH:0.10848
G1 F15000
G1 X118.914 Y149.14 E.0011
;WIDTH:0.1491
G1 X118.749 Y149.01 E.00178
;WIDTH:0.189721
G1 X118.585 Y148.879 E.00246
;WIDTH:0.230342
G1 F13338.909
G1 X118.421 Y148.748 E.00314
;WIDTH:0.250652
G1 F12034.734
G1 X118.257 Y148.618 E.00348
SET_VELOCITY_LIMIT ACCEL=8000 ACCEL_TO_DECEL=4000
G1 X116.211 Y147.475 F24000
SET_VELOCITY_LIMIT ACCEL=6000 ACCEL_TO_DECEL=3000
;WIDTH:0.10848
G1 F15000
G1 X116.047 Y147.344 E.0011
;WIDTH:0.149101
G1 X115.883 Y147.213 E.00178
;WIDTH:0.189722
G1 X115.719 Y147.083 E.00246
;WIDTH:0.230343
G1 F13338.837
G1 X115.555 Y146.952 E.00314
;WIDTH:0.250654
G1 F12034.668
G1 X115.391 Y146.821 E.00348
SET_VELOCITY_LIMIT ACCEL=8000 ACCEL_TO_DECEL=4000
G1 X113.345 Y145.679 F24000
SET_VELOCITY_LIMIT ACCEL=6000 ACCEL_TO_DECEL=3000
;WIDTH:0.10848
G1 F15000
G1 X113.181 Y145.548 E.0011
;WIDTH:0.1491
G1 X113.017 Y145.417 E.00178
;WIDTH:0.189721
G1 X112.853 Y145.287 E.00246
;WIDTH:0.230342
G1 F13338.909
G1 X112.688 Y145.156 E.00314
;WIDTH:0.250652
G1 F12034.734
G1 X112.524 Y145.025 E.00348
SET_VELOCITY_LIMIT ACCEL=8000 ACCEL_TO_DECEL=4000
G1 X110.478 Y143.882 F24000
SET_VELOCITY_LIMIT ACCEL=6000 ACCEL_TO_DECEL=3000
;WIDTH:0.10848
G1 F15000
G1 X110.314 Y143.752 E.0011
;WIDTH:0.1491
G1 X110.15 Y143.621 E.00178
;WIDTH:0.189721
G1 X109.986 Y143.49 E.00246
;WIDTH:0.230342
G1 F13338.909
G1 X109.822 Y143.36 E.00314
;WIDTH:0.250652
G1 F12034.734
G1 X109.658 Y143.229 E.00348
SET_VELOCITY_LIMIT ACCEL=8000 ACCEL_TO_DECEL=4000
G1 X107.612 Y142.086 F24000
SET_VELOCITY_LIMIT ACCEL=6000 ACCEL_TO_DECEL=3000
;WIDTH:0.10848
G1 F15000
G1 X107.448 Y141.956 E.0011
;WIDTH:0.1491
G1 X107.284 Y141.825 E.00178
;WIDTH:0.189721
G1 X107.12 Y141.694 E.00246
;WIDTH:0.230342
G1 F13338.909
G1 X106.956 Y141.564 E.00314
;WIDTH:0.250652
G1 F12034.734
G1 X106.791 Y141.433 E.00348
SET_VELOCITY_LIMIT ACCEL=8000 ACCEL_TO_DECEL=4000
G1 X104.746 Y140.29 F24000
SET_VELOCITY_LIMIT ACCEL=6000 ACCEL_TO_DECEL=3000
;WIDTH:0.10848
G1 F15000
G1 X104.581 Y140.159 E.0011
;WIDTH:0.1491
G1 X104.417 Y140.029 E.00178
;WIDTH:0.189721
G1 X104.253 Y139.898 E.00246
;WIDTH:0.230342
G1 F13338.909
G1 X104.089 Y139.767 E.00314
;WIDTH:0.250652
G1 F12034.734
G1 X103.925 Y139.637 E.00348
SET_VELOCITY_LIMIT ACCEL=8000 ACCEL_TO_DECEL=4000
G1 X101.879 Y138.494 F24000
SET_VELOCITY_LIMIT ACCEL=6000 ACCEL_TO_DECEL=3000
;WIDTH:0.10848
G1 F15000
G1 X101.715 Y138.363 E.0011
;WIDTH:0.1491
G1 X101.551 Y138.233 E.00178
;WIDTH:0.189721
G1 X101.387 Y138.102 E.00246
;WIDTH:0.230342
G1 F13338.909
G1 X101.223 Y137.971 E.00314
;WIDTH:0.250652
G1 F12034.734
G1 X101.059 Y137.841 E.00348
SET_VELOCITY_LIMIT ACCEL=8000 ACCEL_TO_DECEL=4000
G1 X99.013 Y136.698 F24000
SET_VELOCITY_LIMIT ACCEL=6000 ACCEL_TO_DECEL=3000
;WIDTH:0.109706
G1 F15000
G1 X98.828 Y136.551 E.00126
;WIDTH:0.131244
G1 X98.644 Y136.404 E.00166
SET_VELOCITY_LIMIT ACCEL=8000 ACCEL_TO_DECEL=4000
G1 X97.579 Y135.8 F24000
SET_VELOCITY_LIMIT ACCEL=6000 ACCEL_TO_DECEL=3000
;WIDTH:0.109377
G1 F15000
G1 X97.404 Y135.66 E.00119
;WIDTH:0.151794
G1 X97.228 Y135.52 E.00195
;WIDTH:0.19421
G1 X97.052 Y135.38 E.00271
;WIDTH:0.236626
G1 F12906.16
G1 X96.876 Y135.24 E.00347
;WIDTH:0.279043
G1 F10587.734
G1 X96.701 Y135.1 E.00424
;WIDTH:0.300251
G1 F9715.134
G1 X96.525 Y134.96 E.00462
SET_VELOCITY_LIMIT ACCEL=8000 ACCEL_TO_DECEL=4000
G1 X96.995 Y108.226 F24000
SET_VELOCITY_LIMIT ACCEL=6000 ACCEL_TO_DECEL=3000
;WIDTH:0.292392
G1 F10021.159
G1 X96.774 Y108.036 E.00581
;WIDTH:0.252818
G1 F11910.565
G1 X96.552 Y107.846 E.00489
;WIDTH:0.213244
G1 F14677.974
G1 X96.331 Y107.656 E.00397
;WIDTH:0.175663
G1 F15000
G1 X96.109 Y107.466 E.00309
G1 X95.889 Y107.376 E.00253
SET_VELOCITY_LIMIT ACCEL=8000 ACCEL_TO_DECEL=4000
G1 X100.99 Y111.15 F24000
SET_VELOCITY_LIMIT ACCEL=6000 ACCEL_TO_DECEL=3000
;WIDTH:0.289778
G1 F10127.278
G1 X100.744 Y110.939 E.00638
;WIDTH:0.244976
G1 F12372.804
G1 X100.498 Y110.729 E.00522
;WIDTH:0.200174
G1 F15000
G1 X100.253 Y110.518 E.00406
;WIDTH:0.155372
G1 X100.007 Y110.307 E.00291
;WIDTH:0.132971
G1 X99.761 Y110.097 E.00233
SET_VELOCITY_LIMIT ACCEL=8000 ACCEL_TO_DECEL=4000
G1 X104.984 Y114.074 F24000
SET_VELOCITY_LIMIT ACCEL=6000 ACCEL_TO_DECEL=3000
;WIDTH:0.289778
G1 F10127.278
G1 X104.738 Y113.863 E.00638
;WIDTH:0.244976
G1 F12372.804
G1 X104.492 Y113.652 E.00522
;WIDTH:0.200174
G1 F15000
G1 X104.247 Y113.442 E.00406
;WIDTH:0.155372
G1 X104.001 Y113.231 E.00291
;WIDTH:0.132971
G1 X103.755 Y113.021 E.00233
SET_VELOCITY_LIMIT ACCEL=8000 ACCEL_TO_DECEL=4000
G1 X108.978 Y116.998 F24000
SET_VELOCITY_LIMIT ACCEL=6000 ACCEL_TO_DECEL=3000
;WIDTH:0.287254
G1 F10231.902
G1 X108.706 Y116.764 E.007
;WIDTH:0.237401
G1 F12854.752
G1 X108.433 Y116.531 E.00557
;WIDTH:0.187548
G1 F15000
G1 X108.161 Y116.297 E.00414
;WIDTH:0.137694
G1 X107.889 Y116.064 E.00271
;WIDTH:0.11277
G1 X107.75 Y115.945 E.00102
SET_VELOCITY_LIMIT ACCEL=8000 ACCEL_TO_DECEL=4000
G1 X112.972 Y119.922 F24000
SET_VELOCITY_LIMIT ACCEL=6000 ACCEL_TO_DECEL=3000
;WIDTH:0.289207
G1 F10150.795
G1 X112.719 Y119.705 E.00655
;WIDTH:0.243258
G1 F12478.945
G1 X112.466 Y119.488 E.00533
;WIDTH:0.197309
G1 F15000
G1 X112.213 Y119.271 E.00411
;WIDTH:0.15136
G1 X111.96 Y119.054 E.00289
;WIDTH:0.128384
G1 X111.744 Y118.869 E.00194
SET_VELOCITY_LIMIT ACCEL=8000 ACCEL_TO_DECEL=4000
G1 X116.967 Y122.846 F24000
SET_VELOCITY_LIMIT ACCEL=6000 ACCEL_TO_DECEL=3000
;WIDTH:0.28978
G1 F10127.225
G1 X116.721 Y122.635 E.00638
;WIDTH:0.244977
G1 F12372.745
G1 X116.475 Y122.424 E.00522
;WIDTH:0.200175
G1 F15000
G1 X116.229 Y122.214 E.00406
;WIDTH:0.155373
G1 X115.984 Y122.003 E.00291
;WIDTH:0.132972
G1 X115.738 Y121.793 E.00233
SET_VELOCITY_LIMIT ACCEL=8000 ACCEL_TO_DECEL=4000
G1 X120.961 Y125.77 F24000
SET_VELOCITY_LIMIT ACCEL=6000 ACCEL_TO_DECEL=3000
;WIDTH:0.28978
G1 F10127.225
G1 X120.715 Y125.559 E.00638
;WIDTH:0.244977
G1 F12372.745
G1 X120.469 Y125.348 E.00522
;WIDTH:0.200175
G1 F15000
G1 X120.224 Y125.138 E.00406
;WIDTH:0.155373
G1 X119.978 Y124.927 E.00291
;WIDTH:0.132972
G1 X119.732 Y124.717 E.00233
SET_VELOCITY_LIMIT ACCEL=8000 ACCEL_TO_DECEL=4000
G1 X124.955 Y128.694 F24000
SET_VELOCITY_LIMIT ACCEL=6000 ACCEL_TO_DECEL=3000
;WIDTH:0.291213
G1 F10068.78
G1 X124.722 Y128.494 E.00609
;WIDTH:0.249276
G1 F12114.994
G1 X124.489 Y128.294 E.00506
;WIDTH:0.20734
G1 F15000
G1 X124.256 Y128.094 E.00403
;WIDTH:0.165403
G1 X124.022 Y127.894 E.003
;WIDTH:0.130369
G1 X123.874 Y127.767 E.00136
;WIDTH:0.116303
G1 X123.727 Y127.641 E.00114
SET_VELOCITY_LIMIT ACCEL=8000 ACCEL_TO_DECEL=4000
G1 X128.949 Y131.618 F24000
SET_VELOCITY_LIMIT ACCEL=6000 ACCEL_TO_DECEL=3000
;WIDTH:0.28978
G1 F10127.225
G1 X128.704 Y131.407 E.00638
;WIDTH:0.244977
G1 F12372.745
G1 X128.458 Y131.196 E.00522
;WIDTH:0.200175
G1 F15000
G1 X128.212 Y130.986 E.00406
;WIDTH:0.155373
G1 X127.967 Y130.775 E.00291
;WIDTH:0.132972
G1 X127.721 Y130.565 E.00233
SET_VELOCITY_LIMIT ACCEL=8000 ACCEL_TO_DECEL=4000
G1 X132.944 Y134.542 F24000
SET_VELOCITY_LIMIT ACCEL=6000 ACCEL_TO_DECEL=3000
;WIDTH:0.28978
G1 F10127.225
G1 X132.698 Y134.331 E.00638
;WIDTH:0.244977
G1 F12372.745
G1 X132.452 Y134.12 E.00522
;WIDTH:0.200175
G1 F15000
G1 X132.206 Y133.91 E.00406
;WIDTH:0.155373
G1 X131.961 Y133.699 E.00291
;WIDTH:0.132972
G1 X131.715 Y133.489 E.00233
G1 E-.8 F2400
;WIPE_START
G1 F15000
G1 X131.961 Y133.699
;WIPE_END
SET_VELOCITY_LIMIT ACCEL=8000 ACCEL_TO_DECEL=4000
G1 X138.215 Y129.324 Z1 F24000
G1 X164.551 Y110.903 Z1
G1 Z.6
G1 E.8 F2400
SET_VELOCITY_LIMIT ACCEL=6000 ACCEL_TO_DECEL=3000
;TYPE:Internal solid infill
;WIDTH:0.567971
G1 F4761.444
G1 X165.369 Y111.775 E.05013
;WIDTH:0.526849
G1 F5166.053
G1 X166.187 Y112.648 E.0462
;WIDTH:0.485726
G1 F5645.813
G1 X167.005 Y113.52 E.04228
;WIDTH:0.444604
G1 F6223.803
G1 X167.823 Y114.392 E.03835
;WIDTH:0.424043
G1 F6559.573
G1 X168.641 Y115.265 E.03639
G1 E-.8 F2400
;WIPE_START
G1 F6559.573
G1 X167.823 Y114.392
;WIPE_END
SET_VELOCITY_LIMIT ACCEL=8000 ACCEL_TO_DECEL=4000
G1 X160.464 Y116.415 Z1 F24000
G1 X90.951 Y135.518 Z1
G1 Z.6
G1 E.8 F2400
SET_VELOCITY_LIMIT ACCEL=4000 ACCEL_TO_DECEL=2000 SQUARE_CORNER_VELOCITY=6
;TYPE:Outer wall
;WIDTH:0.42
G1 F3960
G1 X90.933 Y134.768 E.02258
G1 X90.286 Y106.696 E.8452
G1 X90.269 Y105.946 E.02258
G1 F2220
G1 X90.349 Y105.944 E.00241
G1 X90.966 Y132.721 E.80621
G1 X91.031 Y135.516 E.08415
G1 X91.011 Y135.517 E.0006
;TIME_ELAPSED:173.520401

M106 S227
;LAYER_CHANGE
;:0.8
;HEIGHT:0.2
;BEFORE_LAYER_CHANGE
;0.8
G92 E0

G1 E-.8 F2400
;WIPE_START
G1 F2220
G1 X90.96 Y133.517
;WIPE_END
EXCLUDE_OBJECT_END NAME=arm.stl_id_0_copy_0
;_SET_FAN_SPEED_CHANGING_LAYER
; OBJECT_ID: 15
EXCLUDE_OBJECT_START NAME=arm.stl_id_0_copy_0
SET_VELOCITY_LIMIT ACCEL=8000 ACCEL_TO_DECEL=4000 SQUARE_CORNER_VELOCITY=8
G1 X98.372 Y131.693 Z1 F24000
G1 X142.769 Y120.763 Z1
G1 Z.8
G1 E.8 F2400
SET_VELOCITY_LIMIT ACCEL=4000 ACCEL_TO_DECEL=2000 SQUARE_CORNER_VELOCITY=6
;TYPE:Inner wall
;WIDTH:0.45
G1 F5168
G1 X142.919 Y120.632 E.00649
G1 X144.329 Y120.718 E.04592
G1 X143.088 Y121.808 E.05369
G1 X142.431 Y121.061 E.03236
G1 X142.724 Y120.803 E.01267
SET_VELOCITY_LIMIT ACCEL=8000 ACCEL_TO_DECEL=4000 SQUARE_CORNER_VELOCITY=8
G1 X141.877 Y121.025 F24000
SET_VELOCITY_LIMIT ACCEL=4000 ACCEL_TO_DECEL=2000 SQUARE_CORNER_VELOCITY=6
;TYPE:Outer wall
;WIDTH:0.42
G1 F5168
G1 X142.781 Y120.23 E.03624
G1 X144.906 Y120.36 E.06408
G1 X161.328 Y105.922 E.65818
M106 S255
G1 F2220
G1 X161.513 Y106.132 E.00842
G1 X143.053 Y122.362 E.73987
M106 S227
G1 X141.917 Y121.07 E.05178
G1 E-.8 F2400
;WIPE_START
G1 F2220
G1 X142.781 Y120.23
G1 X143.575 Y120.279
;WIPE_END
SET_VELOCITY_LIMIT ACCEL=8000 ACCEL_TO_DECEL=4000 SQUARE_CORNER_VELOCITY=8
G1 X140.142 Y127.095 Z1.2 F24000
G1 X135.954 Y135.409 Z1.2
G1 Z.8
G1 E.8 F2400
SET_VELOCITY_LIMIT ACCEL=4000 ACCEL_TO_DECEL=2000 SQUARE_CORNER_VELOCITY=6
;TYPE:Inner wall
;WIDTH:0.45
G1 F5168
G1 X164.594 Y110.23 E1.23917
G1 X169.081 Y115.334 E.22083
G1 X125.56 Y153.597 E1.88305
G1 X96.329 Y135.28 E1.12093
G1 X95.673 Y106.827 E.92482
G1 X95.874 Y106.973 E.00807
G1 X135.393 Y135.903 E1.59149
G1 X135.909 Y135.449 E.02233
SET_VELOCITY_LIMIT ACCEL=8000 ACCEL_TO_DECEL=4000 SQUARE_CORNER_VELOCITY=8
G1 X135.37 Y135.4 F24000
SET_VELOCITY_LIMIT ACCEL=4000 ACCEL_TO_DECEL=2000 SQUARE_CORNER_VELOCITY=6
;TYPE:Outer wall
;WIDTH:0.42
M73 P7 R35
G1 F5168
G1 X164.629 Y109.677 E1.17266
G1 X169.634 Y115.37 E.22816
G1 X125.599 Y154.084 E1.76488
G1 X95.942 Y135.5 E1.05347
G1 X95.262 Y106.045 E.88684
G1 X96.105 Y106.656 E.03132
G1 X135.322 Y135.365 E1.46294
G1 E-.8 F2400
;WIPE_START
G1 F6629.9
G1 X136.826 Y134.047
;WIPE_END
SET_VELOCITY_LIMIT ACCEL=8000 ACCEL_TO_DECEL=4000 SQUARE_CORNER_VELOCITY=8
G1 X142.741 Y129.223 Z1.2 F24000
G1 X153.477 Y120.468 Z1.2
G1 Z.8
G1 E.8 F2400
SET_VELOCITY_LIMIT ACCEL=6000 ACCEL_TO_DECEL=3000
;TYPE:Sparse infill
;WIDTH:0.45
G1 F5168
G1 X152.254 Y121.543 E.05291
G1 X156.576 Y125.865 E.19861
G1 X152.491 Y129.456 E.17674
G1 X148.169 Y125.134 E.19861
G1 X144.084 Y128.725 E.17674
G1 X148.406 Y133.047 E.19861
G1 X144.321 Y136.638 E.17674
G1 X140 Y132.317 E.19861
G1 X138.777 Y133.392 E.05291
SET_VELOCITY_LIMIT ACCEL=8000 ACCEL_TO_DECEL=4000
G1 X164.745 Y118.682 F24000
SET_VELOCITY_LIMIT ACCEL=6000 ACCEL_TO_DECEL=3000
G1 F5168
G1 X160.423 Y114.361 E.19861
G1 X156.339 Y117.952 E.17674
G1 X160.66 Y122.274 E.19861
G1 X161.253 Y121.753 E.02564
G1 X168.175 Y114.831 E.31808
G1 X164.584 Y110.746 E.17674
G1 X123.46 Y151.87 E1.88983
G1 X125.525 Y153.164 E.07918
G1 X127.982 Y151.003 E.10633
G1 X96.309 Y119.33 E1.45552
G1 X96.271 Y117.651 E.05457
G1 X102.019 Y111.903 E.26416
G1 X97.587 Y108.659 E.17847
G1 X96.098 Y110.148 E.06845
G1 X96.128 Y111.473 E.04306
G1 X132.067 Y147.412 E1.65156
G1 X136.152 Y143.821 E.17674
G1 X110.286 Y117.955 E1.18866
G1 X106.451 Y115.147 E.15445
G1 X96.444 Y125.154 E.45987
G1 X96.49 Y127.187 E.06608
G1 X117.335 Y148.032 E.95791
G1 X118.741 Y148.913 E.0539
G1 X133.041 Y134.613 E.65716
G1 X135.413 Y136.349 E.09552
G1 X135.915 Y135.908 E.02172
G1 X140.237 Y140.229 E.19861
G1 X141.459 Y139.154 E.05291
G1 E-.8 F2400
;WIPE_START
G1 F6141.304
M73 P8 R35
G1 X140.237 Y140.229
G1 X139.974 Y139.967
;WIPE_END
SET_VELOCITY_LIMIT ACCEL=8000 ACCEL_TO_DECEL=4000
G1 X133.843 Y135.42 Z1.2 F24000
G1 X110.882 Y118.391 Z1.2
G1 Z.8
G1 E.8 F2400
SET_VELOCITY_LIMIT ACCEL=6000 ACCEL_TO_DECEL=3000
G1 F5168
G1 X96.617 Y132.657 E.65558
G1 X96.673 Y135.084 E.07889
G1 X99.865 Y137.085 E.12242
G1 X115.314 Y121.636 E.70996
G1 X119.746 Y124.88 E.17847
G1 X104.584 Y140.042 E.69676
G1 X109.303 Y142.999 E.18096
G1 X124.178 Y128.124 E.68356
G1 X128.609 Y131.368 E.17847
G1 X114.022 Y145.956 E.67036
G1 X112.642 Y145.091 E.05291
G1 E-.8 F2400
SET_VELOCITY_LIMIT ACCEL=8000 ACCEL_TO_DECEL=4000
G1 X105.659 Y142.01 Z1.2 F24000
G1 X90.951 Y135.518 Z1.2
G1 Z.8
G1 E.8 F2400
SET_VELOCITY_LIMIT ACCEL=4000 ACCEL_TO_DECEL=2000 SQUARE_CORNER_VELOCITY=6
;TYPE:Outer wall
;WIDTH:0.42
G1 F5168
G1 X90.269 Y105.946 E.89036
M106 S255
G1 F2220
G1 X90.549 Y105.94 E.00843
G1 X91.138 Y131.514 E.76998
G1 X91.231 Y135.512 E.12037
M106 S227
G1 X91.011 Y135.517 E.00662
;TIME_ELAPSED:189.845505

;LAYER_CHANGE
;:1
;HEIGHT:0.2
;BEFORE_LAYER_CHANGE
;1
G92 E0

G1 E-.8 F2400
;WIPE_START
G1 F2220
G1 X90.96 Y133.517
;WIPE_END
EXCLUDE_OBJECT_END NAME=arm.stl_id_0_copy_0
;_SET_FAN_SPEED_CHANGING_LAYER
; OBJECT_ID: 15
EXCLUDE_OBJECT_START NAME=arm.stl_id_0_copy_0
SET_VELOCITY_LIMIT ACCEL=8000 ACCEL_TO_DECEL=4000 SQUARE_CORNER_VELOCITY=8
G1 X98.372 Y131.693 Z1.2 F24000
G1 X142.769 Y120.763 Z1.2
G1 Z1
G1 E.8 F2400
SET_VELOCITY_LIMIT ACCEL=4000 ACCEL_TO_DECEL=2000 SQUARE_CORNER_VELOCITY=6
;TYPE:Inner wall
;WIDTH:0.45
G1 F5454
G1 X142.919 Y120.632 E.00649
G1 X144.612 Y120.735 E.05514
G1 X143.22 Y121.959 E.06023
G1 X142.431 Y121.061 E.03886
G1 X142.724 Y120.803 E.01267
SET_VELOCITY_LIMIT ACCEL=8000 ACCEL_TO_DECEL=4000 SQUARE_CORNER_VELOCITY=8
G1 X141.877 Y121.025 F24000
SET_VELOCITY_LIMIT ACCEL=4000 ACCEL_TO_DECEL=2000 SQUARE_CORNER_VELOCITY=6
;TYPE:Outer wall
;WIDTH:0.42
G1 F5454
G1 X142.781 Y120.23 E.03624
G1 X144.906 Y120.36 E.06408
G1 X161.328 Y105.922 E.65818
G1 X161.346 Y105.942 E.00081
M106 S255
G1 F2220
G1 X161.645 Y106.282 E.01363
G1 X143.185 Y122.512 E.73987
M106 S227
G1 X141.917 Y121.07 E.0578
SET_VELOCITY_LIMIT ACCEL=8000 ACCEL_TO_DECEL=4000 SQUARE_CORNER_VELOCITY=8
G1 X142.956 Y121.094 F24000
SET_VELOCITY_LIMIT ACCEL=6000 ACCEL_TO_DECEL=3000
;TYPE:Internal solid infill
;WIDTH:0.380463
G1 F5454
G1 X143.254 Y121.433 E.01216
G1 X143.688 Y121.051 E.01558
G1 X143.049 Y121.013 E.01725
G1 X143.001 Y121.055 E.00172
SET_VELOCITY_LIMIT ACCEL=8000 ACCEL_TO_DECEL=4000
G1 X145.037 Y120.564 F24000
SET_VELOCITY_LIMIT ACCEL=6000 ACCEL_TO_DECEL=3000
;TYPE:Gap infill
;WIDTH:0.130844
G1 F5454
G1 X161.339 Y106.232 E.15235
G1 E-.8 F2400
;WIPE_START
G1 F15000
G1 X159.837 Y107.552
;WIPE_END
SET_VELOCITY_LIMIT ACCEL=8000 ACCEL_TO_DECEL=4000
G1 X154.869 Y113.347 Z1.4 F24000
G1 X135.954 Y135.409 Z1.4
G1 Z1
G1 E.8 F2400
SET_VELOCITY_LIMIT ACCEL=4000 ACCEL_TO_DECEL=2000 SQUARE_CORNER_VELOCITY=6
;TYPE:Inner wall
;WIDTH:0.45
G1 F5454
G1 X164.594 Y110.23 E1.23917
G1 X169.081 Y115.334 E.22083
G1 X125.56 Y153.597 E1.88305
G1 X96.329 Y135.28 E1.12093
G1 X95.673 Y106.828 E.92478
G1 X96.209 Y107.218 E.02156
G1 X135.393 Y135.903 E1.57798
G1 X135.909 Y135.449 E.02233
SET_VELOCITY_LIMIT ACCEL=8000 ACCEL_TO_DECEL=4000 SQUARE_CORNER_VELOCITY=8
G1 X135.37 Y135.4 F24000
SET_VELOCITY_LIMIT ACCEL=4000 ACCEL_TO_DECEL=2000 SQUARE_CORNER_VELOCITY=6
;TYPE:Outer wall
;WIDTH:0.42
G1 F5454
G1 X164.629 Y109.677 E1.17266
G1 X169.634 Y115.37 E.22816
G1 X125.599 Y154.084 E1.76488
G1 X95.942 Y135.5 E1.05347
G1 X95.263 Y106.045 E.88683
G1 X96.44 Y106.902 E.04384
G1 X135.322 Y135.365 E1.45042
G1 E-.8 F2400
;WIPE_START
G1 F6629.9
G1 X136.826 Y134.047
;WIPE_END
SET_VELOCITY_LIMIT ACCEL=8000 ACCEL_TO_DECEL=4000 SQUARE_CORNER_VELOCITY=8
G1 X138.777 Y133.392 Z1.4 F24000
G1 Z1
G1 E.8 F2400
SET_VELOCITY_LIMIT ACCEL=6000 ACCEL_TO_DECEL=3000
;TYPE:Sparse infill
;WIDTH:0.45
G1 F5454
G1 X140 Y132.317 E.05291
G1 X144.321 Y136.638 E.19861
G1 X148.406 Y133.047 E.17674
G1 X144.084 Y128.725 E.19861
G1 X148.169 Y125.134 E.17674
G1 X152.491 Y129.456 E.19861
G1 X156.576 Y125.865 E.17674
G1 X152.254 Y121.543 E.19861
G1 X153.477 Y120.468 E.05291
SET_VELOCITY_LIMIT ACCEL=8000 ACCEL_TO_DECEL=4000
G1 X141.459 Y139.154 F24000
SET_VELOCITY_LIMIT ACCEL=6000 ACCEL_TO_DECEL=3000
G1 F5454
G1 X140.237 Y140.229 E.05291
G1 X135.915 Y135.908 E.19861
G1 X135.413 Y136.349 E.02172
G1 X133.041 Y134.613 E.09552
G1 X118.741 Y148.913 E.65716
G1 X117.335 Y148.032 E.0539
G1 X96.49 Y127.187 E.95791
G1 X96.444 Y125.154 E.06608
G1 X106.451 Y115.147 E.45987
G1 X110.286 Y117.955 E.15445
G1 X136.152 Y143.821 E1.18866
G1 X132.067 Y147.412 E.17674
G1 X96.128 Y111.473 E1.65156
G1 X96.098 Y110.148 E.04306
G1 X97.587 Y108.659 E.06845
G1 X102.019 Y111.903 E.17847
G1 X96.271 Y117.651 E.26416
G1 X96.309 Y119.33 E.05457
G1 X127.982 Y151.003 E1.45552
G1 X125.525 Y153.164 E.10633
G1 X123.46 Y151.87 E.07918
G1 X164.584 Y110.746 E1.88983
G1 X168.175 Y114.831 E.17674
G1 X161.253 Y121.753 E.31808
G1 X160.66 Y122.274 E.02564
G1 X156.339 Y117.952 E.19861
G1 X160.423 Y114.361 E.17674
G1 X164.745 Y118.682 E.19861
G1 E-.8 F2400
;WIPE_START
G1 F6141.304
G1 X163.331 Y117.268
;WIPE_END
SET_VELOCITY_LIMIT ACCEL=8000 ACCEL_TO_DECEL=4000
G1 X156.64 Y120.941 Z1.4 F24000
G1 X112.642 Y145.091 Z1.4
G1 Z1
G1 E.8 F2400
SET_VELOCITY_LIMIT ACCEL=6000 ACCEL_TO_DECEL=3000
G1 F5454
G1 X114.022 Y145.956 E.05291
G1 X128.609 Y131.368 E.67036
G1 X124.178 Y128.124 E.17847
G1 X109.303 Y142.999 E.68356
G1 X104.584 Y140.042 E.18096
G1 X119.746 Y124.88 E.69676
G1 X115.314 Y121.636 E.17847
G1 X99.865 Y137.085 E.70996
G1 X96.673 Y135.084 E.12242
G1 X96.617 Y132.657 E.07889
G1 X110.882 Y118.391 E.65558
G1 E-.8 F2400
SET_VELOCITY_LIMIT ACCEL=8000 ACCEL_TO_DECEL=4000
G1 X105.093 Y123.366 Z1.4 F24000
G1 X90.951 Y135.518 Z1.4
G1 Z1
G1 E.8 F2400
SET_VELOCITY_LIMIT ACCEL=4000 ACCEL_TO_DECEL=2000 SQUARE_CORNER_VELOCITY=6
;TYPE:Outer wall
;WIDTH:0.42
G1 F5454
G1 X90.269 Y105.946 E.89036
M106 S255
G1 F2220
G1 X90.749 Y105.935 E.01445
G1 X91.311 Y130.308 E.73383
G1 X91.431 Y135.507 E.15653
M106 S227
G1 X91.011 Y135.517 E.01265
SET_VELOCITY_LIMIT ACCEL=8000 ACCEL_TO_DECEL=4000 SQUARE_CORNER_VELOCITY=8
G1 X91.186 Y135.317 F24000
SET_VELOCITY_LIMIT ACCEL=6000 ACCEL_TO_DECEL=3000
;TYPE:Gap infill
;WIDTH:0.130842
G1 F5454
G1 X90.513 Y106.136 E.20485
;TIME_ELAPSED:206.906418

;LAYER_CHANGE
;:1.2
;HEIGHT:0.2
;BEFORE_LAYER_CHANGE
;1.2
G92 E0

G1 E-.8 F2400
;WIPE_START
G1 F15000
G1 X90.559 Y108.136
;WIPE_END
EXCLUDE_OBJECT_END NAME=arm.stl_id_0_copy_0
;_SET_FAN_SPEED_CHANGING_LAYER
; OBJECT_ID: 15
EXCLUDE_OBJECT_START NAME=arm.stl_id_0_copy_0
SET_VELOCITY_LIMIT ACCEL=8000 ACCEL_TO_DECEL=4000
G1 X97.978 Y109.93 Z1.4 F24000
G1 X142.769 Y120.763 Z1.4
G1 Z1.2
G1 E.8 F2400
SET_VELOCITY_LIMIT ACCEL=4000 ACCEL_TO_DECEL=2000 SQUARE_CORNER_VELOCITY=6
;TYPE:Inner wall
;WIDTH:0.45
G1 F5444
G1 X142.919 Y120.632 E.00649
G1 X144.896 Y120.752 E.06436
G1 X143.352 Y122.109 E.06677
G1 X142.431 Y121.061 E.04536
G1 X142.724 Y120.803 E.01267
SET_VELOCITY_LIMIT ACCEL=8000 ACCEL_TO_DECEL=4000 SQUARE_CORNER_VELOCITY=8
G1 X141.877 Y121.025 F24000
SET_VELOCITY_LIMIT ACCEL=4000 ACCEL_TO_DECEL=2000 SQUARE_CORNER_VELOCITY=6
;TYPE:Outer wall
;WIDTH:0.42
G1 F5444
G1 X142.781 Y120.23 E.03624
G1 X144.906 Y120.36 E.06408
G1 X161.328 Y105.922 E.65818
G1 X161.381 Y105.982 E.00241
M106 S255
G1 F2220
G1 X161.777 Y106.433 E.01807
G1 X143.317 Y122.662 E.73985
M106 S227
G1 X142.769 Y122.039 E.02497
G1 F5444
G1 X142.333 Y121.543 E.01988
G1 X141.917 Y121.07 E.01896
SET_VELOCITY_LIMIT ACCEL=8000 ACCEL_TO_DECEL=4000 SQUARE_CORNER_VELOCITY=8
G1 X142.998 Y121.097 F24000
SET_VELOCITY_LIMIT ACCEL=6000 ACCEL_TO_DECEL=3000
;TYPE:Internal solid infill
;WIDTH:0.439238
G1 F5444
G1 X143.389 Y121.542 E.01874
G1 X143.899 Y121.094 E.02148
G1 X143.06 Y121.043 E.02659
G1 X143.043 Y121.057 E.00071
SET_VELOCITY_LIMIT ACCEL=8000 ACCEL_TO_DECEL=4000
G1 X145.178 Y120.573 F24000
SET_VELOCITY_LIMIT ACCEL=6000 ACCEL_TO_DECEL=3000
;TYPE:Gap infill
;WIDTH:0.330844
G1 F5444
G1 X161.405 Y106.307 E.49659
G1 E-.8 F2400
;WIPE_START
G1 F8682.86
G1 X159.903 Y107.627
;WIPE_END
SET_VELOCITY_LIMIT ACCEL=8000 ACCEL_TO_DECEL=4000
G1 X154.92 Y113.408 Z1.6 F24000
G1 X135.954 Y135.409 Z1.6
G1 Z1.2
G1 E.8 F2400
SET_VELOCITY_LIMIT ACCEL=4000 ACCEL_TO_DECEL=2000 SQUARE_CORNER_VELOCITY=6
;TYPE:Inner wall
;WIDTH:0.45
G1 F5444
G1 X164.594 Y110.23 E1.23917
G1 X169.081 Y115.334 E.22083
G1 X125.56 Y153.597 E1.88305
G1 X96.329 Y135.28 E1.12093
G1 X95.673 Y106.829 E.92475
M73 P9 R35
G1 X96.545 Y107.464 E.03506
G1 X135.393 Y135.903 E1.56445
G1 X135.909 Y135.449 E.02233
SET_VELOCITY_LIMIT ACCEL=8000 ACCEL_TO_DECEL=4000 SQUARE_CORNER_VELOCITY=8
G1 X135.37 Y135.4 F24000
SET_VELOCITY_LIMIT ACCEL=4000 ACCEL_TO_DECEL=2000 SQUARE_CORNER_VELOCITY=6
;TYPE:Outer wall
;WIDTH:0.42
G1 F5444
G1 X164.629 Y109.677 E1.17266
G1 X169.634 Y115.37 E.22816
G1 X125.599 Y154.084 E1.76488
G1 X95.942 Y135.5 E1.05347
G1 X95.263 Y106.046 E.88682
G1 X96.776 Y107.148 E.05636
G1 X135.322 Y135.365 E1.43789
G1 E-.8 F2400
;WIPE_START
G1 F6629.9
G1 X136.826 Y134.047
;WIPE_END
SET_VELOCITY_LIMIT ACCEL=8000 ACCEL_TO_DECEL=4000 SQUARE_CORNER_VELOCITY=8
G1 X142.741 Y129.223 Z1.6 F24000
G1 X153.477 Y120.468 Z1.6
G1 Z1.2
G1 E.8 F2400
SET_VELOCITY_LIMIT ACCEL=6000 ACCEL_TO_DECEL=3000
;TYPE:Sparse infill
;WIDTH:0.45
G1 F5444
G1 X152.254 Y121.543 E.05291
G1 X156.576 Y125.865 E.19861
G1 X152.491 Y129.456 E.17674
G1 X148.169 Y125.134 E.19861
G1 X144.084 Y128.725 E.17674
G1 X148.406 Y133.047 E.19861
G1 X144.321 Y136.638 E.17674
G1 X140 Y132.317 E.19861
G1 X138.777 Y133.392 E.05291
SET_VELOCITY_LIMIT ACCEL=8000 ACCEL_TO_DECEL=4000
G1 X164.745 Y118.682 F24000
SET_VELOCITY_LIMIT ACCEL=6000 ACCEL_TO_DECEL=3000
G1 F5444
G1 X160.423 Y114.361 E.19861
G1 X156.339 Y117.952 E.17674
G1 X160.66 Y122.274 E.19861
G1 X161.253 Y121.753 E.02564
G1 X168.175 Y114.831 E.31808
G1 X164.584 Y110.746 E.17674
G1 X123.46 Y151.87 E1.88983
G1 X125.525 Y153.164 E.07918
G1 X127.982 Y151.003 E.10633
G1 X96.309 Y119.33 E1.45552
G1 X96.271 Y117.651 E.05457
G1 X102.019 Y111.903 E.26416
G1 X97.587 Y108.659 E.17847
G1 X96.098 Y110.148 E.06845
G1 X96.128 Y111.473 E.04306
G1 X132.067 Y147.412 E1.65156
G1 X136.152 Y143.821 E.17674
G1 X110.286 Y117.955 E1.18866
G1 X106.451 Y115.147 E.15445
G1 X96.444 Y125.154 E.45987
G1 X96.49 Y127.187 E.06608
G1 X117.335 Y148.032 E.95791
G1 X118.741 Y148.913 E.0539
G1 X133.041 Y134.613 E.65716
G1 X135.413 Y136.349 E.09552
G1 X135.915 Y135.908 E.02172
G1 X140.237 Y140.229 E.19861
G1 X141.459 Y139.154 E.05291
G1 E-.8 F2400
;WIPE_START
G1 F6141.304
G1 X140.237 Y140.229
G1 X139.974 Y139.967
;WIPE_END
SET_VELOCITY_LIMIT ACCEL=8000 ACCEL_TO_DECEL=4000
G1 X133.843 Y135.42 Z1.6 F24000
G1 X110.882 Y118.391 Z1.6
G1 Z1.2
G1 E.8 F2400
SET_VELOCITY_LIMIT ACCEL=6000 ACCEL_TO_DECEL=3000
G1 F5444
G1 X96.617 Y132.657 E.65558
G1 X96.673 Y135.084 E.07889
G1 X99.865 Y137.085 E.12242
G1 X115.314 Y121.636 E.70996
G1 X119.746 Y124.88 E.17847
G1 X104.584 Y140.042 E.69676
G1 X109.303 Y142.999 E.18096
G1 X124.178 Y128.124 E.68356
G1 X128.609 Y131.368 E.17847
G1 X114.022 Y145.956 E.67036
G1 X112.642 Y145.091 E.05291
G1 E-.8 F2400
SET_VELOCITY_LIMIT ACCEL=8000 ACCEL_TO_DECEL=4000
G1 X105.659 Y142.01 Z1.6 F24000
G1 X90.951 Y135.518 Z1.6
G1 Z1.2
G1 E.8 F2400
SET_VELOCITY_LIMIT ACCEL=4000 ACCEL_TO_DECEL=2000 SQUARE_CORNER_VELOCITY=6
;TYPE:Outer wall
;WIDTH:0.42
G1 F5444
G1 X90.269 Y105.946 E.89036
M106 S255
G1 F2220
G1 X90.949 Y105.93 E.02047
G1 X91.483 Y129.101 E.69764
G1 X91.63 Y135.502 E.19272
M106 S227
G1 X91.011 Y135.517 E.01864
SET_VELOCITY_LIMIT ACCEL=8000 ACCEL_TO_DECEL=4000 SQUARE_CORNER_VELOCITY=8
G1 X91.286 Y135.314 F24000
SET_VELOCITY_LIMIT ACCEL=6000 ACCEL_TO_DECEL=3000
;TYPE:Gap infill
;WIDTH:0.330842
G1 F5444
G1 X90.613 Y106.134 E.67083
;TIME_ELAPSED:223.451599

;LAYER_CHANGE
;:1.4
;HEIGHT:0.2
;BEFORE_LAYER_CHANGE
;1.4
G92 E0

G1 E-.8 F2400
;WIPE_START
G1 F8682.927
G1 X90.659 Y108.134
;WIPE_END
EXCLUDE_OBJECT_END NAME=arm.stl_id_0_copy_0
;_SET_FAN_SPEED_CHANGING_LAYER
; OBJECT_ID: 15
EXCLUDE_OBJECT_START NAME=arm.stl_id_0_copy_0
SET_VELOCITY_LIMIT ACCEL=8000 ACCEL_TO_DECEL=4000
G1 X98.077 Y109.931 Z1.6 F24000
G1 X142.769 Y120.763 Z1.6
G1 Z1.4
G1 E.8 F2400
SET_VELOCITY_LIMIT ACCEL=4000 ACCEL_TO_DECEL=2000 SQUARE_CORNER_VELOCITY=6
;TYPE:Inner wall
;WIDTH:0.45
G1 F5342
G1 X142.919 Y120.632 E.00649
G1 X145.037 Y120.761 E.06897
G1 X143.418 Y122.184 E.07005
G1 X142.431 Y121.061 E.04861
G1 X142.724 Y120.803 E.01267
SET_VELOCITY_LIMIT ACCEL=8000 ACCEL_TO_DECEL=4000 SQUARE_CORNER_VELOCITY=8
G1 X141.877 Y121.025 F24000
SET_VELOCITY_LIMIT ACCEL=4000 ACCEL_TO_DECEL=2000 SQUARE_CORNER_VELOCITY=6
;TYPE:Outer wall
;WIDTH:0.42
G1 F5342
G1 X142.781 Y120.23 E.03624
G1 X144.906 Y120.36 E.06408
G1 X161.328 Y105.922 E.65818
G1 X161.415 Y106.021 E.00397
M106 S255
G1 F2220
G1 X161.909 Y106.583 E.02252
G1 X155.465 Y112.248 E.25826
M106 S227
G1 X155.399 Y112.173 E.00301
G1 F5160
G1 X154.851 Y112.655 E.02197
G1 X143.931 Y122.255 E.43765
G1 X143.383 Y122.737 E.02197
G1 X142.901 Y122.189 E.02197
G1 F5342
G1 X142.333 Y121.543 E.02589
G1 X141.917 Y121.07 E.01896
SET_VELOCITY_LIMIT ACCEL=8000 ACCEL_TO_DECEL=4000 SQUARE_CORNER_VELOCITY=8
G1 X143.018 Y121.098 F24000
SET_VELOCITY_LIMIT ACCEL=6000 ACCEL_TO_DECEL=3000
;TYPE:Internal solid infill
;WIDTH:0.468625
G1 F5342
G1 X143.456 Y121.596 E.02253
G1 X144.004 Y121.115 E.02478
G1 X143.063 Y121.059 E.03201
SET_VELOCITY_LIMIT ACCEL=8000 ACCEL_TO_DECEL=4000
G1 X145.249 Y120.577 F24000
SET_VELOCITY_LIMIT ACCEL=6000 ACCEL_TO_DECEL=3000
;TYPE:Gap infill
;WIDTH:0.431011
G1 F5342
G1 X155.289 Y111.751 E.41413
G1 X155.349 Y111.72 E.0021
;WIDTH:0.480844
G1 X155.41 Y111.689 E.00237
;WIDTH:0.514178
G1 F5304.954
G1 X155.47 Y111.658 E.00255
;WIDTH:0.530844
G1 F5123.754
G1 X161.471 Y106.382 E.31123
SET_VELOCITY_LIMIT ACCEL=8000 ACCEL_TO_DECEL=4000
G1 X155.47 Y111.658 F24000
SET_VELOCITY_LIMIT ACCEL=6000 ACCEL_TO_DECEL=3000
;WIDTH:0.506851
G1 F5342
G1 X155.476 Y111.707 E.00182
;WIDTH:0.458865
G1 X155.482 Y111.755 E.00163
;WIDTH:0.410878
G1 X155.489 Y111.804 E.00144
;WIDTH:0.362891
G1 X155.495 Y111.853 E.00125
;WIDTH:0.314904
G1 X155.501 Y111.901 E.00106
;WIDTH:0.29091
G1 X155.508 Y111.95 E.00097
G1 E-.8 F2400
;WIPE_START
G1 F10081.051
G1 X155.501 Y111.901
;WIPE_END
SET_VELOCITY_LIMIT ACCEL=8000 ACCEL_TO_DECEL=4000
G1 X150.621 Y117.77 Z1.8 F24000
G1 X135.954 Y135.409 Z1.8
G1 Z1.4
G1 E.8 F2400
SET_VELOCITY_LIMIT ACCEL=4000 ACCEL_TO_DECEL=2000 SQUARE_CORNER_VELOCITY=6
;TYPE:Inner wall
;WIDTH:0.45
G1 F5342
G1 X164.594 Y110.23 E1.23917
G1 X169.081 Y115.334 E.22083
G1 X125.56 Y153.597 E1.88305
G1 X96.329 Y135.28 E1.12093
G1 X95.673 Y106.83 E.92473
G1 X96.881 Y107.71 E.04856
G1 X135.393 Y135.903 E1.55094
G1 X135.909 Y135.449 E.02233
SET_VELOCITY_LIMIT ACCEL=8000 ACCEL_TO_DECEL=4000 SQUARE_CORNER_VELOCITY=8
G1 X135.37 Y135.4 F24000
SET_VELOCITY_LIMIT ACCEL=4000 ACCEL_TO_DECEL=2000 SQUARE_CORNER_VELOCITY=6
;TYPE:Outer wall
;WIDTH:0.42
G1 F5342
G1 X164.629 Y109.677 E1.17266
G1 X169.634 Y115.37 E.22816
G1 X125.599 Y154.084 E1.76488
G1 X95.942 Y135.5 E1.05347
G1 X95.263 Y106.046 E.88681
G1 X97.112 Y107.393 E.06888
G1 X135.322 Y135.365 E1.42537
G1 E-.8 F2400
;WIPE_START
G1 F6629.9
G1 X136.826 Y134.047
;WIPE_END
SET_VELOCITY_LIMIT ACCEL=8000 ACCEL_TO_DECEL=4000 SQUARE_CORNER_VELOCITY=8
G1 X138.777 Y133.392 Z1.8 F24000
G1 Z1.4
G1 E.8 F2400
SET_VELOCITY_LIMIT ACCEL=6000 ACCEL_TO_DECEL=3000
;TYPE:Sparse infill
;WIDTH:0.45
G1 F5342
G1 X140 Y132.317 E.05291
G1 X144.321 Y136.638 E.19861
G1 X148.406 Y133.047 E.17674
G1 X144.084 Y128.725 E.19861
G1 X148.169 Y125.134 E.17674
G1 X152.491 Y129.456 E.19861
G1 X156.576 Y125.865 E.17674
G1 X152.254 Y121.543 E.19861
G1 X153.477 Y120.468 E.05291
SET_VELOCITY_LIMIT ACCEL=8000 ACCEL_TO_DECEL=4000
G1 X141.459 Y139.154 F24000
SET_VELOCITY_LIMIT ACCEL=6000 ACCEL_TO_DECEL=3000
G1 F5342
G1 X140.237 Y140.229 E.05291
G1 X135.915 Y135.908 E.19861
G1 X135.413 Y136.349 E.02172
G1 X133.041 Y134.613 E.09552
G1 X118.741 Y148.913 E.65716
G1 X117.335 Y148.032 E.0539
G1 X96.49 Y127.187 E.95791
G1 X96.444 Y125.154 E.06608
G1 X106.451 Y115.147 E.45987
G1 X110.286 Y117.955 E.15445
G1 X136.152 Y143.821 E1.18866
G1 X132.067 Y147.412 E.17674
G1 X96.128 Y111.473 E1.65156
M73 P10 R35
G1 X96.098 Y110.148 E.04306
G1 X97.587 Y108.659 E.06845
G1 X102.019 Y111.903 E.17847
G1 X96.271 Y117.651 E.26416
G1 X96.309 Y119.33 E.05457
G1 X127.982 Y151.003 E1.45552
G1 X125.525 Y153.164 E.10633
G1 X123.46 Y151.87 E.07918
G1 X164.584 Y110.746 E1.88983
G1 X168.175 Y114.831 E.17674
G1 X161.253 Y121.753 E.31808
G1 X160.66 Y122.274 E.02564
G1 X156.339 Y117.952 E.19861
G1 X160.423 Y114.361 E.17674
G1 X164.745 Y118.682 E.19861
G1 E-.8 F2400
;WIPE_START
G1 F6141.304
G1 X163.331 Y117.268
;WIPE_END
SET_VELOCITY_LIMIT ACCEL=8000 ACCEL_TO_DECEL=4000
G1 X156.64 Y120.941 Z1.8 F24000
G1 X112.642 Y145.091 Z1.8
G1 Z1.4
G1 E.8 F2400
SET_VELOCITY_LIMIT ACCEL=6000 ACCEL_TO_DECEL=3000
G1 F5342
G1 X114.022 Y145.956 E.05291
G1 X128.609 Y131.368 E.67036
G1 X124.178 Y128.124 E.17847
G1 X109.303 Y142.999 E.68356
G1 X104.584 Y140.042 E.18096
G1 X119.746 Y124.88 E.69676
G1 X115.314 Y121.636 E.17847
G1 X99.865 Y137.085 E.70996
G1 X96.673 Y135.084 E.12242
G1 X96.617 Y132.657 E.07889
G1 X110.882 Y118.391 E.65558
G1 E-.8 F2400
SET_VELOCITY_LIMIT ACCEL=8000 ACCEL_TO_DECEL=4000
G1 X105.093 Y123.366 Z1.8 F24000
M73 P10 R34
G1 X90.951 Y135.518 Z1.8
G1 Z1.4
G1 E.8 F2400
SET_VELOCITY_LIMIT ACCEL=4000 ACCEL_TO_DECEL=2000 SQUARE_CORNER_VELOCITY=6
;TYPE:Outer wall
;WIDTH:0.42
G1 F5342
G1 X90.269 Y105.946 E.89036
M106 S255
G1 F2220
G1 X91.149 Y105.926 E.02649
G1 X91.655 Y127.894 E.66141
G1 X91.83 Y135.498 E.22894
M106 S227
G1 X91.011 Y135.517 E.02466
SET_VELOCITY_LIMIT ACCEL=8000 ACCEL_TO_DECEL=4000 SQUARE_CORNER_VELOCITY=8
G1 X91.386 Y135.312 F24000
SET_VELOCITY_LIMIT ACCEL=6000 ACCEL_TO_DECEL=3000
;TYPE:Gap infill
;WIDTH:0.530842
G1 F5123.778
G1 X90.713 Y106.132 E1.13681
;TIME_ELAPSED:240.101608

;LAYER_CHANGE
;:1.6
;HEIGHT:0.2
;BEFORE_LAYER_CHANGE
;1.6
G92 E0

G1 E-.8 F2400
;WIPE_START
G1 F5123.778
G1 X90.759 Y108.131
;WIPE_END
EXCLUDE_OBJECT_END NAME=arm.stl_id_0_copy_0
;_SET_FAN_SPEED_CHANGING_LAYER
; OBJECT_ID: 15
EXCLUDE_OBJECT_START NAME=arm.stl_id_0_copy_0
SET_VELOCITY_LIMIT ACCEL=8000 ACCEL_TO_DECEL=4000
G1 X98.176 Y109.933 Z1.8 F24000
G1 X142.769 Y120.763 Z1.8
G1 Z1.6
G1 E.8 F2400
SET_VELOCITY_LIMIT ACCEL=4000 ACCEL_TO_DECEL=2000 SQUARE_CORNER_VELOCITY=6
;TYPE:Inner wall
;WIDTH:0.45
G1 F5633
G1 X142.919 Y120.632 E.00649
G1 X145.037 Y120.761 E.06897
G1 X143.418 Y122.184 E.07005
G1 X142.431 Y121.061 E.04861
G1 X142.724 Y120.803 E.01267
G1 E-.8 F2400
;WIPE_START
G1 F6141.304
G1 X142.919 Y120.632
G1 X144.656 Y120.737
;WIPE_END
SET_VELOCITY_LIMIT ACCEL=8000 ACCEL_TO_DECEL=4000 SQUARE_CORNER_VELOCITY=8
G1 X150.518 Y115.85 Z2 F24000
G1 X161.369 Y106.802 Z2
G1 Z1.6
G1 E.8 F2400
SET_VELOCITY_LIMIT ACCEL=4000 ACCEL_TO_DECEL=2000 SQUARE_CORNER_VELOCITY=6
G1 F5633
G1 X155.633 Y111.845 E.24816
G1 X155.438 Y111.623 E.00961
G1 X161.292 Y106.475 E.25332
G1 X161.488 Y106.698 E.00961
G1 X161.414 Y106.763 E.00321
G1 E-.8 F2400
;WIPE_START
G1 F6141.304
G1 X159.912 Y108.083
;WIPE_END
SET_VELOCITY_LIMIT ACCEL=8000 ACCEL_TO_DECEL=4000 SQUARE_CORNER_VELOCITY=8
G1 X153.711 Y112.533 Z2 F24000
G1 X141.877 Y121.025 Z2
G1 Z1.6
G1 E.8 F2400
SET_VELOCITY_LIMIT ACCEL=4000 ACCEL_TO_DECEL=2000 SQUARE_CORNER_VELOCITY=6
;TYPE:Outer wall
;WIDTH:0.42
G1 F5633
G1 X142.781 Y120.23 E.03624
G1 X144.906 Y120.36 E.06408
G1 X161.328 Y105.922 E.65818
G1 X161.45 Y106.061 E.00557
M106 S255
G1 F2220
G1 X162.041 Y106.733 E.02694
G1 X155.597 Y112.398 E.25826
M106 S227
G1 X155.399 Y112.173 E.00902
G1 F5633
G1 X154.991 Y112.531 E.01634
G1 X143.856 Y122.321 E.44629
G1 X143.383 Y122.737 E.01896
G1 X141.917 Y121.07 E.06682
SET_VELOCITY_LIMIT ACCEL=8000 ACCEL_TO_DECEL=4000 SQUARE_CORNER_VELOCITY=8
G1 X143.018 Y121.098 F24000
SET_VELOCITY_LIMIT ACCEL=6000 ACCEL_TO_DECEL=3000
;TYPE:Internal solid infill
;WIDTH:0.468625
G1 F5633
G1 X143.456 Y121.596 E.02253
G1 X144.004 Y121.115 E.02478
G1 X143.063 Y121.059 E.03201
SET_VELOCITY_LIMIT ACCEL=8000 ACCEL_TO_DECEL=4000
G1 X145.249 Y120.577 F24000
SET_VELOCITY_LIMIT ACCEL=6000 ACCEL_TO_DECEL=3000
;TYPE:Gap infill
;WIDTH:0.430843
G1 F5633
G1 X155.289 Y111.751 E.41395
G1 E-.8 F2400
;WIPE_START
G1 F6444.587
G1 X153.787 Y113.071
;WIPE_END
SET_VELOCITY_LIMIT ACCEL=8000 ACCEL_TO_DECEL=4000
G1 X149.025 Y119.036 Z2 F24000
G1 X135.954 Y135.409 Z2
G1 Z1.6
G1 E.8 F2400
SET_VELOCITY_LIMIT ACCEL=4000 ACCEL_TO_DECEL=2000 SQUARE_CORNER_VELOCITY=6
;TYPE:Inner wall
;WIDTH:0.45
G1 F5633
G1 X164.594 Y110.23 E1.23917
G1 X169.081 Y115.334 E.22083
G1 X125.56 Y153.597 E1.88305
G1 X96.329 Y135.28 E1.12093
G1 X95.673 Y106.83 E.92471
G1 X97.217 Y107.956 E.06208
G1 X135.393 Y135.903 E1.53741
G1 X135.909 Y135.449 E.02233
SET_VELOCITY_LIMIT ACCEL=8000 ACCEL_TO_DECEL=4000 SQUARE_CORNER_VELOCITY=8
G1 X135.37 Y135.4 F24000
SET_VELOCITY_LIMIT ACCEL=4000 ACCEL_TO_DECEL=2000 SQUARE_CORNER_VELOCITY=6
;TYPE:Outer wall
;WIDTH:0.42
G1 F5633
G1 X164.629 Y109.677 E1.17266
G1 X169.634 Y115.37 E.22816
G1 X125.599 Y154.084 E1.76488
G1 X95.942 Y135.5 E1.05347
G1 X95.263 Y106.046 E.88681
G1 X97.448 Y107.639 E.08141
G1 X135.322 Y135.365 E1.41284
G1 E-.8 F2400
;WIPE_START
G1 F6629.9
G1 X136.826 Y134.047
;WIPE_END
SET_VELOCITY_LIMIT ACCEL=8000 ACCEL_TO_DECEL=4000 SQUARE_CORNER_VELOCITY=8
G1 X142.741 Y129.223 Z2 F24000
G1 X153.477 Y120.468 Z2
G1 Z1.6
G1 E.8 F2400
SET_VELOCITY_LIMIT ACCEL=6000 ACCEL_TO_DECEL=3000
;TYPE:Sparse infill
;WIDTH:0.45
G1 F5633
G1 X152.254 Y121.543 E.05291
G1 X156.576 Y125.865 E.19861
G1 X152.491 Y129.456 E.17674
G1 X148.169 Y125.134 E.19861
G1 X144.084 Y128.725 E.17674
G1 X148.406 Y133.047 E.19861
G1 X144.321 Y136.638 E.17674
G1 X140 Y132.317 E.19861
G1 X138.777 Y133.392 E.05291
SET_VELOCITY_LIMIT ACCEL=8000 ACCEL_TO_DECEL=4000
G1 X164.745 Y118.682 F24000
SET_VELOCITY_LIMIT ACCEL=6000 ACCEL_TO_DECEL=3000
G1 F5633
G1 X160.423 Y114.361 E.19861
G1 X156.339 Y117.952 E.17674
G1 X160.66 Y122.274 E.19861
G1 X161.253 Y121.753 E.02564
G1 X168.175 Y114.831 E.31808
G1 X164.584 Y110.746 E.17674
G1 X123.46 Y151.87 E1.88983
G1 X125.525 Y153.164 E.07918
G1 X127.982 Y151.003 E.10633
G1 X96.309 Y119.33 E1.45552
G1 X96.271 Y117.651 E.05457
G1 X102.019 Y111.903 E.26416
G1 X97.587 Y108.659 E.17847
G1 X96.098 Y110.148 E.06845
G1 X96.128 Y111.473 E.04306
G1 X132.067 Y147.412 E1.65156
G1 X136.152 Y143.821 E.17674
G1 X110.286 Y117.955 E1.18866
G1 X106.451 Y115.147 E.15445
G1 X96.444 Y125.154 E.45987
G1 X96.49 Y127.187 E.06608
G1 X117.335 Y148.032 E.95791
G1 X118.741 Y148.913 E.0539
G1 X133.041 Y134.613 E.65716
G1 X135.413 Y136.349 E.09552
G1 X135.915 Y135.908 E.02172
G1 X140.237 Y140.229 E.19861
G1 X141.459 Y139.154 E.05291
G1 E-.8 F2400
;WIPE_START
G1 F6141.304
G1 X140.237 Y140.229
G1 X139.974 Y139.967
;WIPE_END
SET_VELOCITY_LIMIT ACCEL=8000 ACCEL_TO_DECEL=4000
G1 X133.843 Y135.42 Z2 F24000
G1 X110.882 Y118.391 Z2
G1 Z1.6
G1 E.8 F2400
SET_VELOCITY_LIMIT ACCEL=6000 ACCEL_TO_DECEL=3000
G1 F5633
G1 X96.617 Y132.657 E.65558
G1 X96.673 Y135.084 E.07889
G1 X99.865 Y137.085 E.12242
G1 X115.314 Y121.636 E.70996
G1 X119.746 Y124.88 E.17847
G1 X104.584 Y140.042 E.69676
G1 X109.303 Y142.999 E.18096
G1 X124.178 Y128.124 E.68356
G1 X128.609 Y131.368 E.17847
G1 X114.022 Y145.956 E.67036
G1 X112.642 Y145.091 E.05291
G1 E-.8 F2400
SET_VELOCITY_LIMIT ACCEL=8000 ACCEL_TO_DECEL=4000
G1 X105.785 Y141.739 Z2 F24000
G1 X91.323 Y134.667 Z2
G1 Z1.6
G1 E.8 F2400
SET_VELOCITY_LIMIT ACCEL=4000 ACCEL_TO_DECEL=2000 SQUARE_CORNER_VELOCITY=6
;TYPE:Inner wall
G1 F5633
G1 X90.67 Y106.329 E.92109
G1 X90.966 Y106.322 E.00961
G1 X91.435 Y126.697 E.66224
G1 X91.629 Y135.11 E.27348
G1 X91.334 Y135.117 E.00961
G1 X91.325 Y134.727 E.01267
SET_VELOCITY_LIMIT ACCEL=8000 ACCEL_TO_DECEL=4000 SQUARE_CORNER_VELOCITY=8
G1 X90.951 Y135.518 F24000
SET_VELOCITY_LIMIT ACCEL=4000 ACCEL_TO_DECEL=2000 SQUARE_CORNER_VELOCITY=6
;TYPE:Outer wall
;WIDTH:0.42
G1 F5633
G1 X90.269 Y105.946 E.89036
M106 S255
G1 F2220
G1 X91.349 Y105.921 E.03252
G1 X91.827 Y126.688 E.62525
G1 X92.03 Y135.493 E.2651
M106 S227
G1 X91.011 Y135.517 E.03068
;TIME_ELAPSED:257.484924

;LAYER_CHANGE
;:1.8
;HEIGHT:0.2
;BEFORE_LAYER_CHANGE
;1.8
G92 E0

M73 P11 R34
G1 E-.8 F2400
;WIPE_START
G1 F2220
G1 X90.96 Y133.517
;WIPE_END
EXCLUDE_OBJECT_END NAME=arm.stl_id_0_copy_0
;_SET_FAN_SPEED_CHANGING_LAYER
; OBJECT_ID: 15
EXCLUDE_OBJECT_START NAME=arm.stl_id_0_copy_0
SET_VELOCITY_LIMIT ACCEL=8000 ACCEL_TO_DECEL=4000 SQUARE_CORNER_VELOCITY=8
G1 X98.407 Y131.843 Z2 F24000
G1 X144.12 Y121.567 Z2
G1 Z1.8
G1 E.8 F2400
SET_VELOCITY_LIMIT ACCEL=4000 ACCEL_TO_DECEL=2000 SQUARE_CORNER_VELOCITY=6
;TYPE:Inner wall
;WIDTH:0.45
G1 F5832
G1 X143.418 Y122.184 E.03037
G1 X142.431 Y121.061 E.04861
G1 X142.919 Y120.632 E.02111
G1 X145.037 Y120.761 E.06897
G1 X144.165 Y121.527 E.03773
G1 E-.8 F2400
;WIPE_START
G1 F6141.304
G1 X143.418 Y122.184
G1 X142.755 Y121.429
;WIPE_END
SET_VELOCITY_LIMIT ACCEL=8000 ACCEL_TO_DECEL=4000 SQUARE_CORNER_VELOCITY=8
G1 X148.779 Y116.743 Z2.2 F24000
G1 X156.027 Y111.105 Z2.2
G1 Z1.8
G1 E.8 F2400
SET_VELOCITY_LIMIT ACCEL=4000 ACCEL_TO_DECEL=2000 SQUARE_CORNER_VELOCITY=6
G1 F5832
G1 X161.292 Y106.475 E.22784
G1 X161.62 Y106.848 E.01611
G1 X155.765 Y111.995 E.25332
G1 X155.438 Y111.623 E.01611
G1 X155.981 Y111.145 E.02353
SET_VELOCITY_LIMIT ACCEL=8000 ACCEL_TO_DECEL=4000 SQUARE_CORNER_VELOCITY=8
G1 X155.399 Y112.173 F24000
SET_VELOCITY_LIMIT ACCEL=4000 ACCEL_TO_DECEL=2000 SQUARE_CORNER_VELOCITY=6
;TYPE:Outer wall
;WIDTH:0.42
G1 F5832
G1 X154.991 Y112.531 E.01634
G1 X143.856 Y122.321 E.44629
G1 X143.383 Y122.737 E.01896
G1 X141.877 Y121.025 E.06863
G1 X142.781 Y120.23 E.03624
G1 X144.906 Y120.36 E.06408
G1 X161.328 Y105.922 E.65818
G1 X161.485 Y106.1 E.00714
M106 S255
G1 F2220
G1 X162.173 Y106.883 E.03137
G1 X155.729 Y112.548 E.25826
M106 S227
G1 X155.439 Y112.218 E.01322
SET_VELOCITY_LIMIT ACCEL=8000 ACCEL_TO_DECEL=4000 SQUARE_CORNER_VELOCITY=8
G1 X155.289 Y111.751 F24000
SET_VELOCITY_LIMIT ACCEL=6000 ACCEL_TO_DECEL=3000
;TYPE:Gap infill
;WIDTH:0.430843
G1 F5832
G1 X145.249 Y120.577 E.41395
SET_VELOCITY_LIMIT ACCEL=8000 ACCEL_TO_DECEL=4000
G1 X143.018 Y121.098 F24000
SET_VELOCITY_LIMIT ACCEL=6000 ACCEL_TO_DECEL=3000
;TYPE:Internal solid infill
;WIDTH:0.468625
G1 F5832
G1 X143.456 Y121.596 E.02253
G1 X144.004 Y121.115 E.02478
G1 X143.063 Y121.059 E.03201
G1 E-.8 F2400
;WIPE_START
G1 F5872.611
G1 X144.004 Y121.115
G1 X143.456 Y121.596
G1 X143.239 Y121.349
;WIPE_END
SET_VELOCITY_LIMIT ACCEL=8000 ACCEL_TO_DECEL=4000
G1 X149.278 Y116.681 Z2.2 F24000
G1 X155.754 Y111.675 Z2.2
G1 Z1.8
G1 E.8 F2400
SET_VELOCITY_LIMIT ACCEL=6000 ACCEL_TO_DECEL=3000
;TYPE:Gap infill
;WIDTH:0.131687
G1 F5832
G1 X161.303 Y106.796 E.05235
G1 E-.8 F2400
;WIPE_START
G1 F15000
G1 X159.801 Y108.116
;WIPE_END
SET_VELOCITY_LIMIT ACCEL=8000 ACCEL_TO_DECEL=4000
G1 X154.779 Y113.864 Z2.2 F24000
G1 X135.954 Y135.409 Z2.2
G1 Z1.8
G1 E.8 F2400
SET_VELOCITY_LIMIT ACCEL=4000 ACCEL_TO_DECEL=2000 SQUARE_CORNER_VELOCITY=6
;TYPE:Inner wall
;WIDTH:0.45
G1 F5832
G1 X164.594 Y110.23 E1.23917
G1 X169.081 Y115.334 E.22083
G1 X125.56 Y153.597 E1.88305
G1 X96.329 Y135.28 E1.12093
G1 X95.673 Y106.831 E.9247
G1 X97.552 Y108.202 E.0756
G1 X135.393 Y135.903 E1.52389
G1 X135.909 Y135.449 E.02233
SET_VELOCITY_LIMIT ACCEL=8000 ACCEL_TO_DECEL=4000 SQUARE_CORNER_VELOCITY=8
G1 X135.37 Y135.4 F24000
SET_VELOCITY_LIMIT ACCEL=4000 ACCEL_TO_DECEL=2000 SQUARE_CORNER_VELOCITY=6
;TYPE:Outer wall
;WIDTH:0.42
G1 F5832
G1 X164.629 Y109.677 E1.17266
G1 X169.634 Y115.37 E.22816
G1 X125.599 Y154.084 E1.76488
G1 X95.942 Y135.5 E1.05347
G1 X95.263 Y106.046 E.8868
G1 X97.784 Y107.885 E.09393
G1 X135.322 Y135.365 E1.40031
G1 E-.8 F2400
;WIPE_START
G1 F6629.9
G1 X136.826 Y134.047
;WIPE_END
SET_VELOCITY_LIMIT ACCEL=8000 ACCEL_TO_DECEL=4000 SQUARE_CORNER_VELOCITY=8
G1 X138.777 Y133.392 Z2.2 F24000
G1 Z1.8
G1 E.8 F2400
SET_VELOCITY_LIMIT ACCEL=6000 ACCEL_TO_DECEL=3000
;TYPE:Sparse infill
;WIDTH:0.45
G1 F5832
G1 X140 Y132.317 E.05291
G1 X144.321 Y136.638 E.19861
G1 X148.406 Y133.047 E.17674
G1 X144.084 Y128.725 E.19861
G1 X148.169 Y125.134 E.17674
G1 X152.491 Y129.456 E.19861
G1 X156.576 Y125.865 E.17674
G1 X152.254 Y121.543 E.19861
G1 X153.477 Y120.468 E.05291
SET_VELOCITY_LIMIT ACCEL=8000 ACCEL_TO_DECEL=4000
G1 X141.459 Y139.154 F24000
SET_VELOCITY_LIMIT ACCEL=6000 ACCEL_TO_DECEL=3000
G1 F5832
G1 X140.237 Y140.229 E.05291
G1 X135.915 Y135.908 E.19861
G1 X135.413 Y136.349 E.02172
G1 X133.041 Y134.613 E.09552
G1 X118.741 Y148.913 E.65716
G1 X117.335 Y148.032 E.0539
G1 X96.49 Y127.187 E.95791
G1 X96.444 Y125.154 E.06608
G1 X106.451 Y115.147 E.45987
G1 X110.286 Y117.955 E.15445
G1 X136.152 Y143.821 E1.18866
G1 X132.067 Y147.412 E.17674
G1 X96.128 Y111.473 E1.65156
G1 X96.098 Y110.148 E.04306
G1 X97.587 Y108.659 E.06845
G1 X102.019 Y111.903 E.17847
G1 X96.271 Y117.651 E.26416
G1 X96.309 Y119.33 E.05457
G1 X127.982 Y151.003 E1.45552
G1 X125.525 Y153.164 E.10633
G1 X123.46 Y151.87 E.07918
G1 X164.584 Y110.746 E1.88983
G1 X168.175 Y114.831 E.17674
G1 X161.253 Y121.753 E.31808
G1 X160.66 Y122.274 E.02564
G1 X156.339 Y117.952 E.19861
G1 X160.423 Y114.361 E.17674
G1 X164.745 Y118.682 E.19861
G1 E-.8 F2400
;WIPE_START
G1 F6141.304
G1 X163.331 Y117.268
;WIPE_END
SET_VELOCITY_LIMIT ACCEL=8000 ACCEL_TO_DECEL=4000
G1 X156.64 Y120.941 Z2.2 F24000
G1 X112.642 Y145.091 Z2.2
G1 Z1.8
G1 E.8 F2400
SET_VELOCITY_LIMIT ACCEL=6000 ACCEL_TO_DECEL=3000
G1 F5832
G1 X114.022 Y145.956 E.05291
G1 X128.609 Y131.368 E.67036
G1 X124.178 Y128.124 E.17847
G1 X109.303 Y142.999 E.68356
G1 X104.584 Y140.042 E.18096
G1 X119.746 Y124.88 E.69676
G1 X115.314 Y121.636 E.17847
G1 X99.865 Y137.085 E.70996
G1 X96.673 Y135.084 E.12242
G1 X96.617 Y132.657 E.07889
G1 X110.882 Y118.391 E.65558
G1 E-.8 F2400
SET_VELOCITY_LIMIT ACCEL=8000 ACCEL_TO_DECEL=4000
G1 X105.016 Y123.273 Z2.2 F24000
G1 X91.323 Y134.667 Z2.2
G1 Z1.8
G1 E.8 F2400
SET_VELOCITY_LIMIT ACCEL=4000 ACCEL_TO_DECEL=2000 SQUARE_CORNER_VELOCITY=6
;TYPE:Inner wall
G1 F5832
G1 X90.67 Y106.329 E.92109
G1 X91.166 Y106.317 E.01611
G1 X91.608 Y125.49 E.62317
G1 X91.829 Y135.106 E.31255
G1 X91.334 Y135.117 E.01611
G1 X91.325 Y134.727 E.01267
SET_VELOCITY_LIMIT ACCEL=8000 ACCEL_TO_DECEL=4000 SQUARE_CORNER_VELOCITY=8
G1 X90.951 Y135.518 F24000
SET_VELOCITY_LIMIT ACCEL=4000 ACCEL_TO_DECEL=2000 SQUARE_CORNER_VELOCITY=6
;TYPE:Outer wall
;WIDTH:0.42
G1 F5832
G1 X90.269 Y105.946 E.89036
M106 S255
G1 F2220
G1 X91.549 Y105.916 E.03854
G1 X92 Y125.481 E.58907
G1 X92.23 Y135.489 E.30132
M106 S227
G1 X91.011 Y135.517 E.0367
SET_VELOCITY_LIMIT ACCEL=8000 ACCEL_TO_DECEL=4000 SQUARE_CORNER_VELOCITY=8
G1 X91.577 Y134.908 F24000
SET_VELOCITY_LIMIT ACCEL=6000 ACCEL_TO_DECEL=3000
;TYPE:Gap infill
;WIDTH:0.131684
G1 F5832
G1 X90.922 Y106.527 E.20115
;TIME_ELAPSED:274.959961

;LAYER_CHANGE
;:2
;HEIGHT:0.2
;BEFORE_LAYER_CHANGE
;2
G92 E0

G1 E-.8 F2400
;WIPE_START
G1 F15000
G1 X90.969 Y108.526
;WIPE_END
EXCLUDE_OBJECT_END NAME=arm.stl_id_0_copy_0
;_SET_FAN_SPEED_CHANGING_LAYER
; OBJECT_ID: 15
EXCLUDE_OBJECT_START NAME=arm.stl_id_0_copy_0
SET_VELOCITY_LIMIT ACCEL=8000 ACCEL_TO_DECEL=4000
G1 X98.381 Y110.345 Z2.2 F24000
G1 X144.12 Y121.567 Z2.2
G1 Z2
G1 E.8 F2400
SET_VELOCITY_LIMIT ACCEL=4000 ACCEL_TO_DECEL=2000 SQUARE_CORNER_VELOCITY=6
;TYPE:Inner wall
;WIDTH:0.45
G1 F5831
G1 X143.418 Y122.184 E.03037
G1 X142.431 Y121.061 E.04861
G1 X142.919 Y120.632 E.02111
G1 X145.037 Y120.761 E.06897
G1 X144.165 Y121.527 E.03773
G1 E-.8 F2400
;WIPE_START
G1 F6141.304
G1 X143.418 Y122.184
G1 X142.755 Y121.429
;WIPE_END
SET_VELOCITY_LIMIT ACCEL=8000 ACCEL_TO_DECEL=4000 SQUARE_CORNER_VELOCITY=8
G1 X148.779 Y116.743 Z2.4 F24000
G1 X156.027 Y111.105 Z2.4
G1 Z2
G1 E.8 F2400
SET_VELOCITY_LIMIT ACCEL=4000 ACCEL_TO_DECEL=2000 SQUARE_CORNER_VELOCITY=6
G1 F5831
G1 X161.292 Y106.475 E.22784
G1 X161.752 Y106.998 E.02261
G1 X155.897 Y112.145 E.25332
G1 X155.438 Y111.623 E.02261
G1 X155.981 Y111.145 E.02353
SET_VELOCITY_LIMIT ACCEL=8000 ACCEL_TO_DECEL=4000 SQUARE_CORNER_VELOCITY=8
G1 X155.399 Y112.173 F24000
SET_VELOCITY_LIMIT ACCEL=4000 ACCEL_TO_DECEL=2000 SQUARE_CORNER_VELOCITY=6
;TYPE:Outer wall
;WIDTH:0.42
G1 F5831
G1 X154.991 Y112.531 E.01634
G1 X143.856 Y122.321 E.44629
G1 X143.383 Y122.737 E.01896
G1 X141.877 Y121.025 E.06863
G1 X142.781 Y120.23 E.03624
G1 X144.906 Y120.36 E.06408
G1 X161.328 Y105.922 E.65818
G1 X161.52 Y106.14 E.00874
M106 S255
G1 F2220
G1 X162.305 Y107.034 E.03581
G1 X155.861 Y112.699 E.25826
M106 S227
G1 X155.439 Y112.218 E.01926
SET_VELOCITY_LIMIT ACCEL=8000 ACCEL_TO_DECEL=4000 SQUARE_CORNER_VELOCITY=8
G1 X155.289 Y111.751 F24000
SET_VELOCITY_LIMIT ACCEL=6000 ACCEL_TO_DECEL=3000
;TYPE:Gap infill
;WIDTH:0.430843
G1 F5831
G1 X145.249 Y120.577 E.41395
SET_VELOCITY_LIMIT ACCEL=8000 ACCEL_TO_DECEL=4000
G1 X143.018 Y121.098 F24000
SET_VELOCITY_LIMIT ACCEL=6000 ACCEL_TO_DECEL=3000
;TYPE:Internal solid infill
;WIDTH:0.468625
G1 F5831
G1 X143.456 Y121.596 E.02253
G1 X144.004 Y121.115 E.02478
G1 X143.063 Y121.059 E.03201
G1 E-.8 F2400
;WIPE_START
G1 F5872.611
G1 X144.004 Y121.115
G1 X143.456 Y121.596
G1 X143.239 Y121.349
;WIPE_END
SET_VELOCITY_LIMIT ACCEL=8000 ACCEL_TO_DECEL=4000
G1 X149.307 Y116.719 Z2.4 F24000
G1 X155.82 Y111.75 Z2.4
G1 Z2
G1 E.8 F2400
SET_VELOCITY_LIMIT ACCEL=6000 ACCEL_TO_DECEL=3000
;TYPE:Gap infill
;WIDTH:0.331687
G1 F5831
G1 X161.369 Y106.871 E.17032
G1 E-.8 F2400
;WIPE_START
G1 F8657.516
G1 X159.867 Y108.192
;WIPE_END
SET_VELOCITY_LIMIT ACCEL=8000 ACCEL_TO_DECEL=4000
G1 X154.83 Y113.925 Z2.4 F24000
G1 X135.954 Y135.409 Z2.4
G1 Z2
G1 E.8 F2400
SET_VELOCITY_LIMIT ACCEL=4000 ACCEL_TO_DECEL=2000 SQUARE_CORNER_VELOCITY=6
;TYPE:Inner wall
;WIDTH:0.45
G1 F5831
G1 X164.594 Y110.23 E1.23917
G1 X169.081 Y115.334 E.22083
G1 X125.56 Y153.597 E1.88305
G1 X96.329 Y135.28 E1.12093
G1 X95.673 Y106.831 E.92469
G1 X97.888 Y108.447 E.08912
G1 X135.393 Y135.903 E1.51036
G1 X135.909 Y135.449 E.02233
SET_VELOCITY_LIMIT ACCEL=8000 ACCEL_TO_DECEL=4000 SQUARE_CORNER_VELOCITY=8
G1 X135.37 Y135.4 F24000
SET_VELOCITY_LIMIT ACCEL=4000 ACCEL_TO_DECEL=2000 SQUARE_CORNER_VELOCITY=6
;TYPE:Outer wall
;WIDTH:0.42
M73 P12 R34
G1 F5831
G1 X164.629 Y109.677 E1.17266
G1 X169.634 Y115.37 E.22816
G1 X125.599 Y154.084 E1.76488
G1 X95.942 Y135.5 E1.05347
G1 X95.263 Y106.046 E.8868
G1 X98.12 Y108.131 E.10647
G1 X135.322 Y135.365 E1.38777
G1 E-.8 F2400
;WIPE_START
G1 F6629.9
G1 X136.826 Y134.047
;WIPE_END
SET_VELOCITY_LIMIT ACCEL=8000 ACCEL_TO_DECEL=4000 SQUARE_CORNER_VELOCITY=8
G1 X142.741 Y129.223 Z2.4 F24000
G1 X153.477 Y120.468 Z2.4
G1 Z2
G1 E.8 F2400
SET_VELOCITY_LIMIT ACCEL=6000 ACCEL_TO_DECEL=3000
;TYPE:Sparse infill
;WIDTH:0.45
G1 F5831
G1 X152.254 Y121.543 E.05291
G1 X156.576 Y125.865 E.19861
G1 X152.491 Y129.456 E.17674
G1 X148.169 Y125.134 E.19861
G1 X144.084 Y128.725 E.17674
G1 X148.406 Y133.047 E.19861
G1 X144.321 Y136.638 E.17674
G1 X140 Y132.317 E.19861
G1 X138.777 Y133.392 E.05291
SET_VELOCITY_LIMIT ACCEL=8000 ACCEL_TO_DECEL=4000
G1 X164.745 Y118.682 F24000
SET_VELOCITY_LIMIT ACCEL=6000 ACCEL_TO_DECEL=3000
G1 F5831
G1 X160.423 Y114.361 E.19861
G1 X156.339 Y117.952 E.17674
G1 X160.66 Y122.274 E.19861
G1 X161.253 Y121.753 E.02564
G1 X168.175 Y114.831 E.31808
G1 X164.584 Y110.746 E.17674
G1 X123.46 Y151.87 E1.88983
G1 X125.525 Y153.164 E.07918
G1 X127.982 Y151.003 E.10633
G1 X96.309 Y119.33 E1.45552
G1 X96.271 Y117.651 E.05457
G1 X102.019 Y111.903 E.26416
G1 X97.587 Y108.659 E.17847
G1 X96.098 Y110.148 E.06845
G1 X96.128 Y111.473 E.04306
G1 X132.067 Y147.412 E1.65156
G1 X136.152 Y143.821 E.17674
G1 X110.286 Y117.955 E1.18866
G1 X106.451 Y115.147 E.15445
G1 X96.444 Y125.154 E.45987
G1 X96.49 Y127.187 E.06608
G1 X117.335 Y148.032 E.95791
G1 X118.741 Y148.913 E.0539
G1 X133.041 Y134.613 E.65716
G1 X135.413 Y136.349 E.09552
G1 X135.915 Y135.908 E.02172
G1 X140.237 Y140.229 E.19861
G1 X141.459 Y139.154 E.05291
G1 E-.8 F2400
;WIPE_START
G1 F6141.304
G1 X140.237 Y140.229
G1 X139.974 Y139.967
;WIPE_END
SET_VELOCITY_LIMIT ACCEL=8000 ACCEL_TO_DECEL=4000
G1 X133.843 Y135.42 Z2.4 F24000
G1 X110.882 Y118.391 Z2.4
G1 Z2
G1 E.8 F2400
SET_VELOCITY_LIMIT ACCEL=6000 ACCEL_TO_DECEL=3000
G1 F5831
G1 X96.617 Y132.657 E.65558
G1 X96.673 Y135.084 E.07889
G1 X99.865 Y137.085 E.12242
G1 X115.314 Y121.636 E.70996
G1 X119.746 Y124.88 E.17847
G1 X104.584 Y140.042 E.69676
G1 X109.303 Y142.999 E.18096
G1 X124.178 Y128.124 E.68356
G1 X128.609 Y131.368 E.17847
G1 X114.022 Y145.956 E.67036
G1 X112.642 Y145.091 E.05291
G1 E-.8 F2400
SET_VELOCITY_LIMIT ACCEL=8000 ACCEL_TO_DECEL=4000
G1 X105.785 Y141.739 Z2.4 F24000
G1 X91.323 Y134.667 Z2.4
G1 Z2
G1 E.8 F2400
SET_VELOCITY_LIMIT ACCEL=4000 ACCEL_TO_DECEL=2000 SQUARE_CORNER_VELOCITY=6
;TYPE:Inner wall
G1 F5831
G1 X90.67 Y106.329 E.92109
G1 X91.366 Y106.313 E.02261
G1 X91.78 Y124.283 E.5841
G1 X92.029 Y135.101 E.35162
G1 X91.334 Y135.117 E.02261
G1 X91.325 Y134.727 E.01267
SET_VELOCITY_LIMIT ACCEL=8000 ACCEL_TO_DECEL=4000 SQUARE_CORNER_VELOCITY=8
G1 X90.951 Y135.518 F24000
SET_VELOCITY_LIMIT ACCEL=4000 ACCEL_TO_DECEL=2000 SQUARE_CORNER_VELOCITY=6
;TYPE:Outer wall
;WIDTH:0.42
G1 F5831
G1 X90.269 Y105.946 E.89036
M106 S255
G1 F2220
G1 X91.748 Y105.912 E.04453
G1 X92.172 Y124.274 E.55285
G1 X92.43 Y135.484 E.33751
M106 S227
G1 X91.011 Y135.517 E.04272
SET_VELOCITY_LIMIT ACCEL=8000 ACCEL_TO_DECEL=4000 SQUARE_CORNER_VELOCITY=8
G1 X91.677 Y134.906 F24000
SET_VELOCITY_LIMIT ACCEL=6000 ACCEL_TO_DECEL=3000
;TYPE:Gap infill
;WIDTH:0.331684
G1 F5831
G1 X91.022 Y106.524 E.65437
;TIME_ELAPSED:292.457367

;LAYER_CHANGE
;:2.2
;HEIGHT:0.2
;BEFORE_LAYER_CHANGE
;2.2
G92 E0

G1 E-.8 F2400
;WIPE_START
G1 F8657.593
G1 X91.069 Y108.524
;WIPE_END
EXCLUDE_OBJECT_END NAME=arm.stl_id_0_copy_0
;_SET_FAN_SPEED_CHANGING_LAYER
; OBJECT_ID: 15
EXCLUDE_OBJECT_START NAME=arm.stl_id_0_copy_0
SET_VELOCITY_LIMIT ACCEL=8000 ACCEL_TO_DECEL=4000
G1 X98.48 Y110.346 Z2.4 F24000
G1 X144.12 Y121.567 Z2.4
G1 Z2.2
G1 E.8 F2400
SET_VELOCITY_LIMIT ACCEL=4000 ACCEL_TO_DECEL=2000 SQUARE_CORNER_VELOCITY=6
;TYPE:Inner wall
;WIDTH:0.45
G1 F5875
G1 X143.418 Y122.184 E.03037
G1 X142.431 Y121.061 E.04861
G1 X142.919 Y120.632 E.02111
G1 X145.037 Y120.761 E.06897
G1 X144.165 Y121.527 E.03773
G1 E-.8 F2400
;WIPE_START
G1 F6141.304
G1 X143.418 Y122.184
G1 X142.755 Y121.429
;WIPE_END
SET_VELOCITY_LIMIT ACCEL=8000 ACCEL_TO_DECEL=4000 SQUARE_CORNER_VELOCITY=8
G1 X148.779 Y116.743 Z2.6 F24000
G1 X156.027 Y111.105 Z2.6
G1 Z2.2
G1 E.8 F2400
SET_VELOCITY_LIMIT ACCEL=4000 ACCEL_TO_DECEL=2000 SQUARE_CORNER_VELOCITY=6
G1 F5875
G1 X161.292 Y106.475 E.22784
G1 X161.884 Y107.148 E.02911
G1 X156.029 Y112.296 E.25332
G1 X155.438 Y111.623 E.02911
G1 X155.981 Y111.145 E.02353
SET_VELOCITY_LIMIT ACCEL=8000 ACCEL_TO_DECEL=4000 SQUARE_CORNER_VELOCITY=8
G1 X155.399 Y112.173 F24000
SET_VELOCITY_LIMIT ACCEL=4000 ACCEL_TO_DECEL=2000 SQUARE_CORNER_VELOCITY=6
;TYPE:Outer wall
;WIDTH:0.42
G1 F5875
G1 X154.991 Y112.531 E.01634
G1 X143.856 Y122.321 E.44629
G1 X143.383 Y122.737 E.01896
G1 X141.877 Y121.025 E.06863
G1 X142.781 Y120.23 E.03624
G1 X144.906 Y120.36 E.06408
G1 X161.328 Y105.922 E.65818
G1 X161.554 Y106.179 E.0103
M106 S255
G1 F2220
G1 X162.437 Y107.184 E.04027
G1 X155.994 Y112.849 E.25824
M106 S227
G1 X155.439 Y112.218 E.02529
SET_VELOCITY_LIMIT ACCEL=8000 ACCEL_TO_DECEL=4000 SQUARE_CORNER_VELOCITY=8
G1 X155.289 Y111.751 F24000
SET_VELOCITY_LIMIT ACCEL=6000 ACCEL_TO_DECEL=3000
;TYPE:Gap infill
;WIDTH:0.430846
G1 F5875
G1 X145.249 Y120.577 E.41395
SET_VELOCITY_LIMIT ACCEL=8000 ACCEL_TO_DECEL=4000
G1 X143.018 Y121.098 F24000
SET_VELOCITY_LIMIT ACCEL=6000 ACCEL_TO_DECEL=3000
;TYPE:Internal solid infill
;WIDTH:0.468625
G1 F5872.611
G1 X143.456 Y121.596 E.02253
G1 X144.004 Y121.115 E.02478
G1 X143.063 Y121.059 E.03201
G1 E-.8 F2400
;WIPE_START
G1 F5872.611
G1 X144.004 Y121.115
G1 X143.456 Y121.596
G1 X143.239 Y121.349
;WIPE_END
SET_VELOCITY_LIMIT ACCEL=8000 ACCEL_TO_DECEL=4000
G1 X149.336 Y116.758 Z2.6 F24000
G1 X155.886 Y111.825 Z2.6
G1 Z2.2
G1 E.8 F2400
SET_VELOCITY_LIMIT ACCEL=6000 ACCEL_TO_DECEL=3000
;TYPE:Gap infill
;WIDTH:0.531686
G1 F5114.921
G1 X161.435 Y106.946 E.28828
G1 E-.8 F2400
;WIPE_START
G1 F5114.921
G1 X159.933 Y108.267
;WIPE_END
SET_VELOCITY_LIMIT ACCEL=8000 ACCEL_TO_DECEL=4000
G1 X154.88 Y113.987 Z2.6 F24000
G1 X135.954 Y135.409 Z2.6
G1 Z2.2
G1 E.8 F2400
SET_VELOCITY_LIMIT ACCEL=4000 ACCEL_TO_DECEL=2000 SQUARE_CORNER_VELOCITY=6
;TYPE:Inner wall
;WIDTH:0.45
G1 F5875
G1 X164.594 Y110.23 E1.23917
G1 X169.081 Y115.334 E.22083
G1 X125.56 Y153.597 E1.88305
G1 X96.329 Y135.28 E1.12093
G1 X95.673 Y106.831 E.92468
G1 X98.224 Y108.693 E.10264
G1 X135.393 Y135.903 E1.49684
G1 X135.909 Y135.449 E.02233
SET_VELOCITY_LIMIT ACCEL=8000 ACCEL_TO_DECEL=4000 SQUARE_CORNER_VELOCITY=8
G1 X135.37 Y135.4 F24000
SET_VELOCITY_LIMIT ACCEL=4000 ACCEL_TO_DECEL=2000 SQUARE_CORNER_VELOCITY=6
;TYPE:Outer wall
;WIDTH:0.42
G1 F5875
G1 X164.629 Y109.677 E1.17266
G1 X169.634 Y115.37 E.22816
G1 X125.599 Y154.084 E1.76488
M73 P12 R33
G1 X95.942 Y135.5 E1.05347
G1 X95.263 Y106.046 E.8868
G1 X98.456 Y108.377 E.119
G1 X135.322 Y135.365 E1.37524
G1 E-.8 F2400
;WIPE_START
G1 F6629.9
G1 X136.826 Y134.047
;WIPE_END
SET_VELOCITY_LIMIT ACCEL=8000 ACCEL_TO_DECEL=4000 SQUARE_CORNER_VELOCITY=8
G1 X138.777 Y133.392 Z2.6 F24000
G1 Z2.2
G1 E.8 F2400
SET_VELOCITY_LIMIT ACCEL=6000 ACCEL_TO_DECEL=3000
;TYPE:Sparse infill
;WIDTH:0.45
G1 F5875
G1 X140 Y132.317 E.05291
G1 X144.321 Y136.638 E.19861
G1 X148.406 Y133.047 E.17674
G1 X144.084 Y128.725 E.19861
G1 X148.169 Y125.134 E.17674
G1 X152.491 Y129.456 E.19861
G1 X156.576 Y125.865 E.17674
G1 X152.254 Y121.543 E.19861
G1 X153.477 Y120.468 E.05291
SET_VELOCITY_LIMIT ACCEL=8000 ACCEL_TO_DECEL=4000
G1 X141.459 Y139.154 F24000
SET_VELOCITY_LIMIT ACCEL=6000 ACCEL_TO_DECEL=3000
G1 F5875
G1 X140.237 Y140.229 E.05291
G1 X135.915 Y135.908 E.19861
G1 X135.413 Y136.349 E.02172
G1 X133.041 Y134.613 E.09552
G1 X118.741 Y148.913 E.65716
G1 X117.335 Y148.032 E.0539
G1 X96.49 Y127.187 E.95791
G1 X96.444 Y125.154 E.06608
G1 X106.451 Y115.147 E.45987
G1 X110.286 Y117.955 E.15445
G1 X136.152 Y143.821 E1.18866
G1 X132.067 Y147.412 E.17674
G1 X96.128 Y111.473 E1.65156
G1 X96.098 Y110.148 E.04306
G1 X97.587 Y108.659 E.06843
G1 X102.019 Y111.903 E.17848
G1 X96.271 Y117.651 E.26416
G1 X96.309 Y119.33 E.05457
M73 P13 R33
G1 X127.982 Y151.003 E1.45552
G1 X125.525 Y153.164 E.10633
G1 X123.46 Y151.87 E.07918
G1 X164.584 Y110.746 E1.88983
G1 X168.175 Y114.831 E.17674
G1 X161.253 Y121.753 E.31808
G1 X160.66 Y122.274 E.02564
G1 X156.339 Y117.952 E.19861
G1 X160.423 Y114.361 E.17674
G1 X164.745 Y118.682 E.19861
G1 E-.8 F2400
;WIPE_START
G1 F6141.304
G1 X163.331 Y117.268
;WIPE_END
SET_VELOCITY_LIMIT ACCEL=8000 ACCEL_TO_DECEL=4000
G1 X156.64 Y120.941 Z2.6 F24000
G1 X112.642 Y145.091 Z2.6
G1 Z2.2
G1 E.8 F2400
SET_VELOCITY_LIMIT ACCEL=6000 ACCEL_TO_DECEL=3000
G1 F5875
G1 X114.022 Y145.956 E.05291
G1 X128.609 Y131.368 E.67036
G1 X124.178 Y128.124 E.17847
G1 X109.303 Y142.999 E.68356
G1 X104.584 Y140.042 E.18096
G1 X119.746 Y124.88 E.69676
G1 X115.314 Y121.636 E.17847
G1 X99.865 Y137.085 E.70996
G1 X96.673 Y135.084 E.12242
G1 X96.617 Y132.657 E.07889
G1 X110.882 Y118.391 E.65558
G1 E-.8 F2400
SET_VELOCITY_LIMIT ACCEL=8000 ACCEL_TO_DECEL=4000
G1 X105.016 Y123.273 Z2.6 F24000
G1 X91.323 Y134.667 Z2.6
G1 Z2.2
G1 E.8 F2400
SET_VELOCITY_LIMIT ACCEL=4000 ACCEL_TO_DECEL=2000 SQUARE_CORNER_VELOCITY=6
;TYPE:Inner wall
G1 F5875
G1 X90.67 Y106.329 E.92109
G1 X91.566 Y106.308 E.02911
G1 X91.952 Y123.076 E.54503
G1 X92.229 Y135.096 E.39069
G1 X91.334 Y135.117 E.02911
G1 X91.325 Y134.727 E.01267
SET_VELOCITY_LIMIT ACCEL=8000 ACCEL_TO_DECEL=4000 SQUARE_CORNER_VELOCITY=8
G1 X90.951 Y135.518 F24000
SET_VELOCITY_LIMIT ACCEL=4000 ACCEL_TO_DECEL=2000 SQUARE_CORNER_VELOCITY=6
;TYPE:Outer wall
;WIDTH:0.42
G1 F5875
G1 X90.269 Y105.946 E.89036
M106 S255
G1 F2220
G1 X91.948 Y105.907 E.05055
G1 X92.344 Y123.067 E.51666
G1 X92.63 Y135.479 E.3737
M106 S227
G1 X91.011 Y135.517 E.04875
SET_VELOCITY_LIMIT ACCEL=8000 ACCEL_TO_DECEL=4000 SQUARE_CORNER_VELOCITY=8
G1 X91.777 Y134.903 F24000
SET_VELOCITY_LIMIT ACCEL=6000 ACCEL_TO_DECEL=3000
;TYPE:Gap infill
;WIDTH:0.531684
G1 F5114.951
G1 X91.122 Y106.522 E1.10759
;TIME_ELAPSED:309.967407

;LAYER_CHANGE
;:2.4
;HEIGHT:0.2
;BEFORE_LAYER_CHANGE
;2.4
G92 E0

G1 E-.8 F2400
;WIPE_START
G1 F5114.951
G1 X91.168 Y108.522
;WIPE_END
EXCLUDE_OBJECT_END NAME=arm.stl_id_0_copy_0
;_SET_FAN_SPEED_CHANGING_LAYER
; OBJECT_ID: 15
EXCLUDE_OBJECT_START NAME=arm.stl_id_0_copy_0
SET_VELOCITY_LIMIT ACCEL=8000 ACCEL_TO_DECEL=4000
G1 X98.579 Y110.347 Z2.6 F24000
G1 X144.12 Y121.567 Z2.6
G1 Z2.4
G1 E.8 F2400
SET_VELOCITY_LIMIT ACCEL=4000 ACCEL_TO_DECEL=2000 SQUARE_CORNER_VELOCITY=6
;TYPE:Inner wall
;WIDTH:0.45
G1 F6046
G1 X143.418 Y122.184 E.03037
G1 X142.431 Y121.061 E.04861
G1 X142.919 Y120.632 E.02111
G1 X145.037 Y120.761 E.06897
G1 X144.165 Y121.527 E.03773
G1 E-.8 F2400
;WIPE_START
G1 F6141.304
G1 X143.418 Y122.184
G1 X142.755 Y121.429
;WIPE_END
SET_VELOCITY_LIMIT ACCEL=8000 ACCEL_TO_DECEL=4000 SQUARE_CORNER_VELOCITY=8
G1 X148.779 Y116.743 Z2.8 F24000
G1 X156.027 Y111.105 Z2.8
G1 Z2.4
G1 E.8 F2400
SET_VELOCITY_LIMIT ACCEL=4000 ACCEL_TO_DECEL=2000 SQUARE_CORNER_VELOCITY=6
G1 F6046
G1 X161.292 Y106.475 E.22784
G1 X162.016 Y107.298 E.03561
G1 X156.161 Y112.446 E.25332
G1 X155.438 Y111.623 E.03561
G1 X155.981 Y111.145 E.02353
SET_VELOCITY_LIMIT ACCEL=8000 ACCEL_TO_DECEL=4000 SQUARE_CORNER_VELOCITY=8
G1 X155.399 Y112.173 F24000
SET_VELOCITY_LIMIT ACCEL=4000 ACCEL_TO_DECEL=2000 SQUARE_CORNER_VELOCITY=6
;TYPE:Outer wall
;WIDTH:0.42
G1 F6046
G1 X154.991 Y112.531 E.01634
G1 X143.856 Y122.321 E.44629
G1 X143.383 Y122.737 E.01896
G1 X141.877 Y121.025 E.06863
G1 X142.781 Y120.23 E.03624
G1 X144.906 Y120.36 E.06408
G1 X161.328 Y105.922 E.65818
G1 X161.589 Y106.219 E.0119
M106 S255
G1 F2220
G1 X162.569 Y107.334 E.04468
G1 X156.126 Y112.999 E.25824
M106 S227
G1 X155.439 Y112.218 E.03131
SET_VELOCITY_LIMIT ACCEL=8000 ACCEL_TO_DECEL=4000 SQUARE_CORNER_VELOCITY=8
G1 X155.289 Y111.751 F24000
SET_VELOCITY_LIMIT ACCEL=6000 ACCEL_TO_DECEL=3000
;TYPE:Gap infill
;WIDTH:0.430844
G1 F6046
G1 X145.249 Y120.577 E.41395
SET_VELOCITY_LIMIT ACCEL=8000 ACCEL_TO_DECEL=4000
G1 X143.018 Y121.098 F24000
SET_VELOCITY_LIMIT ACCEL=6000 ACCEL_TO_DECEL=3000
;TYPE:Internal solid infill
;WIDTH:0.468625
G1 F5872.611
G1 X143.456 Y121.596 E.02253
G1 X144.004 Y121.115 E.02478
G1 X143.063 Y121.059 E.03201
G1 E-.8 F2400
;WIPE_START
G1 F5872.611
G1 X144.004 Y121.115
G1 X143.456 Y121.596
G1 X143.239 Y121.349
;WIPE_END
SET_VELOCITY_LIMIT ACCEL=8000 ACCEL_TO_DECEL=4000
G1 X149.311 Y116.725 Z2.8 F24000
G1 X155.968 Y111.657 Z2.8
G1 Z2.4
G1 E.8 F2400
SET_VELOCITY_LIMIT ACCEL=6000 ACCEL_TO_DECEL=3000
;WIDTH:0.387303
G1 F6046
G1 X156.195 Y111.915 E.00947
G1 X161.486 Y107.264 E.19365
G1 X161.258 Y107.006 E.00947
G1 X156.013 Y111.617 E.192
G1 E-.8 F2400
;WIPE_START
G1 F7259.37
G1 X157.515 Y110.297
;WIPE_END
SET_VELOCITY_LIMIT ACCEL=8000 ACCEL_TO_DECEL=4000
G1 X152.543 Y116.088 Z2.8 F24000
G1 X135.954 Y135.409 Z2.8
G1 Z2.4
G1 E.8 F2400
SET_VELOCITY_LIMIT ACCEL=4000 ACCEL_TO_DECEL=2000 SQUARE_CORNER_VELOCITY=6
;TYPE:Inner wall
;WIDTH:0.45
G1 F6046
G1 X164.594 Y110.23 E1.23917
G1 X169.081 Y115.334 E.22083
G1 X125.56 Y153.597 E1.88305
G1 X96.329 Y135.28 E1.12093
G1 X95.673 Y106.831 E.92468
G1 X98.56 Y108.939 E.11615
G1 X135.393 Y135.903 E1.48332
G1 X135.909 Y135.449 E.02233
SET_VELOCITY_LIMIT ACCEL=8000 ACCEL_TO_DECEL=4000 SQUARE_CORNER_VELOCITY=8
G1 X135.37 Y135.4 F24000
SET_VELOCITY_LIMIT ACCEL=4000 ACCEL_TO_DECEL=2000 SQUARE_CORNER_VELOCITY=6
;TYPE:Outer wall
;WIDTH:0.42
G1 F6046
G1 X164.629 Y109.677 E1.17266
G1 X169.634 Y115.37 E.22816
G1 X125.599 Y154.084 E1.76488
G1 X95.942 Y135.5 E1.05347
G1 X95.263 Y106.046 E.8868
G1 X98.791 Y108.623 E.13152
G1 X135.322 Y135.365 E1.36272
G1 E-.8 F2400
;WIPE_START
G1 F6629.9
G1 X136.826 Y134.047
;WIPE_END
SET_VELOCITY_LIMIT ACCEL=8000 ACCEL_TO_DECEL=4000 SQUARE_CORNER_VELOCITY=8
G1 X142.741 Y129.223 Z2.8 F24000
G1 X153.477 Y120.468 Z2.8
G1 Z2.4
G1 E.8 F2400
SET_VELOCITY_LIMIT ACCEL=6000 ACCEL_TO_DECEL=3000
;TYPE:Sparse infill
;WIDTH:0.45
G1 F6046
G1 X152.254 Y121.543 E.05291
G1 X156.576 Y125.865 E.19861
G1 X152.491 Y129.456 E.17674
G1 X148.169 Y125.134 E.19861
G1 X144.084 Y128.725 E.17674
G1 X148.406 Y133.047 E.19861
G1 X144.321 Y136.638 E.17674
G1 X140 Y132.317 E.19861
G1 X138.777 Y133.392 E.05291
SET_VELOCITY_LIMIT ACCEL=8000 ACCEL_TO_DECEL=4000
G1 X164.745 Y118.682 F24000
SET_VELOCITY_LIMIT ACCEL=6000 ACCEL_TO_DECEL=3000
G1 F6046
G1 X160.423 Y114.361 E.19861
G1 X156.339 Y117.952 E.17674
G1 X160.66 Y122.274 E.19861
G1 X161.253 Y121.753 E.02564
G1 X168.175 Y114.831 E.31808
G1 X164.584 Y110.746 E.17674
G1 X123.46 Y151.87 E1.88983
G1 X125.525 Y153.164 E.07918
G1 X127.982 Y151.003 E.10633
G1 X96.309 Y119.33 E1.45552
G1 X96.271 Y117.651 E.05457
G1 X102.019 Y111.903 E.26416
G1 X97.586 Y108.66 E.17848
G1 X96.098 Y110.148 E.06841
G1 X96.128 Y111.473 E.04306
G1 X132.067 Y147.412 E1.65156
G1 X136.152 Y143.821 E.17674
G1 X110.286 Y117.955 E1.18866
G1 X106.451 Y115.147 E.15445
G1 X96.444 Y125.154 E.45987
G1 X96.49 Y127.187 E.06608
G1 X117.335 Y148.032 E.95791
G1 X118.741 Y148.913 E.0539
G1 X133.041 Y134.613 E.65716
G1 X135.413 Y136.349 E.09552
G1 X135.915 Y135.908 E.02172
G1 X140.237 Y140.229 E.19861
G1 X141.459 Y139.154 E.05291
G1 E-.8 F2400
;WIPE_START
G1 F6141.304
G1 X140.237 Y140.229
G1 X139.974 Y139.967
;WIPE_END
SET_VELOCITY_LIMIT ACCEL=8000 ACCEL_TO_DECEL=4000
G1 X133.843 Y135.42 Z2.8 F24000
G1 X110.882 Y118.391 Z2.8
G1 Z2.4
G1 E.8 F2400
SET_VELOCITY_LIMIT ACCEL=6000 ACCEL_TO_DECEL=3000
G1 F6046
G1 X96.617 Y132.657 E.65558
G1 X96.673 Y135.084 E.07889
G1 X99.865 Y137.085 E.12242
G1 X115.314 Y121.636 E.70996
G1 X119.746 Y124.88 E.17847
G1 X104.584 Y140.042 E.69676
G1 X109.303 Y142.999 E.18096
G1 X124.178 Y128.124 E.68356
G1 X128.609 Y131.368 E.17847
G1 X114.022 Y145.956 E.67036
G1 X112.642 Y145.091 E.05291
G1 E-.8 F2400
SET_VELOCITY_LIMIT ACCEL=8000 ACCEL_TO_DECEL=4000
G1 X105.785 Y141.739 Z2.8 F24000
G1 X91.323 Y134.667 Z2.8
G1 Z2.4
G1 E.8 F2400
SET_VELOCITY_LIMIT ACCEL=4000 ACCEL_TO_DECEL=2000 SQUARE_CORNER_VELOCITY=6
;TYPE:Inner wall
G1 F6046
G1 X90.67 Y106.329 E.92109
G1 X91.765 Y106.304 E.03561
G1 X92.124 Y121.87 E.50595
G1 X92.429 Y135.092 E.42976
G1 X91.334 Y135.117 E.03561
G1 X91.325 Y134.727 E.01267
SET_VELOCITY_LIMIT ACCEL=8000 ACCEL_TO_DECEL=4000 SQUARE_CORNER_VELOCITY=8
G1 X90.951 Y135.518 F24000
SET_VELOCITY_LIMIT ACCEL=4000 ACCEL_TO_DECEL=2000 SQUARE_CORNER_VELOCITY=6
;TYPE:Outer wall
;WIDTH:0.42
G1 F6046
G1 X90.269 Y105.946 E.89036
M106 S255
G1 F2220
G1 X92.148 Y105.903 E.05657
G1 X92.516 Y121.861 E.48047
G1 X92.83 Y135.475 E.40989
M106 S227
G1 X91.011 Y135.517 E.05477
SET_VELOCITY_LIMIT ACCEL=8000 ACCEL_TO_DECEL=4000 SQUARE_CORNER_VELOCITY=8
G1 X92.045 Y134.725 F24000
SET_VELOCITY_LIMIT ACCEL=6000 ACCEL_TO_DECEL=3000
;TYPE:Internal solid infill
;WIDTH:0.387302
G1 F6046
M73 P14 R33
G1 X91.398 Y106.688 E.77094
G1 X91.054 Y106.696 E.00947
G1 X91.701 Y134.733 E.77094
G1 X91.985 Y134.726 E.00782
;TIME_ELAPSED:327.665771

;LAYER_CHANGE
;:2.6
;HEIGHT:0.2
;BEFORE_LAYER_CHANGE
;2.6
G92 E0

G1 E-.8 F2400
;WIPE_START
G1 F7259.381
G1 X91.701 Y134.733
G1 X91.661 Y133.018
;WIPE_END
EXCLUDE_OBJECT_END NAME=arm.stl_id_0_copy_0
;_SET_FAN_SPEED_CHANGING_LAYER
; OBJECT_ID: 15
EXCLUDE_OBJECT_START NAME=arm.stl_id_0_copy_0
SET_VELOCITY_LIMIT ACCEL=8000 ACCEL_TO_DECEL=4000
G1 X99.118 Y131.39 Z2.8 F24000
G1 X144.12 Y121.567 Z2.8
G1 Z2.6
G1 E.8 F2400
SET_VELOCITY_LIMIT ACCEL=4000 ACCEL_TO_DECEL=2000 SQUARE_CORNER_VELOCITY=6
;TYPE:Inner wall
;WIDTH:0.45
G1 F6061
G1 X143.418 Y122.184 E.03037
G1 X142.431 Y121.061 E.04861
G1 X142.919 Y120.632 E.02111
G1 X145.037 Y120.761 E.06897
G1 X144.165 Y121.527 E.03773
G1 E-.8 F2400
;WIPE_START
G1 F6141.304
G1 X143.418 Y122.184
G1 X142.755 Y121.429
;WIPE_END
SET_VELOCITY_LIMIT ACCEL=8000 ACCEL_TO_DECEL=4000 SQUARE_CORNER_VELOCITY=8
G1 X148.779 Y116.743 Z3 F24000
G1 X156.027 Y111.105 Z3
G1 Z2.6
G1 E.8 F2400
SET_VELOCITY_LIMIT ACCEL=4000 ACCEL_TO_DECEL=2000 SQUARE_CORNER_VELOCITY=6
G1 F6061
G1 X161.292 Y106.475 E.22784
G1 X162.148 Y107.449 E.04211
G1 X156.293 Y112.596 E.25332
G1 X155.438 Y111.623 E.04211
G1 X155.981 Y111.145 E.02353
SET_VELOCITY_LIMIT ACCEL=8000 ACCEL_TO_DECEL=4000 SQUARE_CORNER_VELOCITY=8
G1 X155.399 Y112.173 F24000
SET_VELOCITY_LIMIT ACCEL=4000 ACCEL_TO_DECEL=2000 SQUARE_CORNER_VELOCITY=6
;TYPE:Outer wall
;WIDTH:0.42
G1 F6061
G1 X154.991 Y112.531 E.01634
G1 X143.856 Y122.321 E.44629
G1 X143.383 Y122.737 E.01896
G1 X141.877 Y121.025 E.06863
G1 X142.781 Y120.23 E.03624
G1 X144.906 Y120.36 E.06408
G1 X161.328 Y105.922 E.65818
G1 X161.624 Y106.258 E.01348
M106 S255
G1 F2220
G1 X162.701 Y107.484 E.04912
G1 X156.258 Y113.149 E.25824
M106 S227
G1 X155.439 Y112.218 E.03732
SET_VELOCITY_LIMIT ACCEL=8000 ACCEL_TO_DECEL=4000 SQUARE_CORNER_VELOCITY=8
G1 X155.289 Y111.751 F24000
SET_VELOCITY_LIMIT ACCEL=6000 ACCEL_TO_DECEL=3000
;TYPE:Gap infill
;WIDTH:0.430844
G1 F6061
G1 X145.249 Y120.577 E.41395
SET_VELOCITY_LIMIT ACCEL=8000 ACCEL_TO_DECEL=4000
G1 X143.018 Y121.098 F24000
SET_VELOCITY_LIMIT ACCEL=6000 ACCEL_TO_DECEL=3000
;TYPE:Internal solid infill
;WIDTH:0.468625
G1 F5872.611
G1 X143.456 Y121.596 E.02253
G1 X144.004 Y121.115 E.02478
G1 X143.063 Y121.059 E.03201
G1 E-.8 F2400
;WIPE_START
G1 F5872.611
G1 X144.004 Y121.115
G1 X143.456 Y121.596
G1 X143.239 Y121.349
;WIPE_END
SET_VELOCITY_LIMIT ACCEL=8000 ACCEL_TO_DECEL=4000
G1 X149.325 Y116.743 Z3 F24000
G1 X156.038 Y111.661 Z3
G1 Z2.6
G1 E.8 F2400
SET_VELOCITY_LIMIT ACCEL=6000 ACCEL_TO_DECEL=3000
;WIDTH:0.487303
G1 F5625.785
G1 X156.332 Y111.995 E.01576
G1 X161.547 Y107.41 E.24633
G1 X161.254 Y107.076 E.01576
G1 X156.083 Y111.622 E.24421
G1 E-.8 F2400
;WIPE_START
G1 F5625.785
G1 X157.586 Y110.301
;WIPE_END
SET_VELOCITY_LIMIT ACCEL=8000 ACCEL_TO_DECEL=4000
G1 X152.604 Y116.084 Z3 F24000
G1 X135.954 Y135.409 Z3
G1 Z2.6
G1 E.8 F2400
SET_VELOCITY_LIMIT ACCEL=4000 ACCEL_TO_DECEL=2000 SQUARE_CORNER_VELOCITY=6
;TYPE:Inner wall
;WIDTH:0.45
G1 F6061
G1 X164.594 Y110.23 E1.23917
G1 X169.081 Y115.334 E.22083
G1 X125.56 Y153.597 E1.88305
G1 X96.329 Y135.28 E1.12093
G1 X95.673 Y106.831 E.92467
G1 X98.896 Y109.185 E.12967
G1 X135.393 Y135.903 E1.4698
G1 X135.909 Y135.449 E.02233
SET_VELOCITY_LIMIT ACCEL=8000 ACCEL_TO_DECEL=4000 SQUARE_CORNER_VELOCITY=8
G1 X135.37 Y135.4 F24000
SET_VELOCITY_LIMIT ACCEL=4000 ACCEL_TO_DECEL=2000 SQUARE_CORNER_VELOCITY=6
;TYPE:Outer wall
;WIDTH:0.42
G1 F6061
G1 X164.629 Y109.677 E1.17266
G1 X169.634 Y115.37 E.22816
G1 X125.599 Y154.084 E1.76488
G1 X95.942 Y135.5 E1.05347
G1 X95.263 Y106.046 E.88679
G1 X99.127 Y108.869 E.14404
G1 X135.322 Y135.365 E1.35019
G1 E-.8 F2400
;WIPE_START
G1 F6629.9
G1 X136.826 Y134.047
;WIPE_END
SET_VELOCITY_LIMIT ACCEL=8000 ACCEL_TO_DECEL=4000 SQUARE_CORNER_VELOCITY=8
G1 X138.777 Y133.392 Z3 F24000
G1 Z2.6
G1 E.8 F2400
SET_VELOCITY_LIMIT ACCEL=6000 ACCEL_TO_DECEL=3000
;TYPE:Sparse infill
;WIDTH:0.45
G1 F6061
G1 X140 Y132.317 E.05291
G1 X144.321 Y136.638 E.19861
G1 X148.406 Y133.047 E.17674
G1 X144.084 Y128.725 E.19861
G1 X148.169 Y125.134 E.17674
G1 X152.491 Y129.456 E.19861
G1 X156.576 Y125.865 E.17674
G1 X152.254 Y121.543 E.19861
G1 X153.477 Y120.468 E.05291
SET_VELOCITY_LIMIT ACCEL=8000 ACCEL_TO_DECEL=4000
G1 X141.459 Y139.154 F24000
SET_VELOCITY_LIMIT ACCEL=6000 ACCEL_TO_DECEL=3000
G1 F6061
G1 X140.237 Y140.229 E.05291
G1 X135.915 Y135.908 E.19861
G1 X135.413 Y136.349 E.02172
G1 X133.041 Y134.613 E.09552
G1 X118.741 Y148.913 E.65716
G1 X117.335 Y148.032 E.0539
G1 X96.49 Y127.187 E.95791
G1 X96.444 Y125.154 E.06608
G1 X106.451 Y115.147 E.45987
G1 X110.286 Y117.955 E.15445
G1 X136.152 Y143.821 E1.18866
G1 X132.067 Y147.412 E.17674
G1 X96.128 Y111.473 E1.65156
G1 X96.098 Y110.148 E.04306
G1 X97.586 Y108.66 E.0684
G1 X102.019 Y111.903 E.17848
G1 X96.271 Y117.651 E.26416
G1 X96.309 Y119.33 E.05457
G1 X127.982 Y151.003 E1.45552
G1 X125.525 Y153.164 E.10633
G1 X123.46 Y151.87 E.07918
G1 X164.584 Y110.746 E1.88983
G1 X168.175 Y114.831 E.17674
G1 X161.253 Y121.753 E.31808
G1 X160.66 Y122.274 E.02564
G1 X156.339 Y117.952 E.19861
G1 X160.423 Y114.361 E.17674
G1 X164.745 Y118.682 E.19861
G1 E-.8 F2400
;WIPE_START
G1 F6141.304
G1 X163.331 Y117.268
;WIPE_END
SET_VELOCITY_LIMIT ACCEL=8000 ACCEL_TO_DECEL=4000
G1 X156.64 Y120.941 Z3 F24000
G1 X112.642 Y145.091 Z3
G1 Z2.6
G1 E.8 F2400
SET_VELOCITY_LIMIT ACCEL=6000 ACCEL_TO_DECEL=3000
G1 F6061
G1 X114.022 Y145.956 E.05291
G1 X128.609 Y131.368 E.67036
G1 X124.178 Y128.124 E.17847
G1 X109.303 Y142.999 E.68356
G1 X104.584 Y140.042 E.18096
G1 X119.746 Y124.88 E.69676
G1 X115.314 Y121.636 E.17847
G1 X99.865 Y137.085 E.70996
G1 X96.673 Y135.084 E.12242
G1 X96.617 Y132.657 E.07889
G1 X110.882 Y118.391 E.65558
G1 E-.8 F2400
SET_VELOCITY_LIMIT ACCEL=8000 ACCEL_TO_DECEL=4000
G1 X105.016 Y123.273 Z3 F24000
G1 X91.323 Y134.667 Z3
G1 Z2.6
G1 E.8 F2400
SET_VELOCITY_LIMIT ACCEL=4000 ACCEL_TO_DECEL=2000 SQUARE_CORNER_VELOCITY=6
;TYPE:Inner wall
G1 F6061
G1 X90.67 Y106.329 E.92109
G1 X91.965 Y106.299 E.04211
G1 X92.297 Y120.663 E.46688
G1 X92.629 Y135.087 E.46884
G1 X91.334 Y135.117 E.04211
G1 X91.325 Y134.727 E.01267
SET_VELOCITY_LIMIT ACCEL=8000 ACCEL_TO_DECEL=4000 SQUARE_CORNER_VELOCITY=8
G1 X90.951 Y135.518 F24000
SET_VELOCITY_LIMIT ACCEL=4000 ACCEL_TO_DECEL=2000 SQUARE_CORNER_VELOCITY=6
;TYPE:Outer wall
;WIDTH:0.42
G1 F6061
G1 X90.269 Y105.946 E.89036
G1 X90.899 Y105.931 E.01897
G1 X91.519 Y105.917 E.01867
M106 S255
G1 F2220
G1 X92.348 Y105.898 E.02496
G1 X92.689 Y120.654 E.44428
G1 X93.03 Y135.47 E.44608
M106 S227
G1 X92.2 Y135.489 E.02499
G1 F6061
G1 X91.64 Y135.502 E.01686
G1 X91.011 Y135.517 E.01894
SET_VELOCITY_LIMIT ACCEL=8000 ACCEL_TO_DECEL=4000 SQUARE_CORNER_VELOCITY=8
G1 X92.194 Y134.671 F24000
SET_VELOCITY_LIMIT ACCEL=6000 ACCEL_TO_DECEL=3000
;TYPE:Internal solid infill
;WIDTH:0.487302
G1 F5625.79
G1 X91.55 Y106.734 E.99126
G1 X91.105 Y106.745 E.01576
G1 X91.749 Y134.682 E.99126
G1 X92.134 Y134.673 E.01363
;TIME_ELAPSED:345.390961

;LAYER_CHANGE
;:2.8
;HEIGHT:0.2
;BEFORE_LAYER_CHANGE
;2.8
G92 E0

G1 E-.8 F2400
;WIPE_START
G1 F5625.79
G1 X91.749 Y134.682
G1 X91.712 Y133.066
;WIPE_END
EXCLUDE_OBJECT_END NAME=arm.stl_id_0_copy_0
;_SET_FAN_SPEED_CHANGING_LAYER
; OBJECT_ID: 15
EXCLUDE_OBJECT_START NAME=arm.stl_id_0_copy_0
SET_VELOCITY_LIMIT ACCEL=8000 ACCEL_TO_DECEL=4000
G1 X99.167 Y131.431 Z3 F24000
G1 X144.12 Y121.567 Z3
G1 Z2.8
G1 E.8 F2400
SET_VELOCITY_LIMIT ACCEL=4000 ACCEL_TO_DECEL=2000 SQUARE_CORNER_VELOCITY=6
;TYPE:Inner wall
;WIDTH:0.45
G1 F6141.304
G1 X143.418 Y122.184 E.03037
G1 X142.431 Y121.061 E.04861
G1 X142.919 Y120.632 E.02111
G1 X145.037 Y120.761 E.06897
G1 X144.165 Y121.527 E.03773
G1 E-.8 F2400
;WIPE_START
G1 F6141.304
G1 X143.418 Y122.184
G1 X142.755 Y121.429
;WIPE_END
SET_VELOCITY_LIMIT ACCEL=8000 ACCEL_TO_DECEL=4000 SQUARE_CORNER_VELOCITY=8
G1 X148.779 Y116.743 Z3.2 F24000
G1 X156.027 Y111.105 Z3.2
G1 Z2.8
G1 E.8 F2400
SET_VELOCITY_LIMIT ACCEL=4000 ACCEL_TO_DECEL=2000 SQUARE_CORNER_VELOCITY=6
G1 F6141.304
G1 X161.292 Y106.475 E.22784
G1 X162.28 Y107.599 E.04861
G1 X156.425 Y112.746 E.25332
G1 X155.438 Y111.623 E.04861
G1 X155.981 Y111.145 E.02353
SET_VELOCITY_LIMIT ACCEL=8000 ACCEL_TO_DECEL=4000 SQUARE_CORNER_VELOCITY=8
G1 X155.399 Y112.173 F24000
SET_VELOCITY_LIMIT ACCEL=4000 ACCEL_TO_DECEL=2000 SQUARE_CORNER_VELOCITY=6
;TYPE:Outer wall
;WIDTH:0.42
G1 F6207
G1 X154.991 Y112.531 E.01634
G1 X143.856 Y122.321 E.44629
G1 X143.383 Y122.737 E.01896
G1 X141.877 Y121.025 E.06863
G1 X142.781 Y120.23 E.03624
G1 X144.906 Y120.36 E.06408
G1 X161.328 Y105.922 E.65818
G1 X161.659 Y106.298 E.01508
M106 S255
G1 F2220
G1 X162.833 Y107.634 E.05353
G1 X156.39 Y113.299 E.25824
M106 S227
G1 X155.439 Y112.218 E.04334
SET_VELOCITY_LIMIT ACCEL=8000 ACCEL_TO_DECEL=4000 SQUARE_CORNER_VELOCITY=8
G1 X155.289 Y111.751 F24000
SET_VELOCITY_LIMIT ACCEL=6000 ACCEL_TO_DECEL=3000
;TYPE:Gap infill
;WIDTH:0.430844
G1 F6207
G1 X145.249 Y120.577 E.41395
SET_VELOCITY_LIMIT ACCEL=8000 ACCEL_TO_DECEL=4000
G1 X143.018 Y121.098 F24000
SET_VELOCITY_LIMIT ACCEL=6000 ACCEL_TO_DECEL=3000
;TYPE:Internal solid infill
;WIDTH:0.468625
G1 F5872.611
G1 X143.456 Y121.596 E.02253
G1 X144.004 Y121.115 E.02478
G1 X143.063 Y121.059 E.03201
G1 E-.8 F2400
;WIPE_START
G1 F5872.611
G1 X144.004 Y121.115
G1 X143.456 Y121.596
G1 X143.239 Y121.349
;WIPE_END
SET_VELOCITY_LIMIT ACCEL=8000 ACCEL_TO_DECEL=4000
G1 X149.316 Y116.731 Z3.2 F24000
G1 X155.991 Y111.658 Z3.2
G1 Z2.8
G1 E.8 F2400
SET_VELOCITY_LIMIT ACCEL=6000 ACCEL_TO_DECEL=3000
;WIDTH:0.419999
G1 F6207
G1 X156.461 Y112.193 E.02142
G1 X161.727 Y107.563 E.21105
G1 X161.257 Y107.029 E.02142
G1 X156.036 Y111.619 E.20925
SET_VELOCITY_LIMIT ACCEL=8000 ACCEL_TO_DECEL=4000
G1 X156.493 Y111.691 F24000
SET_VELOCITY_LIMIT ACCEL=6000 ACCEL_TO_DECEL=3000
;WIDTH:0.377528
G1 F6207
G1 X161.18 Y107.57 E.16667
G1 E-.8 F2400
;WIPE_START
G1 F7471.429
G1 X159.677 Y108.891
;WIPE_END
SET_VELOCITY_LIMIT ACCEL=8000 ACCEL_TO_DECEL=4000
G1 X154.589 Y114.579 Z3.2 F24000
G1 X135.954 Y135.409 Z3.2
G1 Z2.8
G1 E.8 F2400
SET_VELOCITY_LIMIT ACCEL=4000 ACCEL_TO_DECEL=2000 SQUARE_CORNER_VELOCITY=6
;TYPE:Inner wall
;WIDTH:0.45
G1 F6141.304
G1 X164.594 Y110.23 E1.23917
G1 X169.081 Y115.334 E.22083
G1 X125.56 Y153.597 E1.88305
G1 X96.329 Y135.28 E1.12093
G1 X95.673 Y106.832 E.92467
G1 X99.231 Y109.431 E.1432
M73 P15 R33
G1 X135.393 Y135.903 E1.45627
G1 X135.909 Y135.449 E.02233
SET_VELOCITY_LIMIT ACCEL=8000 ACCEL_TO_DECEL=4000 SQUARE_CORNER_VELOCITY=8
G1 X135.37 Y135.4 F24000
SET_VELOCITY_LIMIT ACCEL=4000 ACCEL_TO_DECEL=2000 SQUARE_CORNER_VELOCITY=6
;TYPE:Outer wall
;WIDTH:0.42
G1 F6207
G1 X164.629 Y109.677 E1.17266
G1 X169.634 Y115.37 E.22816
G1 X125.599 Y154.084 E1.76488
G1 X95.942 Y135.5 E1.05347
G1 X95.263 Y106.046 E.88679
G1 X99.463 Y109.114 E.15657
G1 X135.322 Y135.365 E1.33766
G1 E-.8 F2400
;WIPE_START
G1 F6629.9
G1 X136.826 Y134.047
;WIPE_END
SET_VELOCITY_LIMIT ACCEL=8000 ACCEL_TO_DECEL=4000 SQUARE_CORNER_VELOCITY=8
G1 X135.511 Y141.565 Z3.2 F24000
G1 X134.929 Y144.896 Z3.2
G1 Z2.8
G1 E.8 F2400
SET_VELOCITY_LIMIT ACCEL=6000 ACCEL_TO_DECEL=3000
;TYPE:Sparse infill
;WIDTH:0.45
G1 F6141.304
G1 X136.152 Y143.821 E.05291
G1 X110.286 Y117.955 E1.18866
G1 X106.451 Y115.147 E.15444
G1 X96.444 Y125.154 E.45987
G1 X96.49 Y127.187 E.06608
G1 X117.335 Y148.032 E.95791
G1 X118.741 Y148.913 E.0539
G1 X133.041 Y134.613 E.65716
G1 X135.413 Y136.349 E.09552
G1 X135.915 Y135.908 E.02172
G1 X140.237 Y140.229 E.19861
G1 X139.014 Y141.305 E.05291
SET_VELOCITY_LIMIT ACCEL=8000 ACCEL_TO_DECEL=4000
G1 X153.477 Y120.468 F24000
SET_VELOCITY_LIMIT ACCEL=6000 ACCEL_TO_DECEL=3000
G1 F6141.304
G1 X152.254 Y121.543 E.05291
G1 X156.576 Y125.865 E.19861
G1 X152.491 Y129.456 E.17674
G1 X148.169 Y125.134 E.19861
G1 X144.084 Y128.725 E.17674
G1 X148.406 Y133.047 E.19861
G1 X144.321 Y136.638 E.17674
G1 X140 Y132.317 E.19861
G1 X141.222 Y131.241 E.05291
SET_VELOCITY_LIMIT ACCEL=8000 ACCEL_TO_DECEL=4000
G1 X164.745 Y118.682 F24000
SET_VELOCITY_LIMIT ACCEL=6000 ACCEL_TO_DECEL=3000
G1 F6141.304
G1 X160.423 Y114.361 E.19861
G1 X156.339 Y117.952 E.17674
G1 X160.66 Y122.274 E.19861
G1 X161.253 Y121.753 E.02563
G1 X168.175 Y114.831 E.31809
G1 X164.584 Y110.746 E.17674
G1 X123.46 Y151.87 E1.88983
G1 X124.84 Y152.734 E.05291
SET_VELOCITY_LIMIT ACCEL=8000 ACCEL_TO_DECEL=4000
G1 X110.882 Y118.391 F24000
SET_VELOCITY_LIMIT ACCEL=6000 ACCEL_TO_DECEL=3000
G1 F6141.304
G1 X96.617 Y132.657 E.65558
G1 X96.673 Y135.084 E.07889
G1 X99.865 Y137.085 E.12242
G1 X115.314 Y121.636 E.70996
G1 X119.746 Y124.88 E.17847
G1 X104.584 Y140.042 E.69676
G1 X109.303 Y142.999 E.18096
G1 X124.178 Y128.124 E.68356
G1 X128.609 Y131.368 E.17847
G1 X114.022 Y145.956 E.67036
M73 P15 R32
G1 X112.642 Y145.091 E.05291
SET_VELOCITY_LIMIT ACCEL=8000 ACCEL_TO_DECEL=4000
G1 X100.705 Y110.941 F24000
SET_VELOCITY_LIMIT ACCEL=6000 ACCEL_TO_DECEL=3000
G1 F6141.304
G1 X102.019 Y111.903 E.05291
G1 X96.271 Y117.651 E.26416
G1 X96.309 Y119.33 E.05457
G1 X127.982 Y151.003 E1.45552
G1 X132.067 Y147.412 E.17674
G1 X96.128 Y111.473 E1.65156
G1 X96.098 Y110.148 E.04306
G1 X97.586 Y108.66 E.06839
G1 X96.271 Y107.7 E.05291
G1 E-.8 F2400
SET_VELOCITY_LIMIT ACCEL=8000 ACCEL_TO_DECEL=4000
G1 X94.894 Y115.207 Z3.2 F24000
G1 X91.323 Y134.667 Z3.2
G1 Z2.8
G1 E.8 F2400
SET_VELOCITY_LIMIT ACCEL=4000 ACCEL_TO_DECEL=2000 SQUARE_CORNER_VELOCITY=6
;TYPE:Inner wall
G1 F6141.304
G1 X90.67 Y106.329 E.92109
G1 X92.165 Y106.294 E.04861
G1 X92.469 Y119.456 E.42781
G1 X92.829 Y135.083 E.50791
G1 X91.334 Y135.117 E.04861
G1 X91.325 Y134.727 E.01267
SET_VELOCITY_LIMIT ACCEL=8000 ACCEL_TO_DECEL=4000 SQUARE_CORNER_VELOCITY=8
G1 X90.951 Y135.518 F24000
SET_VELOCITY_LIMIT ACCEL=4000 ACCEL_TO_DECEL=2000 SQUARE_CORNER_VELOCITY=6
;TYPE:Outer wall
;WIDTH:0.42
G1 F6207
G1 X90.269 Y105.946 E.89036
G1 X90.899 Y105.931 E.01897
G1 X91.719 Y105.913 E.02469
M106 S255
G1 F2220
G1 X92.548 Y105.893 E.02496
G1 X92.861 Y119.447 E.40809
G1 X93.23 Y135.466 E.4823
M106 S227
G1 X92.4 Y135.485 E.02499
G1 F6207
G1 X91.64 Y135.502 E.02288
G1 X91.011 Y135.517 E.01894
G1 E-.8 F2400
;WIPE_START
G1 F6629.9
G1 X90.96 Y133.517
;WIPE_END
SET_VELOCITY_LIMIT ACCEL=8000 ACCEL_TO_DECEL=4000 SQUARE_CORNER_VELOCITY=8
G1 X91.928 Y131.891 Z3.2 F24000
G1 Z2.8
G1 E.8 F2400
SET_VELOCITY_LIMIT ACCEL=6000 ACCEL_TO_DECEL=3000
;TYPE:Sparse infill
;WIDTH:0.45
G1 F6141.304
G1 X91.89 Y130.263 E.05291
G1 X91.562 Y129.935 E.01506
G1 X91.565 Y130.033 E.00318
G1 X91.878 Y129.72 E.01438
G1 X91.84 Y128.092 E.05291
SET_VELOCITY_LIMIT ACCEL=8000 ACCEL_TO_DECEL=4000
G1 X91.396 Y108.839 F24000
SET_VELOCITY_LIMIT ACCEL=6000 ACCEL_TO_DECEL=3000
G1 F6141.304
G1 X91.359 Y107.211 E.05291
G1 X91.046 Y107.524 E.01438
G1 X91.2 Y114.221 E.21767
G1 X91.528 Y114.549 E.01506
G1 X91.532 Y114.714 E.00537
G1 X91.219 Y115.027 E.01438
G1 X91.381 Y122.078 E.22918
G1 X91.709 Y122.406 E.01506
G1 X91.705 Y122.217 E.00614
G1 X91.392 Y122.53 E.01438
G1 X91.429 Y124.158 E.05291
SET_VELOCITY_LIMIT ACCEL=8000 ACCEL_TO_DECEL=4000
G1 X91.761 Y106.718 F24000
SET_VELOCITY_LIMIT ACCEL=6000 ACCEL_TO_DECEL=3000
;TYPE:Internal solid infill
;WIDTH:0.463294
G1 F5947.085
G1 X92.405 Y134.619 E.9365
;TIME_ELAPSED:363.520905

;LAYER_CHANGE
;:3
;HEIGHT:0.2
;BEFORE_LAYER_CHANGE
;3
G92 E0

G1 E-.8 F2400
;WIPE_START
G1 F5947.085
G1 X92.358 Y132.619
;WIPE_END
EXCLUDE_OBJECT_END NAME=arm.stl_id_0_copy_0
;_SET_FAN_SPEED_CHANGING_LAYER
; OBJECT_ID: 15
EXCLUDE_OBJECT_START NAME=arm.stl_id_0_copy_0
SET_VELOCITY_LIMIT ACCEL=8000 ACCEL_TO_DECEL=4000
G1 X99.823 Y131.025 Z3.2 F24000
G1 X144.12 Y121.567 Z3.2
G1 Z3
G1 E.8 F2400
SET_VELOCITY_LIMIT ACCEL=4000 ACCEL_TO_DECEL=2000 SQUARE_CORNER_VELOCITY=6
;TYPE:Inner wall
;WIDTH:0.45
G1 F6141.304
G1 X143.418 Y122.184 E.03037
G1 X142.431 Y121.061 E.04861
G1 X142.919 Y120.632 E.02111
G1 X145.037 Y120.761 E.06897
G1 X144.165 Y121.527 E.03773
G1 E-.8 F2400
;WIPE_START
G1 F6141.304
G1 X143.418 Y122.184
G1 X142.755 Y121.429
;WIPE_END
SET_VELOCITY_LIMIT ACCEL=8000 ACCEL_TO_DECEL=4000 SQUARE_CORNER_VELOCITY=8
G1 X148.779 Y116.743 Z3.4 F24000
G1 X156.027 Y111.105 Z3.4
G1 Z3
G1 E.8 F2400
SET_VELOCITY_LIMIT ACCEL=4000 ACCEL_TO_DECEL=2000 SQUARE_CORNER_VELOCITY=6
G1 F6141.304
G1 X161.292 Y106.475 E.22784
G1 X161.399 Y106.596 E.00523
G1 X162.412 Y107.749 E.04987
G1 X156.557 Y112.896 E.25332
G1 X155.438 Y111.623 E.05511
G1 X155.981 Y111.145 E.02353
SET_VELOCITY_LIMIT ACCEL=8000 ACCEL_TO_DECEL=4000 SQUARE_CORNER_VELOCITY=8
G1 X155.399 Y112.173 F24000
SET_VELOCITY_LIMIT ACCEL=4000 ACCEL_TO_DECEL=2000 SQUARE_CORNER_VELOCITY=6
;TYPE:Outer wall
;WIDTH:0.42
G1 F6285
G1 X154.991 Y112.531 E.01634
G1 X143.856 Y122.321 E.44629
G1 X143.383 Y122.737 E.01896
G1 X141.877 Y121.025 E.06863
G1 X142.781 Y120.23 E.03624
G1 X144.906 Y120.36 E.06408
G1 X161.328 Y105.922 E.65818
G1 X161.693 Y106.337 E.01664
M106 S255
G1 F2220
G1 X162.966 Y107.785 E.05803
G1 X156.522 Y113.45 E.25826
M106 S227
G1 X155.439 Y112.218 E.04937
SET_VELOCITY_LIMIT ACCEL=8000 ACCEL_TO_DECEL=4000 SQUARE_CORNER_VELOCITY=8
G1 X155.289 Y111.751 F24000
SET_VELOCITY_LIMIT ACCEL=6000 ACCEL_TO_DECEL=3000
;TYPE:Gap infill
;WIDTH:0.430844
G1 F6285
G1 X145.249 Y120.577 E.41395
SET_VELOCITY_LIMIT ACCEL=8000 ACCEL_TO_DECEL=4000
G1 X143.018 Y121.098 F24000
SET_VELOCITY_LIMIT ACCEL=6000 ACCEL_TO_DECEL=3000
;TYPE:Internal solid infill
;WIDTH:0.468625
G1 F5872.611
G1 X143.456 Y121.596 E.02253
G1 X144.004 Y121.115 E.02478
G1 X143.063 Y121.059 E.03201
G1 E-.8 F2400
;WIPE_START
G1 F5872.611
G1 X144.004 Y121.115
G1 X143.456 Y121.596
G1 X143.239 Y121.349
;WIPE_END
SET_VELOCITY_LIMIT ACCEL=8000 ACCEL_TO_DECEL=4000
G1 X149.316 Y116.731 Z3.4 F24000
G1 X155.991 Y111.658 Z3.4
G1 Z3
G1 E.8 F2400
SET_VELOCITY_LIMIT ACCEL=6000 ACCEL_TO_DECEL=3000
;WIDTH:0.419999
G1 F6285
G1 X156.593 Y112.343 E.02744
G1 X161.859 Y107.713 E.21105
G1 X161.257 Y107.029 E.02744
G1 X156.036 Y111.619 E.20925
SET_VELOCITY_LIMIT ACCEL=8000 ACCEL_TO_DECEL=4000
G1 X156.634 Y111.7 F24000
SET_VELOCITY_LIMIT ACCEL=6000 ACCEL_TO_DECEL=3000
;WIDTH:0.577528
G1 F4676.324
G1 X161.17 Y107.712 E.25776
G1 E-.8 F2400
;WIPE_START
G1 F4676.324
G1 X159.668 Y109.032
;WIPE_END
SET_VELOCITY_LIMIT ACCEL=8000 ACCEL_TO_DECEL=4000
G1 X154.566 Y114.708 Z3.4 F24000
G1 X135.954 Y135.409 Z3.4
G1 Z3
G1 E.8 F2400
SET_VELOCITY_LIMIT ACCEL=4000 ACCEL_TO_DECEL=2000 SQUARE_CORNER_VELOCITY=6
;TYPE:Inner wall
;WIDTH:0.45
G1 F6141.304
G1 X164.594 Y110.23 E1.23917
G1 X169.081 Y115.334 E.22083
G1 X125.56 Y153.597 E1.88305
G1 X96.329 Y135.28 E1.12093
G1 X95.673 Y106.832 E.92466
G1 X99.567 Y109.677 E.15672
G1 X135.393 Y135.903 E1.44274
G1 X135.909 Y135.449 E.02233
SET_VELOCITY_LIMIT ACCEL=8000 ACCEL_TO_DECEL=4000 SQUARE_CORNER_VELOCITY=8
G1 X135.37 Y135.4 F24000
SET_VELOCITY_LIMIT ACCEL=4000 ACCEL_TO_DECEL=2000 SQUARE_CORNER_VELOCITY=6
;TYPE:Outer wall
;WIDTH:0.42
G1 F6285
G1 X164.629 Y109.677 E1.17266
G1 X169.634 Y115.37 E.22816
G1 X125.599 Y154.084 E1.76488
G1 X95.942 Y135.5 E1.05347
G1 X95.263 Y106.046 E.88679
G1 X99.799 Y109.36 E.1691
G1 X135.322 Y135.365 E1.32513
G1 E-.8 F2400
;WIPE_START
G1 F6629.9
G1 X136.826 Y134.047
;WIPE_END
SET_VELOCITY_LIMIT ACCEL=8000 ACCEL_TO_DECEL=4000 SQUARE_CORNER_VELOCITY=8
G1 X139.014 Y141.305 Z3.4 F24000
G1 Z3
G1 E.8 F2400
SET_VELOCITY_LIMIT ACCEL=6000 ACCEL_TO_DECEL=3000
;TYPE:Sparse infill
;WIDTH:0.45
G1 F6141.304
G1 X140.237 Y140.229 E.05291
G1 X135.915 Y135.908 E.19861
G1 X135.413 Y136.349 E.02172
G1 X133.041 Y134.613 E.09552
G1 X118.741 Y148.913 E.65716
G1 X117.335 Y148.032 E.0539
G1 X96.49 Y127.187 E.95791
G1 X96.444 Y125.154 E.06608
G1 X106.451 Y115.147 E.45987
G1 X110.286 Y117.955 E.15444
G1 X136.152 Y143.821 E1.18866
G1 X134.929 Y144.896 E.05291
SET_VELOCITY_LIMIT ACCEL=8000 ACCEL_TO_DECEL=4000
G1 X124.84 Y152.734 F24000
SET_VELOCITY_LIMIT ACCEL=6000 ACCEL_TO_DECEL=3000
G1 F6141.304
G1 X123.46 Y151.87 E.05291
G1 X164.584 Y110.746 E1.88983
G1 X168.175 Y114.831 E.17674
G1 X161.253 Y121.753 E.31809
M73 P16 R32
G1 X160.66 Y122.274 E.02563
G1 X156.339 Y117.952 E.19861
G1 X160.423 Y114.361 E.17674
G1 X164.745 Y118.682 E.19861
SET_VELOCITY_LIMIT ACCEL=8000 ACCEL_TO_DECEL=4000
G1 X141.222 Y131.241 F24000
SET_VELOCITY_LIMIT ACCEL=6000 ACCEL_TO_DECEL=3000
G1 F6141.304
G1 X140 Y132.317 E.05291
G1 X144.321 Y136.638 E.19861
G1 X148.406 Y133.047 E.17674
G1 X144.084 Y128.725 E.19861
G1 X148.169 Y125.134 E.17674
G1 X152.491 Y129.456 E.19861
G1 X156.576 Y125.865 E.17674
G1 X152.254 Y121.543 E.19861
G1 X153.477 Y120.468 E.05291
G1 E-.8 F2400
;WIPE_START
G1 F6141.304
G1 X152.254 Y121.543
G1 X152.517 Y121.806
;WIPE_END
SET_VELOCITY_LIMIT ACCEL=8000 ACCEL_TO_DECEL=4000
G1 X145.926 Y125.655 Z3.4 F24000
G1 X112.642 Y145.091 Z3.4
G1 Z3
G1 E.8 F2400
SET_VELOCITY_LIMIT ACCEL=6000 ACCEL_TO_DECEL=3000
G1 F6141.304
G1 X114.022 Y145.956 E.05291
G1 X128.609 Y131.368 E.67036
G1 X124.178 Y128.124 E.17847
G1 X109.303 Y142.999 E.68356
G1 X104.584 Y140.042 E.18096
G1 X119.746 Y124.88 E.69676
G1 X115.314 Y121.636 E.17847
G1 X99.865 Y137.085 E.70996
G1 X96.673 Y135.084 E.12242
G1 X96.617 Y132.657 E.07889
G1 X110.882 Y118.391 E.65558
SET_VELOCITY_LIMIT ACCEL=8000 ACCEL_TO_DECEL=4000
G1 X96.271 Y107.7 F24000
SET_VELOCITY_LIMIT ACCEL=6000 ACCEL_TO_DECEL=3000
G1 F6141.304
G1 X97.586 Y108.66 E.05291
G1 X96.098 Y110.148 E.06838
G1 X96.128 Y111.473 E.04306
G1 X132.067 Y147.412 E1.65156
G1 X127.982 Y151.003 E.17674
G1 X96.309 Y119.33 E1.45552
G1 X96.271 Y117.651 E.05457
G1 X102.019 Y111.903 E.26416
G1 X100.705 Y110.941 E.05291
G1 E-.8 F2400
SET_VELOCITY_LIMIT ACCEL=8000 ACCEL_TO_DECEL=4000
G1 X97.898 Y118.039 Z3.4 F24000
G1 X91.323 Y134.667 Z3.4
G1 Z3
G1 E.8 F2400
SET_VELOCITY_LIMIT ACCEL=4000 ACCEL_TO_DECEL=2000 SQUARE_CORNER_VELOCITY=6
;TYPE:Inner wall
G1 F6141.304
G1 X90.67 Y106.329 E.92109
G1 X92.365 Y106.29 E.05511
G1 X92.641 Y118.25 E.38874
G1 X93.029 Y135.078 E.54698
G1 X91.334 Y135.117 E.05511
G1 X91.325 Y134.727 E.01267
SET_VELOCITY_LIMIT ACCEL=8000 ACCEL_TO_DECEL=4000 SQUARE_CORNER_VELOCITY=8
G1 X90.951 Y135.518 F24000
SET_VELOCITY_LIMIT ACCEL=4000 ACCEL_TO_DECEL=2000 SQUARE_CORNER_VELOCITY=6
;TYPE:Outer wall
;WIDTH:0.42
G1 F6285
G1 X90.269 Y105.946 E.89036
G1 X90.899 Y105.931 E.01897
G1 X91.918 Y105.908 E.03068
M106 S255
G1 F2220
G1 X92.748 Y105.889 E.02499
G1 X93.033 Y118.241 E.3719
G1 X93.43 Y135.461 E.51846
M106 S227
G1 X92.6 Y135.48 E.02499
G1 F6285
G1 X91.64 Y135.502 E.0289
G1 X91.011 Y135.517 E.01894
G1 E-.8 F2400
;WIPE_START
G1 F6629.9
G1 X90.96 Y133.517
;WIPE_END
SET_VELOCITY_LIMIT ACCEL=8000 ACCEL_TO_DECEL=4000 SQUARE_CORNER_VELOCITY=8
G1 X91.484 Y125.903 Z3.4 F24000
G1 X91.863 Y120.394 Z3.4
G1 Z3
G1 E.8 F2400
SET_VELOCITY_LIMIT ACCEL=6000 ACCEL_TO_DECEL=3000
;TYPE:Sparse infill
;WIDTH:0.45
G1 F6141.304
G1 X91.9 Y122.022 E.05291
G1 X91.392 Y122.53 E.02337
G1 X91.381 Y122.078 E.01469
G1 X91.914 Y122.611 E.02447
G1 X92.073 Y129.525 E.22473
G1 X91.565 Y130.033 E.02337
G1 X91.562 Y129.935 E.00318
G1 X92.095 Y130.468 E.02447
G1 X92.133 Y132.096 E.05291
SET_VELOCITY_LIMIT ACCEL=8000 ACCEL_TO_DECEL=4000
G1 X91.256 Y116.655 F24000
SET_VELOCITY_LIMIT ACCEL=6000 ACCEL_TO_DECEL=3000
G1 F6141.304
G1 X91.219 Y115.027 E.05291
G1 X91.727 Y114.519 E.02337
G1 X91.733 Y114.754 E.00764
G1 X91.2 Y114.221 E.02447
G1 X91.046 Y107.524 E.21767
G1 X91.554 Y107.016 E.02337
G1 X91.552 Y106.896 E.00387
G1 X91.317 Y106.662 E.01076
G1 X91.026 Y106.669 E.00947
G1 X91.041 Y107.321 E.02118
SET_VELOCITY_LIMIT ACCEL=8000 ACCEL_TO_DECEL=4000
G1 X91.961 Y106.713 F24000
SET_VELOCITY_LIMIT ACCEL=6000 ACCEL_TO_DECEL=3000
;TYPE:Internal solid infill
;WIDTH:0.463294
G1 F5947.085
G1 X92.604 Y134.614 E.9365
;TIME_ELAPSED:381.982941

;LAYER_CHANGE
;:3.2
;HEIGHT:0.2
;BEFORE_LAYER_CHANGE
;3.2
G92 E0

G1 E-.8 F2400
;WIPE_START
G1 F5947.085
G1 X92.558 Y132.614
;WIPE_END
EXCLUDE_OBJECT_END NAME=arm.stl_id_0_copy_0
;_SET_FAN_SPEED_CHANGING_LAYER
; OBJECT_ID: 15
EXCLUDE_OBJECT_START NAME=arm.stl_id_0_copy_0
SET_VELOCITY_LIMIT ACCEL=8000 ACCEL_TO_DECEL=4000
G1 X100.021 Y131.015 Z3.4 F24000
G1 X144.12 Y121.567 Z3.4
G1 Z3.2
G1 E.8 F2400
SET_VELOCITY_LIMIT ACCEL=4000 ACCEL_TO_DECEL=2000 SQUARE_CORNER_VELOCITY=6
;TYPE:Inner wall
;WIDTH:0.45
G1 F6141.304
G1 X143.418 Y122.184 E.03037
G1 X142.431 Y121.061 E.04861
G1 X142.919 Y120.632 E.02111
G1 X145.037 Y120.761 E.06897
G1 X144.165 Y121.527 E.03773
G1 E-.8 F2400
;WIPE_START
G1 F6141.304
G1 X143.418 Y122.184
G1 X142.755 Y121.429
;WIPE_END
SET_VELOCITY_LIMIT ACCEL=8000 ACCEL_TO_DECEL=4000 SQUARE_CORNER_VELOCITY=8
G1 X148.779 Y116.743 Z3.6 F24000
G1 X156.027 Y111.105 Z3.6
G1 Z3.2
G1 E.8 F2400
SET_VELOCITY_LIMIT ACCEL=4000 ACCEL_TO_DECEL=2000 SQUARE_CORNER_VELOCITY=6
G1 F6141.304
G1 X161.292 Y106.475 E.22784
G1 X161.434 Y106.636 E.00694
G1 X162.544 Y107.899 E.05466
G1 X156.689 Y113.047 E.25332
G1 X155.438 Y111.623 E.06161
G1 X155.981 Y111.145 E.02353
SET_VELOCITY_LIMIT ACCEL=8000 ACCEL_TO_DECEL=4000 SQUARE_CORNER_VELOCITY=8
G1 X155.399 Y112.173 F24000
SET_VELOCITY_LIMIT ACCEL=4000 ACCEL_TO_DECEL=2000 SQUARE_CORNER_VELOCITY=6
;TYPE:Outer wall
;WIDTH:0.42
G1 F6523
G1 X154.991 Y112.531 E.01634
G1 X143.856 Y122.321 E.44629
G1 X143.383 Y122.737 E.01896
G1 X141.877 Y121.025 E.06863
G1 X142.781 Y120.23 E.03624
G1 X144.906 Y120.36 E.06408
G1 X161.328 Y105.922 E.65818
G1 X161.728 Y106.377 E.01824
G1 X162.144 Y106.85 E.01896
G1 X162.55 Y107.311 E.01849
M106 S255
G1 F2220
G1 X163.098 Y107.935 E.025
G1 X156.654 Y113.6 E.25826
M106 S227
G1 X155.439 Y112.218 E.05539
SET_VELOCITY_LIMIT ACCEL=8000 ACCEL_TO_DECEL=4000 SQUARE_CORNER_VELOCITY=8
G1 X155.289 Y111.751 F24000
SET_VELOCITY_LIMIT ACCEL=6000 ACCEL_TO_DECEL=3000
;TYPE:Gap infill
;WIDTH:0.430844
G1 F6444.559
G1 X145.249 Y120.577 E.41395
SET_VELOCITY_LIMIT ACCEL=8000 ACCEL_TO_DECEL=4000
G1 X143.018 Y121.098 F24000
SET_VELOCITY_LIMIT ACCEL=6000 ACCEL_TO_DECEL=3000
;TYPE:Internal solid infill
;WIDTH:0.468625
G1 F5872.611
G1 X143.456 Y121.596 E.02253
G1 X144.004 Y121.115 E.02478
G1 X143.063 Y121.059 E.03201
G1 E-.8 F2400
;WIPE_START
G1 F5872.611
G1 X144.004 Y121.115
G1 X143.456 Y121.596
G1 X143.239 Y121.349
;WIPE_END
SET_VELOCITY_LIMIT ACCEL=8000 ACCEL_TO_DECEL=4000
G1 X149.541 Y117.043 Z3.6 F24000
G1 X160.107 Y109.824 Z3.6
G1 Z3.2
G1 E.8 F2400
SET_VELOCITY_LIMIT ACCEL=6000 ACCEL_TO_DECEL=3000
;WIDTH:0.459875
G1 F5995.851
G1 X162.068 Y107.863 E.09231
G1 X161.793 Y107.549 E.01391
G1 X157.097 Y112.244 E.22101
G1 X156.72 Y112.576 E.01674
G1 X156.465 Y112.287 E.01283
G1 X161.517 Y107.235 E.23778
G1 X161.262 Y106.946 E.01283
G1 X160.883 Y107.279 E.01679
G1 X156.189 Y111.973 E.22096
G1 X155.913 Y111.659 E.01391
G1 X157.873 Y109.699 E.09226
SET_VELOCITY_LIMIT ACCEL=8000 ACCEL_TO_DECEL=4000
G1 X160.019 Y109.736 F24000
SET_VELOCITY_LIMIT ACCEL=6000 ACCEL_TO_DECEL=3000
;TYPE:Gap infill
;WIDTH:0.186309
G1 F6523
G1 X159.548 Y110.178 E.0074
;WIDTH:0.147053
G1 X159.077 Y110.62 E.00537
;WIDTH:0.127425
G1 X158.605 Y111.062 E.00436
SET_VELOCITY_LIMIT ACCEL=8000 ACCEL_TO_DECEL=4000
G1 X159.375 Y108.461 F24000
SET_VELOCITY_LIMIT ACCEL=6000 ACCEL_TO_DECEL=3000
;WIDTH:0.107796
G1 F6523
G1 X158.904 Y108.903 E.00335
;WIDTH:0.147053
G1 X158.433 Y109.345 E.00537
;WIDTH:0.166681
G1 X157.961 Y109.787 E.00638
G1 E-.8 F2400
;WIPE_START
G1 F15000
G1 X158.433 Y109.345
;WIPE_END
SET_VELOCITY_LIMIT ACCEL=8000 ACCEL_TO_DECEL=4000
G1 X153.448 Y115.125 Z3.6 F24000
G1 X135.954 Y135.409 Z3.6
G1 Z3.2
G1 E.8 F2400
SET_VELOCITY_LIMIT ACCEL=4000 ACCEL_TO_DECEL=2000 SQUARE_CORNER_VELOCITY=6
;TYPE:Inner wall
;WIDTH:0.45
G1 F6141.304
G1 X164.594 Y110.23 E1.23917
G1 X169.081 Y115.334 E.22083
G1 X125.56 Y153.597 E1.88305
G1 X96.329 Y135.28 E1.12093
G1 X95.673 Y106.832 E.92466
G1 X99.903 Y109.923 E.17025
G1 X135.393 Y135.903 E1.42922
G1 X135.909 Y135.449 E.02233
SET_VELOCITY_LIMIT ACCEL=8000 ACCEL_TO_DECEL=4000 SQUARE_CORNER_VELOCITY=8
G1 X135.37 Y135.4 F24000
SET_VELOCITY_LIMIT ACCEL=4000 ACCEL_TO_DECEL=2000 SQUARE_CORNER_VELOCITY=6
;TYPE:Outer wall
;WIDTH:0.42
G1 F6523
G1 X164.629 Y109.677 E1.17266
G1 X169.634 Y115.37 E.22816
G1 X125.599 Y154.084 E1.76488
G1 X95.942 Y135.5 E1.05347
G1 X95.263 Y106.046 E.88679
G1 X100.135 Y109.606 E.18163
G1 X135.322 Y135.365 E1.3126
G1 E-.8 F2400
;WIPE_START
G1 F6629.9
G1 X136.826 Y134.047
;WIPE_END
SET_VELOCITY_LIMIT ACCEL=8000 ACCEL_TO_DECEL=4000 SQUARE_CORNER_VELOCITY=8
G1 X135.511 Y141.565 Z3.6 F24000
G1 X134.929 Y144.896 Z3.6
G1 Z3.2
G1 E.8 F2400
SET_VELOCITY_LIMIT ACCEL=6000 ACCEL_TO_DECEL=3000
;TYPE:Sparse infill
;WIDTH:0.45
G1 F6141.304
G1 X136.152 Y143.821 E.05291
G1 X110.286 Y117.955 E1.18866
G1 X106.451 Y115.147 E.15444
G1 X96.444 Y125.154 E.45987
G1 X96.49 Y127.187 E.06608
G1 X117.335 Y148.032 E.95791
G1 X118.741 Y148.913 E.0539
G1 X133.041 Y134.613 E.65716
G1 X135.413 Y136.349 E.09552
G1 X135.915 Y135.908 E.02172
G1 X140.237 Y140.229 E.19861
G1 X139.014 Y141.305 E.05291
SET_VELOCITY_LIMIT ACCEL=8000 ACCEL_TO_DECEL=4000
G1 X153.477 Y120.468 F24000
SET_VELOCITY_LIMIT ACCEL=6000 ACCEL_TO_DECEL=3000
G1 F6141.304
G1 X152.254 Y121.543 E.05291
G1 X156.576 Y125.865 E.19861
G1 X152.491 Y129.456 E.17674
G1 X148.169 Y125.134 E.19861
G1 X144.084 Y128.725 E.17674
G1 X148.406 Y133.047 E.19861
G1 X144.321 Y136.638 E.17674
G1 X140 Y132.317 E.19861
G1 X141.222 Y131.241 E.05291
SET_VELOCITY_LIMIT ACCEL=8000 ACCEL_TO_DECEL=4000
G1 X164.745 Y118.682 F24000
SET_VELOCITY_LIMIT ACCEL=6000 ACCEL_TO_DECEL=3000
G1 F6141.304
G1 X160.423 Y114.361 E.19861
G1 X156.339 Y117.952 E.17674
G1 X160.66 Y122.274 E.19861
G1 X161.253 Y121.753 E.02563
G1 X168.175 Y114.831 E.31809
G1 X164.584 Y110.746 E.17674
G1 X123.46 Y151.87 E1.88983
G1 X124.84 Y152.734 E.05291
SET_VELOCITY_LIMIT ACCEL=8000 ACCEL_TO_DECEL=4000
G1 X110.882 Y118.391 F24000
SET_VELOCITY_LIMIT ACCEL=6000 ACCEL_TO_DECEL=3000
G1 F6141.304
G1 X96.617 Y132.657 E.65558
G1 X96.673 Y135.084 E.07889
G1 X99.865 Y137.085 E.12242
G1 X115.314 Y121.636 E.70996
G1 X119.746 Y124.88 E.17847
G1 X104.584 Y140.042 E.69676
G1 X109.303 Y142.999 E.18096
G1 X124.178 Y128.124 E.68356
G1 X128.609 Y131.368 E.17847
G1 X114.022 Y145.956 E.67036
G1 X112.642 Y145.091 E.05291
SET_VELOCITY_LIMIT ACCEL=8000 ACCEL_TO_DECEL=4000
G1 X100.705 Y110.941 F24000
SET_VELOCITY_LIMIT ACCEL=6000 ACCEL_TO_DECEL=3000
G1 F6141.304
G1 X102.019 Y111.903 E.05291
G1 X96.271 Y117.651 E.26416
G1 X96.309 Y119.33 E.05457
G1 X127.982 Y151.003 E1.45552
G1 X132.067 Y147.412 E.17674
G1 X96.128 Y111.473 E1.65156
G1 X96.098 Y110.148 E.04306
G1 X97.585 Y108.66 E.06837
G1 X96.271 Y107.7 E.05291
G1 E-.8 F2400
SET_VELOCITY_LIMIT ACCEL=8000 ACCEL_TO_DECEL=4000
G1 X94.893 Y115.207 Z3.6 F24000
G1 X91.323 Y134.667 Z3.6
G1 Z3.2
G1 E.8 F2400
SET_VELOCITY_LIMIT ACCEL=4000 ACCEL_TO_DECEL=2000 SQUARE_CORNER_VELOCITY=6
;TYPE:Inner wall
G1 F6141.304
G1 X90.67 Y106.329 E.92109
G1 X92.565 Y106.285 E.06161
G1 X92.813 Y117.043 E.34967
M73 P17 R32
G1 X93.229 Y135.073 E.58605
G1 X91.334 Y135.117 E.06161
G1 X91.325 Y134.727 E.01267
SET_VELOCITY_LIMIT ACCEL=8000 ACCEL_TO_DECEL=4000 SQUARE_CORNER_VELOCITY=8
G1 X90.951 Y135.518 F24000
SET_VELOCITY_LIMIT ACCEL=4000 ACCEL_TO_DECEL=2000 SQUARE_CORNER_VELOCITY=6
;TYPE:Outer wall
;WIDTH:0.42
G1 F6523
G1 X90.269 Y105.946 E.89036
G1 X90.899 Y105.931 E.01897
G1 X92.118 Y105.903 E.0367
M106 S255
G1 F2220
G1 X92.948 Y105.884 E.02499
G1 X93.205 Y117.034 E.33571
G1 X93.63 Y135.456 E.55465
M106 S227
G1 X92.8 Y135.475 E.02499
G1 F6523
G1 X91.64 Y135.502 E.03493
G1 X91.011 Y135.517 E.01894
G1 E-.8 F2400
;WIPE_START
G1 F6629.9
G1 X90.96 Y133.517
;WIPE_END
SET_VELOCITY_LIMIT ACCEL=8000 ACCEL_TO_DECEL=4000 SQUARE_CORNER_VELOCITY=8
G1 X92.337 Y132.3 Z3.6 F24000
G1 Z3.2
G1 E.8 F2400
SET_VELOCITY_LIMIT ACCEL=6000 ACCEL_TO_DECEL=3000
;TYPE:Sparse infill
;WIDTH:0.45
G1 F6141.304
G1 X92.3 Y130.673 E.05291
G1 X91.562 Y129.935 E.03388
G1 X91.565 Y130.033 E.00318
G1 X92.269 Y129.329 E.03236
G1 X92.119 Y122.815 E.21171
G1 X91.381 Y122.078 E.03388
G1 X91.392 Y122.53 E.01469
G1 X92.096 Y121.826 E.03236
G1 X92.058 Y120.198 E.05291
SET_VELOCITY_LIMIT ACCEL=8000 ACCEL_TO_DECEL=4000
G1 X91.041 Y107.321 F24000
SET_VELOCITY_LIMIT ACCEL=6000 ACCEL_TO_DECEL=3000
G1 F6141.304
G1 X91.026 Y106.669 E.02118
G1 X91.317 Y106.662 E.00947
G1 X91.756 Y107.101 E.02017
G1 X91.75 Y106.82 E.00914
G1 X91.046 Y107.524 E.03236
G1 X91.2 Y114.221 E.21767
G1 X91.938 Y114.958 E.03388
G1 X91.923 Y114.323 E.02065
G1 X91.219 Y115.027 E.03236
G1 X91.256 Y116.655 E.05291
SET_VELOCITY_LIMIT ACCEL=8000 ACCEL_TO_DECEL=4000
G1 X92.161 Y106.708 F24000
SET_VELOCITY_LIMIT ACCEL=6000 ACCEL_TO_DECEL=3000
;TYPE:Internal solid infill
;WIDTH:0.463294
G1 F5947.085
G1 X92.804 Y134.609 E.9365
;TIME_ELAPSED:400.362671

;LAYER_CHANGE
;:3.4
;HEIGHT:0.2
;BEFORE_LAYER_CHANGE
;3.4
G92 E0

G1 E-.8 F2400
;WIPE_START
G1 F5947.085
G1 X92.758 Y132.61
;WIPE_END
EXCLUDE_OBJECT_END NAME=arm.stl_id_0_copy_0
;_SET_FAN_SPEED_CHANGING_LAYER
; OBJECT_ID: 15
EXCLUDE_OBJECT_START NAME=arm.stl_id_0_copy_0
SET_VELOCITY_LIMIT ACCEL=8000 ACCEL_TO_DECEL=4000
G1 X100.22 Y131.006 Z3.6 F24000
G1 X144.12 Y121.567 Z3.6
G1 Z3.4
G1 E.8 F2400
SET_VELOCITY_LIMIT ACCEL=4000 ACCEL_TO_DECEL=2000 SQUARE_CORNER_VELOCITY=6
;TYPE:Inner wall
;WIDTH:0.45
G1 F6141.304
G1 X143.418 Y122.184 E.03037
G1 X142.431 Y121.061 E.04861
G1 X142.919 Y120.632 E.02111
G1 X145.037 Y120.761 E.06897
G1 X144.165 Y121.527 E.03773
G1 E-.8 F2400
;WIPE_START
G1 F6141.304
G1 X143.418 Y122.184
G1 X142.755 Y121.429
;WIPE_END
SET_VELOCITY_LIMIT ACCEL=8000 ACCEL_TO_DECEL=4000 SQUARE_CORNER_VELOCITY=8
G1 X148.779 Y116.743 Z3.8 F24000
G1 X156.027 Y111.105 Z3.8
G1 Z3.4
G1 E.8 F2400
SET_VELOCITY_LIMIT ACCEL=4000 ACCEL_TO_DECEL=2000 SQUARE_CORNER_VELOCITY=6
G1 F6141.304
G1 X161.292 Y106.475 E.22784
G1 X161.468 Y106.675 E.00865
G1 X162.676 Y108.049 E.05945
G1 X156.821 Y113.197 E.25332
G1 X155.438 Y111.623 E.0681
G1 X155.981 Y111.145 E.02353
SET_VELOCITY_LIMIT ACCEL=8000 ACCEL_TO_DECEL=4000 SQUARE_CORNER_VELOCITY=8
G1 X155.399 Y112.173 F24000
SET_VELOCITY_LIMIT ACCEL=4000 ACCEL_TO_DECEL=2000 SQUARE_CORNER_VELOCITY=6
;TYPE:Outer wall
;WIDTH:0.42
G1 F6629.9
G1 X154.991 Y112.531 E.01634
G1 X143.856 Y122.321 E.44629
G1 X143.383 Y122.737 E.01896
G1 X141.877 Y121.025 E.06863
G1 X142.781 Y120.23 E.03624
G1 X144.906 Y120.36 E.06408
G1 X161.328 Y105.922 E.65818
G1 X161.763 Y106.416 E.01981
G1 X162.179 Y106.89 E.01898
G1 X162.682 Y107.462 E.02293
M106 S255
G1 F2220
G1 X163.23 Y108.085 E.02497
G1 X156.786 Y113.75 E.25826
M106 S227
G1 X156.238 Y113.127 E.02497
G1 F6600
G1 X155.823 Y112.655 E.01892
G1 F6629.9
G1 X155.439 Y112.218 E.01751
SET_VELOCITY_LIMIT ACCEL=8000 ACCEL_TO_DECEL=4000 SQUARE_CORNER_VELOCITY=8
G1 X155.289 Y111.751 F24000
SET_VELOCITY_LIMIT ACCEL=6000 ACCEL_TO_DECEL=3000
;TYPE:Gap infill
;WIDTH:0.430844
G1 F6444.559
G1 X145.249 Y120.577 E.41395
SET_VELOCITY_LIMIT ACCEL=8000 ACCEL_TO_DECEL=4000
G1 X143.018 Y121.098 F24000
SET_VELOCITY_LIMIT ACCEL=6000 ACCEL_TO_DECEL=3000
;TYPE:Internal solid infill
;WIDTH:0.468625
G1 F5872.611
G1 X143.456 Y121.596 E.02253
G1 X144.004 Y121.115 E.02478
G1 X143.063 Y121.059 E.03201
G1 E-.8 F2400
;WIPE_START
G1 F5872.611
G1 X144.004 Y121.115
G1 X143.456 Y121.596
G1 X143.239 Y121.349
;WIPE_END
SET_VELOCITY_LIMIT ACCEL=8000 ACCEL_TO_DECEL=4000
G1 X149.316 Y116.731 Z3.8 F24000
G1 X155.991 Y111.658 Z3.8
G1 Z3.4
G1 E.8 F2400
SET_VELOCITY_LIMIT ACCEL=6000 ACCEL_TO_DECEL=3000
;WIDTH:0.419999
G1 F6629.911
G1 X156.857 Y112.643 E.03948
G1 X162.123 Y108.014 E.21105
G1 X161.257 Y107.029 E.03948
G1 X156.036 Y111.619 E.20925
SET_VELOCITY_LIMIT ACCEL=8000 ACCEL_TO_DECEL=4000
G1 X156.587 Y111.697 F24000
SET_VELOCITY_LIMIT ACCEL=6000 ACCEL_TO_DECEL=3000
;WIDTH:0.510224
G1 F5349.842
G1 X156.895 Y112.048 E.01743
G1 X161.527 Y107.975 E.23005
G1 X161.219 Y107.625 E.01743
G1 X156.632 Y111.657 E.22782
G1 E-.8 F2400
;WIPE_START
G1 F5349.842
G1 X158.134 Y110.336
;WIPE_END
SET_VELOCITY_LIMIT ACCEL=8000 ACCEL_TO_DECEL=4000
G1 X153.077 Y116.053 Z3.8 F24000
G1 X135.954 Y135.409 Z3.8
G1 Z3.4
G1 E.8 F2400
SET_VELOCITY_LIMIT ACCEL=4000 ACCEL_TO_DECEL=2000 SQUARE_CORNER_VELOCITY=6
;TYPE:Inner wall
;WIDTH:0.45
G1 F6141.304
G1 X164.594 Y110.23 E1.23917
G1 X169.081 Y115.334 E.22083
G1 X125.56 Y153.597 E1.88305
G1 X96.329 Y135.28 E1.12093
G1 X95.673 Y106.832 E.92466
G1 X100.239 Y110.168 E.18377
G1 X135.393 Y135.903 E1.41569
G1 X135.909 Y135.449 E.02233
SET_VELOCITY_LIMIT ACCEL=8000 ACCEL_TO_DECEL=4000 SQUARE_CORNER_VELOCITY=8
G1 X135.37 Y135.4 F24000
SET_VELOCITY_LIMIT ACCEL=4000 ACCEL_TO_DECEL=2000 SQUARE_CORNER_VELOCITY=6
;TYPE:Outer wall
;WIDTH:0.42
G1 F6629.9
G1 X164.629 Y109.677 E1.17266
G1 X169.634 Y115.37 E.22816
G1 X125.599 Y154.084 E1.76488
G1 X95.942 Y135.5 E1.05347
G1 X95.263 Y106.047 E.88679
G1 X100.471 Y109.852 E.19416
G1 X135.322 Y135.365 E1.30008
G1 E-.8 F2400
;WIPE_START
G1 F6629.9
G1 X136.826 Y134.047
;WIPE_END
SET_VELOCITY_LIMIT ACCEL=8000 ACCEL_TO_DECEL=4000 SQUARE_CORNER_VELOCITY=8
G1 X139.014 Y141.305 Z3.8 F24000
G1 Z3.4
G1 E.8 F2400
SET_VELOCITY_LIMIT ACCEL=6000 ACCEL_TO_DECEL=3000
;TYPE:Sparse infill
;WIDTH:0.45
G1 F6141.304
G1 X140.237 Y140.229 E.05291
G1 X135.915 Y135.908 E.19861
G1 X135.413 Y136.349 E.02172
G1 X133.041 Y134.613 E.09552
G1 X118.741 Y148.913 E.65716
G1 X117.335 Y148.032 E.0539
G1 X96.49 Y127.187 E.95791
G1 X96.444 Y125.154 E.06608
G1 X106.451 Y115.147 E.45987
G1 X110.286 Y117.955 E.15444
G1 X136.152 Y143.821 E1.18866
G1 X134.929 Y144.896 E.05291
SET_VELOCITY_LIMIT ACCEL=8000 ACCEL_TO_DECEL=4000
G1 X124.84 Y152.734 F24000
SET_VELOCITY_LIMIT ACCEL=6000 ACCEL_TO_DECEL=3000
G1 F6141.304
G1 X123.46 Y151.87 E.05291
G1 X164.584 Y110.746 E1.88983
G1 X168.175 Y114.831 E.17674
G1 X161.253 Y121.753 E.31809
G1 X160.66 Y122.274 E.02563
G1 X156.339 Y117.952 E.19861
G1 X160.423 Y114.361 E.17674
G1 X164.745 Y118.682 E.19861
SET_VELOCITY_LIMIT ACCEL=8000 ACCEL_TO_DECEL=4000
G1 X141.222 Y131.241 F24000
SET_VELOCITY_LIMIT ACCEL=6000 ACCEL_TO_DECEL=3000
G1 F6141.304
G1 X140 Y132.317 E.05291
G1 X144.321 Y136.638 E.19861
G1 X148.406 Y133.047 E.17674
G1 X144.084 Y128.725 E.19861
G1 X148.169 Y125.134 E.17674
G1 X152.491 Y129.456 E.19861
G1 X156.576 Y125.865 E.17674
G1 X152.254 Y121.543 E.19861
G1 X153.477 Y120.468 E.05291
G1 E-.8 F2400
;WIPE_START
G1 F6141.304
G1 X152.254 Y121.543
G1 X152.517 Y121.806
;WIPE_END
SET_VELOCITY_LIMIT ACCEL=8000 ACCEL_TO_DECEL=4000
G1 X145.926 Y125.655 Z3.8 F24000
G1 X112.642 Y145.091 Z3.8
G1 Z3.4
G1 E.8 F2400
SET_VELOCITY_LIMIT ACCEL=6000 ACCEL_TO_DECEL=3000
G1 F6141.304
G1 X114.022 Y145.956 E.05291
G1 X128.609 Y131.368 E.67036
G1 X124.178 Y128.124 E.17847
G1 X109.303 Y142.999 E.68356
G1 X104.584 Y140.042 E.18096
G1 X119.746 Y124.88 E.69676
G1 X115.314 Y121.636 E.17847
G1 X99.865 Y137.085 E.70996
G1 X96.673 Y135.084 E.12242
G1 X96.617 Y132.657 E.07889
G1 X110.882 Y118.391 E.65558
SET_VELOCITY_LIMIT ACCEL=8000 ACCEL_TO_DECEL=4000
G1 X96.271 Y107.7 F24000
SET_VELOCITY_LIMIT ACCEL=6000 ACCEL_TO_DECEL=3000
G1 F6141.304
G1 X97.585 Y108.661 E.05291
G1 X96.098 Y110.148 E.06837
G1 X96.128 Y111.473 E.04306
G1 X132.067 Y147.412 E1.65156
G1 X127.982 Y151.003 E.17674
G1 X96.309 Y119.33 E1.45552
G1 X96.271 Y117.651 E.05457
G1 X102.019 Y111.903 E.26416
G1 X100.705 Y110.941 E.05291
G1 E-.8 F2400
SET_VELOCITY_LIMIT ACCEL=8000 ACCEL_TO_DECEL=4000
G1 X97.898 Y118.039 Z3.8 F24000
G1 X91.323 Y134.667 Z3.8
G1 Z3.4
G1 E.8 F2400
SET_VELOCITY_LIMIT ACCEL=4000 ACCEL_TO_DECEL=2000 SQUARE_CORNER_VELOCITY=6
;TYPE:Inner wall
G1 F6141.304
G1 X90.67 Y106.329 E.92109
G1 X92.765 Y106.281 E.0681
G1 X92.985 Y115.836 E.31059
G1 X93.429 Y135.069 E.62512
G1 X91.334 Y135.117 E.0681
G1 X91.325 Y134.727 E.01267
SET_VELOCITY_LIMIT ACCEL=8000 ACCEL_TO_DECEL=4000 SQUARE_CORNER_VELOCITY=8
G1 X90.951 Y135.518 F24000
SET_VELOCITY_LIMIT ACCEL=4000 ACCEL_TO_DECEL=2000 SQUARE_CORNER_VELOCITY=6
;TYPE:Outer wall
;WIDTH:0.42
G1 F6629.9
G1 X90.269 Y105.946 E.89036
G1 X90.899 Y105.931 E.01897
G1 X92.318 Y105.899 E.04272
M106 S255
G1 F2220
G1 X93.148 Y105.88 E.02499
G1 X93.377 Y115.827 E.29949
G1 X93.83 Y135.452 E.59087
M106 S227
G1 X93 Y135.471 E.02499
G1 F6600
G1 X91.64 Y135.502 E.04095
G1 F6629.9
G1 X91.011 Y135.517 E.01894
G1 E-.8 F2400
;WIPE_START
G1 F6629.9
G1 X90.96 Y133.517
;WIPE_END
SET_VELOCITY_LIMIT ACCEL=8000 ACCEL_TO_DECEL=4000 SQUARE_CORNER_VELOCITY=8
G1 X90.999 Y125.885 Z3.8 F24000
G1 X91.083 Y109.152 Z3.8
G1 Z3.4
G1 E.8 F2400
SET_VELOCITY_LIMIT ACCEL=6000 ACCEL_TO_DECEL=3000
;TYPE:Sparse infill
;WIDTH:0.45
G1 F6141.304
G1 X91.046 Y107.524 E.05291
G1 X91.922 Y106.648 E.04025
G1 X91.317 Y106.662 E.01964
G1 X91.961 Y107.306 E.02958
G1 X92.118 Y114.128 E.22172
G1 X91.219 Y115.027 E.04134
G1 X91.2 Y114.221 E.0262
G1 X92.142 Y115.163 E.04329
G1 X92.291 Y121.631 E.21021
M73 P17 R31
G1 X91.392 Y122.53 E.04134
G1 X91.381 Y122.078 E.01469
G1 X92.323 Y123.02 E.04329
G1 X92.464 Y129.133 E.1987
G1 X91.565 Y130.033 E.04134
G1 X91.562 Y129.935 E.00318
G1 X92.505 Y130.877 E.04329
G1 X92.542 Y132.505 E.05291
SET_VELOCITY_LIMIT ACCEL=8000 ACCEL_TO_DECEL=4000
G1 X92.361 Y106.704 F24000
SET_VELOCITY_LIMIT ACCEL=6000 ACCEL_TO_DECEL=3000
;TYPE:Internal solid infill
;WIDTH:0.463294
G1 F5947.085
G1 X93.004 Y134.605 E.9365
;TIME_ELAPSED:418.863556

;LAYER_CHANGE
;:3.6
;HEIGHT:0.2
;BEFORE_LAYER_CHANGE
;3.6
G92 E0

G1 E-.8 F2400
;WIPE_START
G1 F5947.085
G1 X92.958 Y132.605
;WIPE_END
EXCLUDE_OBJECT_END NAME=arm.stl_id_0_copy_0
;_SET_FAN_SPEED_CHANGING_LAYER
; OBJECT_ID: 15
EXCLUDE_OBJECT_START NAME=arm.stl_id_0_copy_0
SET_VELOCITY_LIMIT ACCEL=8000 ACCEL_TO_DECEL=4000
G1 X100.419 Y130.996 Z3.8 F24000
G1 X144.12 Y121.567 Z3.8
G1 Z3.6
G1 E.8 F2400
SET_VELOCITY_LIMIT ACCEL=4000 ACCEL_TO_DECEL=2000 SQUARE_CORNER_VELOCITY=6
;TYPE:Inner wall
;WIDTH:0.45
G1 F6141.304
G1 X143.418 Y122.184 E.03037
G1 X142.431 Y121.061 E.04861
G1 X142.919 Y120.632 E.02111
G1 X145.037 Y120.761 E.06897
G1 X144.165 Y121.527 E.03773
G1 E-.8 F2400
;WIPE_START
G1 F6141.304
G1 X143.418 Y122.184
G1 X142.755 Y121.429
;WIPE_END
SET_VELOCITY_LIMIT ACCEL=8000 ACCEL_TO_DECEL=4000 SQUARE_CORNER_VELOCITY=8
G1 X148.779 Y116.743 Z4 F24000
G1 X156.027 Y111.105 Z4
G1 Z3.6
G1 E.8 F2400
SET_VELOCITY_LIMIT ACCEL=4000 ACCEL_TO_DECEL=2000 SQUARE_CORNER_VELOCITY=6
G1 F6141.304
G1 X161.292 Y106.475 E.22784
G1 X161.503 Y106.715 E.01037
G1 X162.808 Y108.2 E.06424
G1 X156.953 Y113.347 E.25332
G1 X155.438 Y111.623 E.0746
G1 X155.981 Y111.145 E.02353
SET_VELOCITY_LIMIT ACCEL=8000 ACCEL_TO_DECEL=4000 SQUARE_CORNER_VELOCITY=8
G1 X155.399 Y112.173 F24000
SET_VELOCITY_LIMIT ACCEL=4000 ACCEL_TO_DECEL=2000 SQUARE_CORNER_VELOCITY=6
;TYPE:Outer wall
;WIDTH:0.42
G1 F6227
G1 X154.991 Y112.531 E.01634
G1 X143.856 Y122.321 E.44629
G1 X143.383 Y122.737 E.01896
G1 X141.877 Y121.025 E.06863
G1 X142.781 Y120.23 E.03624
G1 X144.906 Y120.36 E.06408
M73 P18 R31
G1 X161.328 Y105.922 E.65818
G1 X161.798 Y106.456 E.02141
G1 X162.214 Y106.929 E.01896
G1 X162.814 Y107.612 E.02736
M106 S255
G1 F2220
G1 X163.362 Y108.235 E.02497
G1 X156.918 Y113.9 E.25826
M106 S227
G1 X156.37 Y113.277 E.02497
G1 F6227
G1 X155.823 Y112.655 E.02493
G1 X155.439 Y112.218 E.01751
SET_VELOCITY_LIMIT ACCEL=8000 ACCEL_TO_DECEL=4000 SQUARE_CORNER_VELOCITY=8
G1 X155.289 Y111.751 F24000
SET_VELOCITY_LIMIT ACCEL=6000 ACCEL_TO_DECEL=3000
;TYPE:Gap infill
;WIDTH:0.430844
G1 F6227
G1 X145.249 Y120.577 E.41395
SET_VELOCITY_LIMIT ACCEL=8000 ACCEL_TO_DECEL=4000
G1 X143.018 Y121.098 F24000
SET_VELOCITY_LIMIT ACCEL=6000 ACCEL_TO_DECEL=3000
;TYPE:Internal solid infill
;WIDTH:0.468625
G1 F5872.611
G1 X143.456 Y121.596 E.02253
G1 X144.004 Y121.115 E.02478
G1 X143.063 Y121.059 E.03201
G1 E-.8 F2400
;WIPE_START
G1 F5872.611
G1 X144.004 Y121.115
G1 X143.456 Y121.596
G1 X143.239 Y121.349
;WIPE_END
SET_VELOCITY_LIMIT ACCEL=8000 ACCEL_TO_DECEL=4000
G1 X149.713 Y117.307 Z4 F24000
G1 X156.991 Y112.763 Z4
G1 Z3.6
G1 E.8 F2400
SET_VELOCITY_LIMIT ACCEL=6000 ACCEL_TO_DECEL=3000
;WIDTH:0.463296
G1 F5947.057
G1 X162.179 Y108.202 E.23182
SET_VELOCITY_LIMIT ACCEL=8000 ACCEL_TO_DECEL=4000
G1 X160.536 Y109.095 F24000
SET_VELOCITY_LIMIT ACCEL=6000 ACCEL_TO_DECEL=3000
;TYPE:Sparse infill
;WIDTH:0.45
G1 F6141.304
G1 X161.759 Y108.02 E.05291
G1 X160.965 Y107.227 E.03647
G1 X156.881 Y110.818 E.17674
G1 X157.674 Y111.611 E.03647
G1 X158.897 Y110.536 E.05291
G1 E-.8 F2400
SET_VELOCITY_LIMIT ACCEL=8000 ACCEL_TO_DECEL=4000
G1 X153.722 Y116.147 Z4 F24000
G1 X135.954 Y135.409 Z4
G1 Z3.6
G1 E.8 F2400
SET_VELOCITY_LIMIT ACCEL=4000 ACCEL_TO_DECEL=2000 SQUARE_CORNER_VELOCITY=6
;TYPE:Inner wall
G1 F6141.304
G1 X164.594 Y110.23 E1.23917
G1 X169.081 Y115.334 E.22083
G1 X125.56 Y153.597 E1.88305
G1 X96.329 Y135.28 E1.12093
G1 X95.673 Y106.832 E.92466
G1 X100.575 Y110.414 E.1973
G1 X135.393 Y135.903 E1.40216
G1 X135.909 Y135.449 E.02233
SET_VELOCITY_LIMIT ACCEL=8000 ACCEL_TO_DECEL=4000 SQUARE_CORNER_VELOCITY=8
G1 X135.37 Y135.4 F24000
SET_VELOCITY_LIMIT ACCEL=4000 ACCEL_TO_DECEL=2000 SQUARE_CORNER_VELOCITY=6
;TYPE:Outer wall
;WIDTH:0.42
G1 F6227
G1 X164.629 Y109.677 E1.17266
G1 X169.634 Y115.37 E.22816
G1 X125.599 Y154.084 E1.76488
G1 X95.942 Y135.5 E1.05347
G1 X95.263 Y106.047 E.88679
G1 X100.807 Y110.098 E.20669
G1 X135.322 Y135.365 E1.28755
G1 E-.8 F2400
;WIPE_START
G1 F6629.9
G1 X136.826 Y134.047
;WIPE_END
SET_VELOCITY_LIMIT ACCEL=8000 ACCEL_TO_DECEL=4000 SQUARE_CORNER_VELOCITY=8
G1 X135.511 Y141.565 Z4 F24000
G1 X134.929 Y144.896 Z4
G1 Z3.6
G1 E.8 F2400
SET_VELOCITY_LIMIT ACCEL=6000 ACCEL_TO_DECEL=3000
;TYPE:Sparse infill
;WIDTH:0.45
G1 F6141.304
G1 X136.152 Y143.821 E.05291
G1 X110.286 Y117.955 E1.18866
G1 X106.451 Y115.147 E.15444
G1 X96.444 Y125.154 E.45987
G1 X96.49 Y127.187 E.06608
G1 X117.335 Y148.032 E.95791
G1 X118.741 Y148.913 E.0539
G1 X133.041 Y134.613 E.65716
G1 X135.413 Y136.349 E.09552
G1 X135.915 Y135.908 E.02172
G1 X140.237 Y140.229 E.19861
G1 X139.014 Y141.305 E.05291
SET_VELOCITY_LIMIT ACCEL=8000 ACCEL_TO_DECEL=4000
G1 X153.477 Y120.468 F24000
SET_VELOCITY_LIMIT ACCEL=6000 ACCEL_TO_DECEL=3000
G1 F6141.304
G1 X152.254 Y121.543 E.05291
G1 X156.576 Y125.865 E.19861
G1 X152.491 Y129.456 E.17674
G1 X148.169 Y125.134 E.19861
G1 X144.084 Y128.725 E.17674
G1 X148.406 Y133.047 E.19861
G1 X144.321 Y136.638 E.17674
G1 X140 Y132.317 E.19861
G1 X141.222 Y131.241 E.05291
SET_VELOCITY_LIMIT ACCEL=8000 ACCEL_TO_DECEL=4000
G1 X164.745 Y118.682 F24000
SET_VELOCITY_LIMIT ACCEL=6000 ACCEL_TO_DECEL=3000
G1 F6141.304
G1 X160.423 Y114.361 E.19861
G1 X156.339 Y117.952 E.17674
G1 X160.66 Y122.274 E.19861
G1 X161.253 Y121.753 E.02563
G1 X168.175 Y114.831 E.31809
G1 X164.584 Y110.746 E.17674
G1 X123.46 Y151.87 E1.88983
G1 X124.84 Y152.734 E.05291
SET_VELOCITY_LIMIT ACCEL=8000 ACCEL_TO_DECEL=4000
G1 X110.882 Y118.391 F24000
SET_VELOCITY_LIMIT ACCEL=6000 ACCEL_TO_DECEL=3000
G1 F6141.304
G1 X96.617 Y132.657 E.65558
G1 X96.673 Y135.084 E.07889
G1 X99.865 Y137.085 E.12242
G1 X115.314 Y121.636 E.70996
G1 X119.746 Y124.88 E.17847
G1 X104.584 Y140.042 E.69676
G1 X109.303 Y142.999 E.18096
G1 X124.178 Y128.124 E.68356
G1 X128.609 Y131.368 E.17847
G1 X114.022 Y145.956 E.67036
G1 X112.642 Y145.091 E.05291
SET_VELOCITY_LIMIT ACCEL=8000 ACCEL_TO_DECEL=4000
G1 X100.705 Y110.941 F24000
SET_VELOCITY_LIMIT ACCEL=6000 ACCEL_TO_DECEL=3000
G1 F6141.304
G1 X102.019 Y111.903 E.05291
G1 X96.271 Y117.651 E.26416
G1 X96.309 Y119.33 E.05457
G1 X127.982 Y151.003 E1.45552
G1 X132.067 Y147.412 E.17674
G1 X96.128 Y111.473 E1.65156
G1 X96.098 Y110.148 E.04306
G1 X97.585 Y108.661 E.06836
G1 X96.27 Y107.7 E.05291
G1 E-.8 F2400
SET_VELOCITY_LIMIT ACCEL=8000 ACCEL_TO_DECEL=4000
G1 X94.893 Y115.207 Z4 F24000
G1 X91.323 Y134.667 Z4
G1 Z3.6
G1 E.8 F2400
SET_VELOCITY_LIMIT ACCEL=4000 ACCEL_TO_DECEL=2000 SQUARE_CORNER_VELOCITY=6
;TYPE:Inner wall
G1 F6141.304
G1 X90.67 Y106.329 E.92109
G1 X92.965 Y106.276 E.0746
G1 X93.158 Y114.63 E.27152
G1 X93.629 Y135.064 E.6642
G1 X91.334 Y135.117 E.0746
G1 X91.325 Y134.727 E.01267
SET_VELOCITY_LIMIT ACCEL=8000 ACCEL_TO_DECEL=4000 SQUARE_CORNER_VELOCITY=8
G1 X90.951 Y135.518 F24000
SET_VELOCITY_LIMIT ACCEL=4000 ACCEL_TO_DECEL=2000 SQUARE_CORNER_VELOCITY=6
;TYPE:Outer wall
;WIDTH:0.42
G1 F6227
G1 X90.269 Y105.946 E.89036
G1 X90.899 Y105.931 E.01897
G1 X92.518 Y105.894 E.04874
M106 S255
G1 F2220
G1 X93.348 Y105.875 E.02499
G1 X93.55 Y114.621 E.26333
G1 X94.03 Y135.447 E.62703
M106 S227
G1 X93.2 Y135.466 E.02499
G1 F6227
G1 X91.64 Y135.502 E.04697
G1 X91.011 Y135.517 E.01894
G1 E-.8 F2400
;WIPE_START
G1 F6629.9
G1 X90.96 Y133.517
;WIPE_END
SET_VELOCITY_LIMIT ACCEL=8000 ACCEL_TO_DECEL=4000 SQUARE_CORNER_VELOCITY=8
G1 X92.747 Y132.71 Z4 F24000
G1 Z3.6
G1 E.8 F2400
SET_VELOCITY_LIMIT ACCEL=6000 ACCEL_TO_DECEL=3000
;TYPE:Sparse infill
;WIDTH:0.45
G1 F6141.304
G1 X92.709 Y131.082 E.05291
G1 X91.562 Y129.935 E.0527
G1 X91.565 Y130.033 E.00318
G1 X92.66 Y128.938 E.05033
G1 X92.528 Y123.225 E.18569
G1 X91.381 Y122.078 E.0527
G1 X91.392 Y122.53 E.01469
G1 X92.487 Y121.435 E.05033
G1 X92.347 Y115.368 E.1972
G1 X91.2 Y114.221 E.0527
G1 X91.219 Y115.027 E.0262
G1 X92.314 Y113.932 E.05033
G1 X92.166 Y107.511 E.20871
G1 X91.317 Y106.662 E.03899
G1 X91.922 Y106.648 E.01964
G1 X91.046 Y107.524 E.04025
G1 X91.083 Y109.152 E.05291
SET_VELOCITY_LIMIT ACCEL=8000 ACCEL_TO_DECEL=4000
G1 X92.561 Y106.699 F24000
SET_VELOCITY_LIMIT ACCEL=6000 ACCEL_TO_DECEL=3000
;TYPE:Internal solid infill
;WIDTH:0.463294
G1 F5947.085
G1 X93.204 Y134.6 E.9365
;TIME_ELAPSED:437.200714

;LAYER_CHANGE
;:3.8
;HEIGHT:0.2
;BEFORE_LAYER_CHANGE
;3.8
G92 E0

G1 E-.8 F2400
;WIPE_START
G1 F5947.085
G1 X93.158 Y132.601
;WIPE_END
EXCLUDE_OBJECT_END NAME=arm.stl_id_0_copy_0
;_SET_FAN_SPEED_CHANGING_LAYER
; OBJECT_ID: 15
EXCLUDE_OBJECT_START NAME=arm.stl_id_0_copy_0
SET_VELOCITY_LIMIT ACCEL=8000 ACCEL_TO_DECEL=4000
G1 X100.626 Y131.025 Z4 F24000
G1 X143.695 Y121.941 Z4
G1 Z3.8
G1 E.8 F2400
SET_VELOCITY_LIMIT ACCEL=4000 ACCEL_TO_DECEL=2000 SQUARE_CORNER_VELOCITY=6
;TYPE:Inner wall
;WIDTH:0.45
G1 F6141.304
G1 X143.418 Y122.184 E.01198
G1 X142.431 Y121.061 E.04861
G1 X142.919 Y120.632 E.02111
G1 X145.037 Y120.761 E.06897
G1 X143.74 Y121.901 E.05612
G1 E-.8 F2400
;WIPE_START
G1 F6141.304
G1 X143.418 Y122.184
G1 X142.431 Y121.061
G1 X142.488 Y121.011
;WIPE_END
SET_VELOCITY_LIMIT ACCEL=8000 ACCEL_TO_DECEL=4000 SQUARE_CORNER_VELOCITY=8
G1 X149.079 Y117.163 Z4.2 F24000
G1 X156.5 Y112.831 Z4.2
G1 Z3.8
G1 E.8 F2400
SET_VELOCITY_LIMIT ACCEL=4000 ACCEL_TO_DECEL=2000 SQUARE_CORNER_VELOCITY=6
G1 F6141.304
G1 X155.438 Y111.623 E.05228
G1 X161.292 Y106.475 E.25332
G1 X161.538 Y106.754 E.01208
G1 X162.94 Y108.35 E.06903
G1 X157.086 Y113.497 E.25332
G1 X156.539 Y112.876 E.02687
SET_VELOCITY_LIMIT ACCEL=8000 ACCEL_TO_DECEL=4000 SQUARE_CORNER_VELOCITY=8
G1 X156.991 Y113.983 F24000
SET_VELOCITY_LIMIT ACCEL=4000 ACCEL_TO_DECEL=2000 SQUARE_CORNER_VELOCITY=6
;TYPE:Outer wall
;WIDTH:0.42
G1 F4560
G1 X156.502 Y113.427 E.02229
G1 F6600
G1 X155.758 Y112.581 E.03391
G1 F6629.9
G1 X155.399 Y112.173 E.01636
G1 X154.991 Y112.531 E.01634
G1 X143.856 Y122.321 E.44629
G1 X143.383 Y122.737 E.01896
G1 X141.877 Y121.025 E.06863
G1 X142.781 Y120.23 E.03624
G1 X144.906 Y120.36 E.06408
G1 X161.328 Y105.922 E.65818
G1 X161.832 Y106.496 E.02299
G1 X162.248 Y106.969 E.01896
G1 X162.946 Y107.762 E.0318
M106 S255
G1 F2220
G1 X163.494 Y108.385 E.02497
G1 X141.278 Y127.916 E.89038
G1 X141.219 Y127.849 E.00269
G1 F4560
G1 X141.775 Y127.36 E.02229
G1 X156.39 Y114.511 E.58575
G1 X156.945 Y114.023 E.02224
SET_VELOCITY_LIMIT ACCEL=8000 ACCEL_TO_DECEL=4000 SQUARE_CORNER_VELOCITY=8
G1 X157.123 Y112.913 F24000
SET_VELOCITY_LIMIT ACCEL=6000 ACCEL_TO_DECEL=3000
;TYPE:Internal solid infill
;WIDTH:0.463292
G1 F5947.113
M106 S227
G1 X162.311 Y108.352 E.23182
SET_VELOCITY_LIMIT ACCEL=8000 ACCEL_TO_DECEL=4000
G1 X159.742 Y108.302 F24000
SET_VELOCITY_LIMIT ACCEL=6000 ACCEL_TO_DECEL=3000
;TYPE:Sparse infill
;WIDTH:0.45
G1 F6141.304
G1 X160.965 Y107.227 E.05291
G1 X161.901 Y108.162 E.04299
G1 X157.816 Y111.753 E.17674
G1 X156.881 Y110.818 E.04299
G1 X155.929 Y111.654 E.04117
G1 X156.168 Y111.926 E.01174
SET_VELOCITY_LIMIT ACCEL=8000 ACCEL_TO_DECEL=4000
G1 X155.289 Y111.751 F24000
SET_VELOCITY_LIMIT ACCEL=6000 ACCEL_TO_DECEL=3000
;TYPE:Gap infill
;WIDTH:0.430844
G1 F6444.559
G1 X145.249 Y120.577 E.41395
SET_VELOCITY_LIMIT ACCEL=8000 ACCEL_TO_DECEL=4000
G1 X143.018 Y121.098 F24000
SET_VELOCITY_LIMIT ACCEL=6000 ACCEL_TO_DECEL=3000
;TYPE:Internal solid infill
;WIDTH:0.468625
G1 F5872.611
G1 X143.456 Y121.596 E.02253
G1 X144.004 Y121.115 E.02478
G1 X143.063 Y121.059 E.03201
G1 E-.8 F2400
;WIPE_START
G1 F5872.611
G1 X144.004 Y121.115
G1 X143.456 Y121.596
G1 X143.239 Y121.349
;WIPE_END
SET_VELOCITY_LIMIT ACCEL=8000 ACCEL_TO_DECEL=4000
G1 X139.728 Y128.126 Z4.2 F24000
G1 X135.954 Y135.409 Z4.2
G1 Z3.8
G1 E.8 F2400
SET_VELOCITY_LIMIT ACCEL=4000 ACCEL_TO_DECEL=2000 SQUARE_CORNER_VELOCITY=6
;TYPE:Inner wall
;WIDTH:0.45
G1 F6141.304
G1 X164.594 Y110.23 E1.23917
G1 X169.081 Y115.334 E.22083
G1 X125.56 Y153.597 E1.88305
G1 X96.329 Y135.28 E1.12093
G1 X95.673 Y106.832 E.92465
G1 X100.911 Y110.66 E.21082
G1 X135.393 Y135.903 E1.38864
G1 X135.909 Y135.449 E.02233
SET_VELOCITY_LIMIT ACCEL=8000 ACCEL_TO_DECEL=4000 SQUARE_CORNER_VELOCITY=8
G1 X135.37 Y135.4 F24000
SET_VELOCITY_LIMIT ACCEL=4000 ACCEL_TO_DECEL=2000 SQUARE_CORNER_VELOCITY=6
;TYPE:Outer wall
;WIDTH:0.42
G1 F6629.9
G1 X164.629 Y109.677 E1.17266
G1 X169.634 Y115.37 E.22816
G1 X125.599 Y154.084 E1.76488
M73 P19 R31
G1 X95.942 Y135.5 E1.05347
G1 X95.263 Y106.047 E.88679
G1 X101.143 Y110.344 E.21922
G1 X135.322 Y135.365 E1.27502
G1 E-.8 F2400
;WIPE_START
G1 F6629.9
G1 X136.826 Y134.047
;WIPE_END
SET_VELOCITY_LIMIT ACCEL=8000 ACCEL_TO_DECEL=4000 SQUARE_CORNER_VELOCITY=8
G1 X139.014 Y141.305 Z4.2 F24000
G1 Z3.8
G1 E.8 F2400
SET_VELOCITY_LIMIT ACCEL=6000 ACCEL_TO_DECEL=3000
;TYPE:Sparse infill
;WIDTH:0.45
G1 F6141.304
G1 X140.237 Y140.229 E.05291
G1 X135.915 Y135.908 E.19861
G1 X135.413 Y136.349 E.02172
G1 X133.041 Y134.613 E.09552
G1 X118.741 Y148.913 E.65716
G1 X117.335 Y148.032 E.0539
G1 X96.49 Y127.187 E.95791
G1 X96.444 Y125.154 E.06608
G1 X106.451 Y115.147 E.45987
G1 X110.286 Y117.955 E.15444
G1 X136.152 Y143.821 E1.18866
G1 X134.929 Y144.896 E.05291
SET_VELOCITY_LIMIT ACCEL=8000 ACCEL_TO_DECEL=4000
G1 X124.84 Y152.734 F24000
SET_VELOCITY_LIMIT ACCEL=6000 ACCEL_TO_DECEL=3000
G1 F6141.304
G1 X123.46 Y151.87 E.05291
G1 X164.584 Y110.746 E1.88983
G1 X168.175 Y114.831 E.17674
G1 X161.253 Y121.753 E.31809
G1 X160.66 Y122.274 E.02563
G1 X156.339 Y117.952 E.19861
G1 X160.423 Y114.361 E.17674
G1 X164.745 Y118.682 E.19861
SET_VELOCITY_LIMIT ACCEL=8000 ACCEL_TO_DECEL=4000
G1 X141.222 Y131.241 F24000
SET_VELOCITY_LIMIT ACCEL=6000 ACCEL_TO_DECEL=3000
G1 F6141.304
G1 X140 Y132.317 E.05291
G1 X144.321 Y136.638 E.19861
G1 X148.406 Y133.047 E.17674
G1 X144.084 Y128.725 E.19861
G1 X148.169 Y125.134 E.17674
G1 X152.491 Y129.456 E.19861
G1 X156.576 Y125.865 E.17674
G1 X152.254 Y121.543 E.19861
G1 X153.477 Y120.468 E.05291
G1 E-.8 F2400
;WIPE_START
G1 F6141.304
G1 X152.254 Y121.543
G1 X152.517 Y121.806
;WIPE_END
SET_VELOCITY_LIMIT ACCEL=8000 ACCEL_TO_DECEL=4000
G1 X145.926 Y125.655 Z4.2 F24000
G1 X112.642 Y145.091 Z4.2
G1 Z3.8
G1 E.8 F2400
SET_VELOCITY_LIMIT ACCEL=6000 ACCEL_TO_DECEL=3000
G1 F6141.304
G1 X114.022 Y145.956 E.05291
G1 X128.609 Y131.368 E.67036
G1 X124.178 Y128.124 E.17847
G1 X109.303 Y142.999 E.68356
G1 X104.584 Y140.042 E.18096
G1 X119.746 Y124.88 E.69676
G1 X115.314 Y121.636 E.17847
G1 X99.865 Y137.085 E.70996
G1 X96.673 Y135.084 E.12242
G1 X96.617 Y132.657 E.07889
G1 X110.882 Y118.391 E.65558
SET_VELOCITY_LIMIT ACCEL=8000 ACCEL_TO_DECEL=4000
G1 X96.27 Y107.7 F24000
SET_VELOCITY_LIMIT ACCEL=6000 ACCEL_TO_DECEL=3000
G1 F6141.304
G1 X97.585 Y108.661 E.05291
G1 X96.098 Y110.148 E.06835
G1 X96.128 Y111.473 E.04306
G1 X132.067 Y147.412 E1.65156
G1 X127.982 Y151.003 E.17674
G1 X96.309 Y119.33 E1.45552
G1 X96.271 Y117.651 E.05457
G1 X102.019 Y111.903 E.26416
G1 X100.705 Y110.941 E.05291
G1 E-.8 F2400
SET_VELOCITY_LIMIT ACCEL=8000 ACCEL_TO_DECEL=4000
G1 X97.898 Y118.039 Z4.2 F24000
G1 X91.323 Y134.667 Z4.2
G1 Z3.8
G1 E.8 F2400
SET_VELOCITY_LIMIT ACCEL=4000 ACCEL_TO_DECEL=2000 SQUARE_CORNER_VELOCITY=6
;TYPE:Inner wall
G1 F6141.304
G1 X90.67 Y106.329 E.92109
G1 X93.165 Y106.271 E.0811
G1 X93.33 Y113.423 E.23245
G1 X93.829 Y135.06 E.70327
G1 X91.334 Y135.117 E.0811
G1 X91.325 Y134.727 E.01267
SET_VELOCITY_LIMIT ACCEL=8000 ACCEL_TO_DECEL=4000 SQUARE_CORNER_VELOCITY=8
G1 X90.951 Y135.518 F24000
SET_VELOCITY_LIMIT ACCEL=4000 ACCEL_TO_DECEL=2000 SQUARE_CORNER_VELOCITY=6
;TYPE:Outer wall
;WIDTH:0.42
G1 F6629.9
G1 X90.269 Y105.946 E.89036
G1 X90.899 Y105.931 E.01897
G1 X92.718 Y105.889 E.05477
M106 S255
G1 F2220
G1 X93.548 Y105.87 E.02499
G1 X93.722 Y113.414 E.22714
G1 X94.23 Y135.443 E.66325
M106 S227
G1 X93.4 Y135.462 E.02499
G1 F6600
G1 X91.64 Y135.502 E.05299
G1 F6629.9
G1 X91.011 Y135.517 E.01894
G1 E-.8 F2400
;WIPE_START
G1 F6629.9
G1 X90.96 Y133.517
;WIPE_END
SET_VELOCITY_LIMIT ACCEL=8000 ACCEL_TO_DECEL=4000 SQUARE_CORNER_VELOCITY=8
G1 X90.999 Y125.885 Z4.2 F24000
G1 X91.083 Y109.152 Z4.2
G1 Z3.8
G1 E.8 F2400
SET_VELOCITY_LIMIT ACCEL=6000 ACCEL_TO_DECEL=3000
;TYPE:Sparse infill
;WIDTH:0.45
G1 F6141.304
G1 X91.046 Y107.524 E.05291
G1 X91.922 Y106.648 E.04025
G1 X91.317 Y106.662 E.01964
G1 X92.371 Y107.716 E.0484
G1 X92.51 Y113.736 E.1957
G1 X91.219 Y115.027 E.05932
G1 X91.2 Y114.221 E.0262
G1 X92.552 Y115.573 E.06211
G1 X92.682 Y121.239 E.18419
G1 X91.392 Y122.53 E.05932
G1 X91.381 Y122.078 E.01469
G1 X92.733 Y123.43 E.06211
G1 X92.855 Y128.742 E.17268
G1 X91.565 Y130.033 E.05932
G1 X91.562 Y129.935 E.00318
G1 X92.914 Y131.287 E.06211
G1 X92.952 Y132.915 E.05291
SET_VELOCITY_LIMIT ACCEL=8000 ACCEL_TO_DECEL=4000
G1 X92.761 Y106.695 F24000
SET_VELOCITY_LIMIT ACCEL=6000 ACCEL_TO_DECEL=3000
;TYPE:Internal solid infill
;WIDTH:0.463294
G1 F5947.085
G1 X93.404 Y134.596 E.9365
;TIME_ELAPSED:456.064575

;LAYER_CHANGE
;:4
;HEIGHT:0.2
;BEFORE_LAYER_CHANGE
;4
G92 E0

G1 E-.8 F2400
;WIPE_START
G1 F5947.085
G1 X93.358 Y132.596
;WIPE_END
EXCLUDE_OBJECT_END NAME=arm.stl_id_0_copy_0
;_SET_FAN_SPEED_CHANGING_LAYER
; OBJECT_ID: 15
EXCLUDE_OBJECT_START NAME=arm.stl_id_0_copy_0
SET_VELOCITY_LIMIT ACCEL=8000 ACCEL_TO_DECEL=4000
G1 X100.825 Y131.015 Z4.2 F24000
G1 X143.695 Y121.941 Z4.2
G1 Z4
G1 E.8 F2400
SET_VELOCITY_LIMIT ACCEL=4000 ACCEL_TO_DECEL=2000 SQUARE_CORNER_VELOCITY=6
;TYPE:Inner wall
;WIDTH:0.45
G1 F6141.304
G1 X143.418 Y122.184 E.01198
G1 X142.431 Y121.061 E.04861
G1 X142.919 Y120.632 E.02111
G1 X145.037 Y120.761 E.06897
G1 X143.74 Y121.901 E.05612
G1 E-.8 F2400
;WIPE_START
G1 F6141.304
G1 X143.418 Y122.184
G1 X142.431 Y121.061
G1 X142.488 Y121.011
;WIPE_END
SET_VELOCITY_LIMIT ACCEL=8000 ACCEL_TO_DECEL=4000 SQUARE_CORNER_VELOCITY=8
G1 X149.145 Y117.279 Z4.4 F24000
G1 X156.691 Y113.049 Z4.4
G1 Z4
G1 E.8 F2400
SET_VELOCITY_LIMIT ACCEL=4000 ACCEL_TO_DECEL=2000 SQUARE_CORNER_VELOCITY=6
G1 F6141.304
G1 X155.438 Y111.623 E.0617
G1 X161.292 Y106.475 E.25332
G1 X161.573 Y106.794 E.01379
G1 X163.072 Y108.5 E.07382
G1 X157.218 Y113.647 E.25332
G1 X156.731 Y113.094 E.02396
SET_VELOCITY_LIMIT ACCEL=8000 ACCEL_TO_DECEL=4000 SQUARE_CORNER_VELOCITY=8
G1 X156.991 Y113.983 F24000
SET_VELOCITY_LIMIT ACCEL=4000 ACCEL_TO_DECEL=2000 SQUARE_CORNER_VELOCITY=6
;TYPE:Outer wall
;WIDTH:0.42
G1 F6629.9
G1 X156.632 Y113.575 E.01636
G1 X155.758 Y112.581 E.03984
G1 X155.399 Y112.173 E.01636
G1 X154.991 Y112.531 E.01634
G1 X143.856 Y122.321 E.44629
G1 X143.383 Y122.737 E.01896
G1 X141.877 Y121.025 E.06863
G1 X142.781 Y120.23 E.03624
G1 X144.906 Y120.36 E.06408
G1 X161.328 Y105.922 E.65818
G1 X161.867 Y106.535 E.02457
G1 X162.283 Y107.008 E.01896
G1 X163.078 Y107.912 E.03624
M106 S255
G1 F2220
G1 X163.626 Y108.536 E.025
G1 X141.41 Y128.066 E.89036
M106 S227
G1 X141.219 Y127.849 E.0087
G1 F6600
G1 X156.945 Y114.023 E.63028
SET_VELOCITY_LIMIT ACCEL=8000 ACCEL_TO_DECEL=4000 SQUARE_CORNER_VELOCITY=8
G1 X157.255 Y113.063 F24000
SET_VELOCITY_LIMIT ACCEL=6000 ACCEL_TO_DECEL=3000
;TYPE:Internal solid infill
;WIDTH:0.463292
G1 F5947.113
G1 X162.444 Y108.502 E.23182
SET_VELOCITY_LIMIT ACCEL=8000 ACCEL_TO_DECEL=4000
G1 X156.168 Y111.926 F24000
SET_VELOCITY_LIMIT ACCEL=6000 ACCEL_TO_DECEL=3000
;TYPE:Sparse infill
;WIDTH:0.45
G1 F6141.304
G1 X155.929 Y111.654 E.01174
G1 X156.881 Y110.818 E.04117
G1 X157.958 Y111.895 E.0495
G1 X162.043 Y108.304 E.17674
G1 X160.965 Y107.227 E.0495
G1 X159.742 Y108.302 E.05291
SET_VELOCITY_LIMIT ACCEL=8000 ACCEL_TO_DECEL=4000
G1 X155.289 Y111.751 F24000
SET_VELOCITY_LIMIT ACCEL=6000 ACCEL_TO_DECEL=3000
;TYPE:Gap infill
;WIDTH:0.430844
G1 F6444.559
G1 X145.249 Y120.577 E.41395
SET_VELOCITY_LIMIT ACCEL=8000 ACCEL_TO_DECEL=4000
G1 X143.018 Y121.098 F24000
SET_VELOCITY_LIMIT ACCEL=6000 ACCEL_TO_DECEL=3000
;TYPE:Internal solid infill
;WIDTH:0.468625
G1 F5872.611
G1 X143.456 Y121.596 E.02253
G1 X144.004 Y121.115 E.02478
G1 X143.063 Y121.059 E.03201
G1 E-.8 F2400
;WIPE_START
G1 F5872.611
G1 X144.004 Y121.115
G1 X143.456 Y121.596
G1 X143.239 Y121.349
;WIPE_END
SET_VELOCITY_LIMIT ACCEL=8000 ACCEL_TO_DECEL=4000
G1 X139.728 Y128.126 Z4.4 F24000
G1 X135.954 Y135.409 Z4.4
G1 Z4
G1 E.8 F2400
SET_VELOCITY_LIMIT ACCEL=4000 ACCEL_TO_DECEL=2000 SQUARE_CORNER_VELOCITY=6
;TYPE:Inner wall
;WIDTH:0.45
G1 F6141.304
G1 X164.594 Y110.23 E1.23917
G1 X169.081 Y115.334 E.22083
G1 X125.56 Y153.597 E1.88305
G1 X96.329 Y135.28 E1.12093
G1 X95.673 Y106.832 E.92465
G1 X101.247 Y110.906 E.22435
G1 X135.393 Y135.903 E1.37511
G1 X135.909 Y135.449 E.02233
SET_VELOCITY_LIMIT ACCEL=8000 ACCEL_TO_DECEL=4000 SQUARE_CORNER_VELOCITY=8
G1 X135.37 Y135.4 F24000
SET_VELOCITY_LIMIT ACCEL=4000 ACCEL_TO_DECEL=2000 SQUARE_CORNER_VELOCITY=6
;TYPE:Outer wall
;WIDTH:0.42
G1 F6629.9
G1 X164.629 Y109.677 E1.17266
G1 X169.634 Y115.37 E.22816
G1 X125.599 Y154.084 E1.76488
G1 X95.942 Y135.5 E1.05347
G1 X95.263 Y106.047 E.88679
G1 X101.478 Y110.59 E.23175
G1 X135.322 Y135.365 E1.26249
G1 E-.8 F2400
;WIPE_START
G1 F6629.9
G1 X136.826 Y134.047
;WIPE_END
SET_VELOCITY_LIMIT ACCEL=8000 ACCEL_TO_DECEL=4000 SQUARE_CORNER_VELOCITY=8
G1 X135.511 Y141.565 Z4.4 F24000
G1 X134.929 Y144.896 Z4.4
G1 Z4
G1 E.8 F2400
SET_VELOCITY_LIMIT ACCEL=6000 ACCEL_TO_DECEL=3000
;TYPE:Sparse infill
;WIDTH:0.45
G1 F6141.304
G1 X136.152 Y143.821 E.05291
G1 X110.286 Y117.955 E1.18866
G1 X106.451 Y115.147 E.15444
G1 X96.444 Y125.154 E.45987
G1 X96.49 Y127.187 E.06608
G1 X117.335 Y148.032 E.95791
G1 X118.741 Y148.913 E.0539
G1 X133.041 Y134.613 E.65716
G1 X135.413 Y136.349 E.09552
G1 X135.915 Y135.908 E.02172
G1 X140.237 Y140.229 E.19861
G1 X139.014 Y141.305 E.05291
SET_VELOCITY_LIMIT ACCEL=8000 ACCEL_TO_DECEL=4000
G1 X153.477 Y120.468 F24000
SET_VELOCITY_LIMIT ACCEL=6000 ACCEL_TO_DECEL=3000
G1 F6141.304
G1 X152.254 Y121.543 E.05291
G1 X156.576 Y125.865 E.19861
G1 X152.491 Y129.456 E.17674
G1 X148.169 Y125.134 E.19861
G1 X144.084 Y128.725 E.17674
G1 X148.406 Y133.047 E.19861
G1 X144.321 Y136.638 E.17674
G1 X140 Y132.317 E.19861
G1 X141.222 Y131.241 E.05291
SET_VELOCITY_LIMIT ACCEL=8000 ACCEL_TO_DECEL=4000
G1 X164.745 Y118.682 F24000
SET_VELOCITY_LIMIT ACCEL=6000 ACCEL_TO_DECEL=3000
G1 F6141.304
G1 X160.423 Y114.361 E.19861
G1 X156.339 Y117.952 E.17674
G1 X160.66 Y122.274 E.19861
G1 X161.253 Y121.753 E.02563
G1 X168.175 Y114.831 E.31809
M73 P20 R31
G1 X164.584 Y110.746 E.17674
G1 X123.46 Y151.87 E1.88983
G1 X124.84 Y152.734 E.05291
SET_VELOCITY_LIMIT ACCEL=8000 ACCEL_TO_DECEL=4000
G1 X110.882 Y118.391 F24000
SET_VELOCITY_LIMIT ACCEL=6000 ACCEL_TO_DECEL=3000
G1 F6141.304
G1 X96.617 Y132.657 E.65558
G1 X96.673 Y135.084 E.07889
G1 X99.865 Y137.085 E.12242
G1 X115.314 Y121.636 E.70996
G1 X119.746 Y124.88 E.17847
G1 X104.584 Y140.042 E.69676
G1 X109.303 Y142.999 E.18096
G1 X124.178 Y128.124 E.68356
G1 X128.609 Y131.368 E.17847
G1 X114.022 Y145.956 E.67036
G1 X112.642 Y145.091 E.05291
SET_VELOCITY_LIMIT ACCEL=8000 ACCEL_TO_DECEL=4000
G1 X100.705 Y110.941 F24000
SET_VELOCITY_LIMIT ACCEL=6000 ACCEL_TO_DECEL=3000
G1 F6141.304
G1 X102.019 Y111.903 E.05291
G1 X96.271 Y117.651 E.26416
G1 X96.309 Y119.33 E.05457
G1 X127.982 Y151.003 E1.45552
G1 X132.067 Y147.412 E.17674
G1 X96.128 Y111.473 E1.65156
G1 X96.098 Y110.148 E.04306
G1 X97.585 Y108.661 E.06835
G1 X96.27 Y107.7 E.05291
G1 E-.8 F2400
SET_VELOCITY_LIMIT ACCEL=8000 ACCEL_TO_DECEL=4000
G1 X94.893 Y115.207 Z4.4 F24000
G1 X91.323 Y134.667 Z4.4
G1 Z4
G1 E.8 F2400
SET_VELOCITY_LIMIT ACCEL=4000 ACCEL_TO_DECEL=2000 SQUARE_CORNER_VELOCITY=6
;TYPE:Inner wall
G1 F6141.304
G1 X90.67 Y106.329 E.92109
G1 X93.365 Y106.267 E.0876
G1 X93.502 Y112.216 E.19338
G1 X94.029 Y135.055 E.74234
G1 X91.334 Y135.117 E.0876
G1 X91.325 Y134.727 E.01267
SET_VELOCITY_LIMIT ACCEL=8000 ACCEL_TO_DECEL=4000 SQUARE_CORNER_VELOCITY=8
G1 X90.951 Y135.518 F24000
SET_VELOCITY_LIMIT ACCEL=4000 ACCEL_TO_DECEL=2000 SQUARE_CORNER_VELOCITY=6
;TYPE:Outer wall
;WIDTH:0.42
G1 F6629.9
G1 X90.269 Y105.946 E.89036
G1 X90.899 Y105.931 E.01897
G1 X92.918 Y105.885 E.06079
M106 S255
G1 F2220
G1 X93.748 Y105.866 E.02499
G1 X93.894 Y112.207 E.19092
G1 X94.43 Y135.438 E.69944
M106 S227
G1 X93.6 Y135.457 E.02499
G1 F6600
G1 X91.64 Y135.502 E.05901
G1 F6629.9
G1 X91.011 Y135.517 E.01894
G1 E-.8 F2400
;WIPE_START
G1 F6629.9
G1 X90.96 Y133.517
;WIPE_END
SET_VELOCITY_LIMIT ACCEL=8000 ACCEL_TO_DECEL=4000 SQUARE_CORNER_VELOCITY=8
G1 X93.156 Y133.12 Z4.4 F24000
G1 Z4
G1 E.8 F2400
SET_VELOCITY_LIMIT ACCEL=6000 ACCEL_TO_DECEL=3000
;TYPE:Sparse infill
;WIDTH:0.45
G1 F6141.304
G1 X93.119 Y131.492 E.05291
G1 X91.562 Y129.935 E.07153
G1 X91.565 Y130.033 E.00318
G1 X93.051 Y128.547 E.0683
G1 X92.938 Y123.635 E.15967
G1 X91.381 Y122.078 E.07153
G1 X91.392 Y122.53 E.01469
G1 X92.878 Y121.044 E.0683
G1 X92.757 Y115.777 E.17118
G1 X91.2 Y114.221 E.07153
G1 X91.219 Y115.027 E.0262
G1 X92.705 Y113.541 E.0683
G1 X92.575 Y107.92 E.18269
G1 X91.317 Y106.662 E.05781
G1 X91.922 Y106.648 E.01964
G1 X91.046 Y107.524 E.04025
G1 X91.083 Y109.152 E.05291
SET_VELOCITY_LIMIT ACCEL=8000 ACCEL_TO_DECEL=4000
G1 X92.961 Y106.69 F24000
SET_VELOCITY_LIMIT ACCEL=6000 ACCEL_TO_DECEL=3000
;TYPE:Internal solid infill
;WIDTH:0.463294
G1 F5947.085
G1 X93.604 Y134.591 E.9365
;TIME_ELAPSED:474.771179

;LAYER_CHANGE
;:4.2
;HEIGHT:0.2
;BEFORE_LAYER_CHANGE
;4.2
G92 E0

G1 E-.8 F2400
;WIPE_START
G1 F5947.085
G1 X93.558 Y132.591
;WIPE_END
EXCLUDE_OBJECT_END NAME=arm.stl_id_0_copy_0
;_SET_FAN_SPEED_CHANGING_LAYER
; OBJECT_ID: 15
EXCLUDE_OBJECT_START NAME=arm.stl_id_0_copy_0
SET_VELOCITY_LIMIT ACCEL=8000 ACCEL_TO_DECEL=4000
G1 X101.024 Y131.005 Z4.4 F24000
G1 X143.695 Y121.941 Z4.4
G1 Z4.2
G1 E.8 F2400
SET_VELOCITY_LIMIT ACCEL=4000 ACCEL_TO_DECEL=2000 SQUARE_CORNER_VELOCITY=6
;TYPE:Inner wall
;WIDTH:0.45
G1 F6141.304
G1 X143.418 Y122.184 E.01198
G1 X142.431 Y121.061 E.04861
G1 X142.919 Y120.632 E.02111
G1 X145.037 Y120.761 E.06897
G1 X143.74 Y121.901 E.05612
G1 E-.8 F2400
;WIPE_START
G1 F6141.304
G1 X143.418 Y122.184
G1 X142.431 Y121.061
G1 X142.488 Y121.011
;WIPE_END
SET_VELOCITY_LIMIT ACCEL=8000 ACCEL_TO_DECEL=4000 SQUARE_CORNER_VELOCITY=8
G1 X149.192 Y117.364 Z4.6 F24000
G1 X156.832 Y113.209 Z4.6
G1 Z4.2
G1 E.8 F2400
SET_VELOCITY_LIMIT ACCEL=4000 ACCEL_TO_DECEL=2000 SQUARE_CORNER_VELOCITY=6
G1 F6141.304
G1 X155.438 Y111.623 E.06862
G1 X161.292 Y106.475 E.25332
G1 X161.607 Y106.833 E.0155
G1 X163.205 Y108.65 E.0786
G1 X157.35 Y113.798 E.25332
G1 X156.872 Y113.254 E.02353
SET_VELOCITY_LIMIT ACCEL=8000 ACCEL_TO_DECEL=4000 SQUARE_CORNER_VELOCITY=8
G1 X156.991 Y113.983 F24000
SET_VELOCITY_LIMIT ACCEL=4000 ACCEL_TO_DECEL=2000 SQUARE_CORNER_VELOCITY=6
;TYPE:Outer wall
;WIDTH:0.42
G1 F6629.9
G1 X156.632 Y113.575 E.01636
G1 X155.758 Y112.581 E.03984
G1 X155.399 Y112.173 E.01636
G1 X154.991 Y112.531 E.01634
G1 X143.856 Y122.321 E.44629
G1 X143.383 Y122.737 E.01896
G1 X141.877 Y121.025 E.06863
G1 X142.781 Y120.23 E.03624
G1 X144.906 Y120.36 E.06408
G1 X161.328 Y105.922 E.65818
G1 X161.902 Y106.575 E.02617
G1 X162.318 Y107.048 E.01896
G1 X163.21 Y108.062 E.04065
M106 S255
G1 F2220
G1 X163.758 Y108.686 E.025
G1 X141.543 Y128.217 E.89036
M106 S227
G1 X141.219 Y127.849 E.01476
G1 F6600
G1 X156.945 Y114.023 E.63028
SET_VELOCITY_LIMIT ACCEL=8000 ACCEL_TO_DECEL=4000 SQUARE_CORNER_VELOCITY=8
G1 X157.3 Y114.037 F24000
SET_VELOCITY_LIMIT ACCEL=6000 ACCEL_TO_DECEL=3000
;TYPE:Gap infill
;WIDTH:0.140842
G1 F15000
G1 X141.528 Y127.903 E.16415
G1 E-.8 F2400
;WIPE_START
G1 F15000
G1 X143.03 Y126.583
;WIPE_END
SET_VELOCITY_LIMIT ACCEL=8000 ACCEL_TO_DECEL=4000
G1 X143.018 Y121.098 Z4.6 F24000
G1 Z4.2
G1 E.8 F2400
SET_VELOCITY_LIMIT ACCEL=6000 ACCEL_TO_DECEL=3000
;TYPE:Internal solid infill
;WIDTH:0.468625
G1 F5872.611
M73 P20 R30
G1 X143.456 Y121.596 E.02253
G1 X144.004 Y121.115 E.02478
G1 X143.063 Y121.059 E.03201
SET_VELOCITY_LIMIT ACCEL=8000 ACCEL_TO_DECEL=4000
G1 X145.249 Y120.577 F24000
SET_VELOCITY_LIMIT ACCEL=6000 ACCEL_TO_DECEL=3000
;TYPE:Gap infill
;WIDTH:0.430844
G1 F6444.559
G1 X155.289 Y111.751 E.41395
SET_VELOCITY_LIMIT ACCEL=8000 ACCEL_TO_DECEL=4000
G1 X157.387 Y113.214 F24000
SET_VELOCITY_LIMIT ACCEL=6000 ACCEL_TO_DECEL=3000
;TYPE:Internal solid infill
;WIDTH:0.463292
G1 F5947.113
G1 X162.576 Y108.652 E.23182
SET_VELOCITY_LIMIT ACCEL=8000 ACCEL_TO_DECEL=4000
G1 X159.742 Y108.302 F24000
SET_VELOCITY_LIMIT ACCEL=6000 ACCEL_TO_DECEL=3000
;TYPE:Sparse infill
;WIDTH:0.45
G1 F6141.304
G1 X160.965 Y107.227 E.05291
G1 X162.184 Y108.445 E.05601
G1 X158.099 Y112.037 E.17674
G1 X156.881 Y110.818 E.05601
G1 X155.929 Y111.654 E.04117
G1 X156.168 Y111.926 E.01174
G1 E-.8 F2400
SET_VELOCITY_LIMIT ACCEL=8000 ACCEL_TO_DECEL=4000
G1 X151.189 Y117.71 Z4.6 F24000
G1 X135.954 Y135.409 Z4.6
G1 Z4.2
G1 E.8 F2400
SET_VELOCITY_LIMIT ACCEL=4000 ACCEL_TO_DECEL=2000 SQUARE_CORNER_VELOCITY=6
;TYPE:Inner wall
G1 F6141.304
G1 X164.594 Y110.23 E1.23917
G1 X169.081 Y115.334 E.22083
G1 X125.56 Y153.597 E1.88305
G1 X96.329 Y135.28 E1.12093
G1 X95.673 Y106.832 E.92465
G1 X101.583 Y111.152 E.23788
G1 X135.393 Y135.903 E1.36158
G1 X135.909 Y135.449 E.02233
SET_VELOCITY_LIMIT ACCEL=8000 ACCEL_TO_DECEL=4000 SQUARE_CORNER_VELOCITY=8
G1 X135.37 Y135.4 F24000
SET_VELOCITY_LIMIT ACCEL=4000 ACCEL_TO_DECEL=2000 SQUARE_CORNER_VELOCITY=6
;TYPE:Outer wall
;WIDTH:0.42
G1 F6629.9
G1 X164.629 Y109.677 E1.17266
G1 X169.634 Y115.37 E.22816
G1 X125.599 Y154.084 E1.76488
G1 X95.942 Y135.5 E1.05347
G1 X95.263 Y106.047 E.88679
G1 X101.814 Y110.836 E.24428
G1 X135.322 Y135.365 E1.24995
G1 E-.8 F2400
;WIPE_START
G1 F6629.9
G1 X136.826 Y134.047
;WIPE_END
SET_VELOCITY_LIMIT ACCEL=8000 ACCEL_TO_DECEL=4000 SQUARE_CORNER_VELOCITY=8
G1 X139.014 Y141.305 Z4.6 F24000
G1 Z4.2
G1 E.8 F2400
SET_VELOCITY_LIMIT ACCEL=6000 ACCEL_TO_DECEL=3000
;TYPE:Sparse infill
;WIDTH:0.45
G1 F6141.304
G1 X140.237 Y140.229 E.05291
G1 X135.915 Y135.908 E.19861
G1 X135.413 Y136.349 E.02172
G1 X133.041 Y134.613 E.09552
G1 X118.741 Y148.913 E.65716
G1 X117.335 Y148.032 E.0539
G1 X96.49 Y127.187 E.95791
G1 X96.444 Y125.154 E.06608
G1 X106.451 Y115.147 E.45987
G1 X110.286 Y117.955 E.15444
G1 X136.152 Y143.821 E1.18866
G1 X134.929 Y144.896 E.05291
SET_VELOCITY_LIMIT ACCEL=8000 ACCEL_TO_DECEL=4000
G1 X124.84 Y152.734 F24000
SET_VELOCITY_LIMIT ACCEL=6000 ACCEL_TO_DECEL=3000
G1 F6141.304
G1 X123.46 Y151.87 E.05291
G1 X164.584 Y110.746 E1.88983
G1 X168.175 Y114.831 E.17674
G1 X161.253 Y121.753 E.31809
G1 X160.66 Y122.274 E.02563
G1 X156.339 Y117.952 E.19861
G1 X160.423 Y114.361 E.17674
G1 X164.745 Y118.682 E.19861
SET_VELOCITY_LIMIT ACCEL=8000 ACCEL_TO_DECEL=4000
G1 X141.222 Y131.241 F24000
SET_VELOCITY_LIMIT ACCEL=6000 ACCEL_TO_DECEL=3000
G1 F6141.304
G1 X140 Y132.317 E.05291
G1 X144.321 Y136.638 E.19861
G1 X148.406 Y133.047 E.17674
G1 X144.084 Y128.725 E.19861
G1 X148.169 Y125.134 E.17674
G1 X152.491 Y129.456 E.19861
G1 X156.576 Y125.865 E.17674
G1 X152.254 Y121.543 E.19861
G1 X153.477 Y120.468 E.05291
G1 E-.8 F2400
;WIPE_START
G1 F6141.304
G1 X152.254 Y121.543
G1 X152.517 Y121.806
;WIPE_END
SET_VELOCITY_LIMIT ACCEL=8000 ACCEL_TO_DECEL=4000
G1 X145.926 Y125.655 Z4.6 F24000
G1 X112.642 Y145.091 Z4.6
G1 Z4.2
G1 E.8 F2400
SET_VELOCITY_LIMIT ACCEL=6000 ACCEL_TO_DECEL=3000
G1 F6141.304
G1 X114.022 Y145.956 E.05291
G1 X128.609 Y131.368 E.67036
G1 X124.178 Y128.124 E.17847
G1 X109.303 Y142.999 E.68356
G1 X104.584 Y140.042 E.18096
G1 X119.746 Y124.88 E.69676
G1 X115.314 Y121.636 E.17847
G1 X99.865 Y137.085 E.70996
G1 X96.673 Y135.084 E.12242
G1 X96.617 Y132.657 E.07889
G1 X110.882 Y118.391 E.65558
SET_VELOCITY_LIMIT ACCEL=8000 ACCEL_TO_DECEL=4000
G1 X96.27 Y107.7 F24000
SET_VELOCITY_LIMIT ACCEL=6000 ACCEL_TO_DECEL=3000
G1 F6141.304
G1 X97.585 Y108.661 E.05291
G1 X96.098 Y110.148 E.06834
G1 X96.128 Y111.473 E.04306
G1 X132.067 Y147.412 E1.65156
G1 X127.982 Y151.003 E.17674
G1 X96.309 Y119.33 E1.45552
G1 X96.271 Y117.651 E.05457
G1 X102.019 Y111.903 E.26416
G1 X100.705 Y110.942 E.05291
G1 E-.8 F2400
SET_VELOCITY_LIMIT ACCEL=8000 ACCEL_TO_DECEL=4000
G1 X97.898 Y118.039 Z4.6 F24000
G1 X91.323 Y134.667 Z4.6
G1 Z4.2
G1 E.8 F2400
SET_VELOCITY_LIMIT ACCEL=4000 ACCEL_TO_DECEL=2000 SQUARE_CORNER_VELOCITY=6
;TYPE:Inner wall
G1 F6141.304
M73 P21 R30
G1 X90.67 Y106.329 E.92109
G1 X93.565 Y106.262 E.0941
G1 X93.674 Y111.01 E.15431
G1 X94.229 Y135.05 E.78141
G1 X91.334 Y135.117 E.0941
G1 X91.325 Y134.727 E.01267
SET_VELOCITY_LIMIT ACCEL=8000 ACCEL_TO_DECEL=4000 SQUARE_CORNER_VELOCITY=8
G1 X90.951 Y135.518 F24000
SET_VELOCITY_LIMIT ACCEL=4000 ACCEL_TO_DECEL=2000 SQUARE_CORNER_VELOCITY=6
;TYPE:Outer wall
;WIDTH:0.42
G1 F6629.9
G1 X90.269 Y105.946 E.89036
G1 X90.899 Y105.931 E.01897
G1 X93.118 Y105.88 E.06681
M106 S255
G1 F2220
G1 X93.948 Y105.861 E.02499
G1 X94.066 Y111 E.15473
G1 X94.63 Y135.433 E.73563
M106 S227
G1 X93.8 Y135.452 E.02499
G1 F6600
G1 X91.64 Y135.502 E.06503
G1 F6629.9
G1 X91.011 Y135.517 E.01894
G1 E-.8 F2400
;WIPE_START
G1 F6629.9
G1 X90.96 Y133.517
;WIPE_END
SET_VELOCITY_LIMIT ACCEL=8000 ACCEL_TO_DECEL=4000 SQUARE_CORNER_VELOCITY=8
G1 X90.999 Y125.885 Z4.6 F24000
G1 X91.083 Y109.152 Z4.6
G1 Z4.2
G1 E.8 F2400
SET_VELOCITY_LIMIT ACCEL=6000 ACCEL_TO_DECEL=3000
;TYPE:Sparse infill
;WIDTH:0.45
G1 F6141.304
G1 X91.046 Y107.524 E.05291
G1 X91.922 Y106.648 E.04025
G1 X91.317 Y106.662 E.01964
G1 X92.78 Y108.125 E.06722
G1 X92.901 Y113.345 E.16967
G1 X91.219 Y115.027 E.07729
G1 X91.2 Y114.221 E.0262
G1 X92.961 Y115.982 E.08094
G1 X93.074 Y120.848 E.15816
G1 X91.392 Y122.53 E.07729
G1 X91.381 Y122.078 E.01469
G1 X93.143 Y123.839 E.08094
G1 X93.247 Y128.351 E.14665
G1 X91.565 Y130.033 E.07729
G1 X91.562 Y129.935 E.00318
G1 X93.324 Y131.696 E.08094
G1 X93.361 Y133.324 E.05291
SET_VELOCITY_LIMIT ACCEL=8000 ACCEL_TO_DECEL=4000
G1 X93.161 Y106.685 F24000
SET_VELOCITY_LIMIT ACCEL=6000 ACCEL_TO_DECEL=3000
;TYPE:Internal solid infill
;WIDTH:0.463294
G1 F5947.085
G1 X93.804 Y134.586 E.9365
;TIME_ELAPSED:494.093689

;LAYER_CHANGE
;:4.4
;HEIGHT:0.2
;BEFORE_LAYER_CHANGE
;4.4
G92 E0

G1 E-.8 F2400
;WIPE_START
G1 F5947.085
G1 X93.758 Y132.587
;WIPE_END
EXCLUDE_OBJECT_END NAME=arm.stl_id_0_copy_0
;_SET_FAN_SPEED_CHANGING_LAYER
; OBJECT_ID: 15
EXCLUDE_OBJECT_START NAME=arm.stl_id_0_copy_0
SET_VELOCITY_LIMIT ACCEL=8000 ACCEL_TO_DECEL=4000
G1 X101.223 Y130.995 Z4.6 F24000
G1 X143.695 Y121.941 Z4.6
G1 Z4.4
G1 E.8 F2400
SET_VELOCITY_LIMIT ACCEL=4000 ACCEL_TO_DECEL=2000 SQUARE_CORNER_VELOCITY=6
;TYPE:Inner wall
;WIDTH:0.45
G1 F6141.304
G1 X143.418 Y122.184 E.01198
G1 X142.431 Y121.061 E.04861
G1 X142.919 Y120.632 E.02111
G1 X145.037 Y120.761 E.06897
G1 X143.74 Y121.901 E.05612
G1 E-.8 F2400
;WIPE_START
G1 F6141.304
G1 X143.418 Y122.184
G1 X142.431 Y121.061
G1 X142.488 Y121.011
;WIPE_END
SET_VELOCITY_LIMIT ACCEL=8000 ACCEL_TO_DECEL=4000 SQUARE_CORNER_VELOCITY=8
G1 X149.235 Y117.444 Z4.8 F24000
G1 X156.964 Y113.359 Z4.8
G1 Z4.4
G1 E.8 F2400
SET_VELOCITY_LIMIT ACCEL=4000 ACCEL_TO_DECEL=2000 SQUARE_CORNER_VELOCITY=6
G1 F6141.304
G1 X155.438 Y111.623 E.07512
G1 X161.292 Y106.475 E.25332
G1 X161.642 Y106.873 E.01721
G1 X163.337 Y108.8 E.08339
G1 X157.482 Y113.948 E.25332
G1 X157.004 Y113.404 E.02353
SET_VELOCITY_LIMIT ACCEL=8000 ACCEL_TO_DECEL=4000 SQUARE_CORNER_VELOCITY=8
G1 X156.991 Y113.983 F24000
SET_VELOCITY_LIMIT ACCEL=4000 ACCEL_TO_DECEL=2000 SQUARE_CORNER_VELOCITY=6
;TYPE:Outer wall
;WIDTH:0.42
G1 F6629.9
G1 X156.632 Y113.575 E.01636
G1 X155.758 Y112.581 E.03984
G1 X155.399 Y112.173 E.01636
G1 X154.991 Y112.531 E.01634
G1 X143.856 Y122.321 E.44629
G1 X143.383 Y122.737 E.01896
G1 X141.877 Y121.025 E.06863
G1 X142.781 Y120.23 E.03624
G1 X144.906 Y120.36 E.06408
G1 X161.328 Y105.922 E.65818
G1 X161.937 Y106.614 E.02775
G1 X162.353 Y107.087 E.01896
G1 X163.342 Y108.213 E.04511
M106 S255
G1 F2220
G1 X163.89 Y108.836 E.02497
G1 X141.675 Y128.367 E.89036
M106 S227
G1 X141.219 Y127.849 E.02077
G1 F6600
G1 X156.945 Y114.023 E.63028
SET_VELOCITY_LIMIT ACCEL=8000 ACCEL_TO_DECEL=4000 SQUARE_CORNER_VELOCITY=8
G1 X157.366 Y114.113 F24000
SET_VELOCITY_LIMIT ACCEL=6000 ACCEL_TO_DECEL=3000
;TYPE:Gap infill
;WIDTH:0.340845
G1 F8391.388
G1 X141.594 Y127.978 E.49941
G1 E-.8 F2400
;WIPE_START
G1 F8391.388
G1 X143.096 Y126.658
;WIPE_END
SET_VELOCITY_LIMIT ACCEL=8000 ACCEL_TO_DECEL=4000
G1 X143.018 Y121.098 Z4.8 F24000
G1 Z4.4
G1 E.8 F2400
SET_VELOCITY_LIMIT ACCEL=6000 ACCEL_TO_DECEL=3000
;TYPE:Internal solid infill
;WIDTH:0.468625
G1 F5872.611
G1 X143.456 Y121.596 E.02253
G1 X144.004 Y121.115 E.02478
G1 X143.063 Y121.059 E.03201
SET_VELOCITY_LIMIT ACCEL=8000 ACCEL_TO_DECEL=4000
G1 X145.249 Y120.577 F24000
SET_VELOCITY_LIMIT ACCEL=6000 ACCEL_TO_DECEL=3000
;TYPE:Gap infill
;WIDTH:0.430844
G1 F6444.559
G1 X155.289 Y111.751 E.41395
SET_VELOCITY_LIMIT ACCEL=8000 ACCEL_TO_DECEL=4000
G1 X156.168 Y111.926 F24000
SET_VELOCITY_LIMIT ACCEL=6000 ACCEL_TO_DECEL=3000
;TYPE:Sparse infill
;WIDTH:0.45
G1 F6141.304
G1 X155.929 Y111.654 E.01174
G1 X156.881 Y110.818 E.04117
G1 X158.241 Y112.178 E.06252
G1 X162.326 Y108.587 E.17674
G1 X160.965 Y107.227 E.06252
G1 X159.742 Y108.302 E.05291
SET_VELOCITY_LIMIT ACCEL=8000 ACCEL_TO_DECEL=4000
G1 X157.519 Y113.364 F24000
SET_VELOCITY_LIMIT ACCEL=6000 ACCEL_TO_DECEL=3000
;TYPE:Internal solid infill
;WIDTH:0.463292
G1 F5947.113
G1 X162.708 Y108.802 E.23182
G1 E-.8 F2400
;WIPE_START
G1 F5947.113
G1 X161.206 Y110.123
;WIPE_END
SET_VELOCITY_LIMIT ACCEL=8000 ACCEL_TO_DECEL=4000
G1 X155.812 Y115.524 Z4.8 F24000
G1 X135.954 Y135.409 Z4.8
G1 Z4.4
G1 E.8 F2400
SET_VELOCITY_LIMIT ACCEL=4000 ACCEL_TO_DECEL=2000 SQUARE_CORNER_VELOCITY=6
;TYPE:Inner wall
;WIDTH:0.45
G1 F6141.304
G1 X164.594 Y110.23 E1.23917
G1 X169.081 Y115.334 E.22083
G1 X125.56 Y153.597 E1.88305
G1 X96.329 Y135.28 E1.12093
G1 X95.673 Y106.832 E.92465
G1 X101.919 Y111.398 E.2514
G1 X135.393 Y135.903 E1.34806
G1 X135.909 Y135.449 E.02233
SET_VELOCITY_LIMIT ACCEL=8000 ACCEL_TO_DECEL=4000 SQUARE_CORNER_VELOCITY=8
G1 X135.37 Y135.4 F24000
SET_VELOCITY_LIMIT ACCEL=4000 ACCEL_TO_DECEL=2000 SQUARE_CORNER_VELOCITY=6
;TYPE:Outer wall
;WIDTH:0.42
G1 F6629.9
G1 X164.629 Y109.677 E1.17266
G1 X169.634 Y115.37 E.22816
G1 X125.599 Y154.084 E1.76488
G1 X95.942 Y135.5 E1.05347
G1 X95.263 Y106.047 E.88679
G1 X102.15 Y111.082 E.2568
G1 X135.322 Y135.365 E1.23743
G1 E-.8 F2400
;WIPE_START
G1 F6629.9
G1 X136.826 Y134.047
;WIPE_END
SET_VELOCITY_LIMIT ACCEL=8000 ACCEL_TO_DECEL=4000 SQUARE_CORNER_VELOCITY=8
G1 X135.511 Y141.565 Z4.8 F24000
G1 X134.929 Y144.896 Z4.8
G1 Z4.4
G1 E.8 F2400
SET_VELOCITY_LIMIT ACCEL=6000 ACCEL_TO_DECEL=3000
;TYPE:Sparse infill
;WIDTH:0.45
G1 F6141.304
G1 X136.152 Y143.821 E.05291
G1 X110.286 Y117.955 E1.18866
G1 X106.451 Y115.147 E.15444
G1 X96.444 Y125.154 E.45987
G1 X96.49 Y127.187 E.06608
G1 X117.335 Y148.032 E.95791
G1 X118.741 Y148.913 E.0539
G1 X133.041 Y134.613 E.65716
G1 X135.413 Y136.349 E.09552
G1 X135.915 Y135.908 E.02172
G1 X140.237 Y140.229 E.19861
G1 X139.014 Y141.305 E.05291
SET_VELOCITY_LIMIT ACCEL=8000 ACCEL_TO_DECEL=4000
G1 X153.477 Y120.468 F24000
SET_VELOCITY_LIMIT ACCEL=6000 ACCEL_TO_DECEL=3000
G1 F6141.304
G1 X152.254 Y121.543 E.05291
G1 X156.576 Y125.865 E.19861
G1 X152.491 Y129.456 E.17674
G1 X148.169 Y125.134 E.19861
G1 X144.084 Y128.725 E.17674
G1 X148.406 Y133.047 E.19861
G1 X144.321 Y136.638 E.17674
G1 X140 Y132.317 E.19861
G1 X141.222 Y131.241 E.05291
SET_VELOCITY_LIMIT ACCEL=8000 ACCEL_TO_DECEL=4000
G1 X164.745 Y118.682 F24000
SET_VELOCITY_LIMIT ACCEL=6000 ACCEL_TO_DECEL=3000
G1 F6141.304
G1 X160.423 Y114.361 E.19861
G1 X156.339 Y117.952 E.17674
G1 X160.66 Y122.274 E.19861
G1 X161.253 Y121.753 E.02563
G1 X168.175 Y114.831 E.31809
G1 X164.584 Y110.746 E.17674
G1 X123.46 Y151.87 E1.88983
G1 X124.84 Y152.734 E.05291
SET_VELOCITY_LIMIT ACCEL=8000 ACCEL_TO_DECEL=4000
G1 X110.882 Y118.391 F24000
SET_VELOCITY_LIMIT ACCEL=6000 ACCEL_TO_DECEL=3000
G1 F6141.304
G1 X96.617 Y132.657 E.65558
G1 X96.673 Y135.084 E.07889
G1 X99.865 Y137.085 E.12242
G1 X115.314 Y121.636 E.70996
G1 X119.746 Y124.88 E.17847
G1 X104.584 Y140.042 E.69676
G1 X109.303 Y142.999 E.18096
G1 X124.178 Y128.124 E.68356
G1 X128.609 Y131.368 E.17847
G1 X114.022 Y145.956 E.67036
G1 X112.642 Y145.091 E.05291
SET_VELOCITY_LIMIT ACCEL=8000 ACCEL_TO_DECEL=4000
G1 X100.705 Y110.942 F24000
SET_VELOCITY_LIMIT ACCEL=6000 ACCEL_TO_DECEL=3000
G1 F6141.304
G1 X102.019 Y111.903 E.05291
G1 X96.271 Y117.651 E.26416
G1 X96.309 Y119.33 E.05457
G1 X127.982 Y151.003 E1.45552
G1 X132.067 Y147.412 E.17674
G1 X96.128 Y111.473 E1.65156
G1 X96.098 Y110.148 E.04306
G1 X97.585 Y108.661 E.06834
G1 X96.27 Y107.7 E.05291
G1 E-.8 F2400
SET_VELOCITY_LIMIT ACCEL=8000 ACCEL_TO_DECEL=4000
G1 X94.893 Y115.207 Z4.8 F24000
G1 X91.323 Y134.667 Z4.8
G1 Z4.4
G1 E.8 F2400
SET_VELOCITY_LIMIT ACCEL=4000 ACCEL_TO_DECEL=2000 SQUARE_CORNER_VELOCITY=6
;TYPE:Inner wall
G1 F6141.304
G1 X90.67 Y106.329 E.92109
G1 X93.765 Y106.258 E.1006
G1 X93.847 Y109.803 E.11523
G1 X94.429 Y135.046 E.82048
G1 X91.334 Y135.117 E.1006
G1 X91.325 Y134.727 E.01267
SET_VELOCITY_LIMIT ACCEL=8000 ACCEL_TO_DECEL=4000 SQUARE_CORNER_VELOCITY=8
G1 X90.951 Y135.518 F24000
SET_VELOCITY_LIMIT ACCEL=4000 ACCEL_TO_DECEL=2000 SQUARE_CORNER_VELOCITY=6
;TYPE:Outer wall
;WIDTH:0.42
G1 F6629.9
G1 X90.269 Y105.946 E.89036
G1 X90.899 Y105.931 E.01897
G1 X93.318 Y105.876 E.07283
M106 S255
G1 F2220
G1 X94.148 Y105.857 E.02499
G1 X94.239 Y109.794 E.11854
G1 X94.83 Y135.429 E.77182
M106 S227
G1 X94 Y135.448 E.02499
G1 F6600
G1 X91.64 Y135.502 E.07105
G1 F6629.9
G1 X91.011 Y135.517 E.01894
G1 E-.8 F2400
;WIPE_START
G1 F6629.9
G1 X90.96 Y133.517
;WIPE_END
SET_VELOCITY_LIMIT ACCEL=8000 ACCEL_TO_DECEL=4000 SQUARE_CORNER_VELOCITY=8
G1 X93.566 Y133.529 Z4.8 F24000
G1 Z4.4
G1 E.8 F2400
SET_VELOCITY_LIMIT ACCEL=6000 ACCEL_TO_DECEL=3000
;TYPE:Sparse infill
;WIDTH:0.45
G1 F6141.304
G1 X93.528 Y131.901 E.05291
G1 X91.562 Y129.935 E.09035
G1 X91.565 Y130.033 E.00318
G1 X93.442 Y128.156 E.08627
G1 X93.347 Y124.044 E.13364
G1 X91.381 Y122.078 E.09035
G1 X91.392 Y122.53 E.01469
G1 X93.269 Y120.653 E.08627
G1 X93.166 Y116.187 E.14515
G1 X91.2 Y114.221 E.09035
G1 X91.219 Y115.027 E.0262
G1 X93.096 Y113.15 E.08627
G1 X92.985 Y108.33 E.15666
G1 X91.317 Y106.662 E.07663
G1 X91.922 Y106.648 E.01964
G1 X91.046 Y107.524 E.04025
G1 X91.083 Y109.152 E.05291
SET_VELOCITY_LIMIT ACCEL=8000 ACCEL_TO_DECEL=4000
G1 X93.361 Y106.681 F24000
SET_VELOCITY_LIMIT ACCEL=6000 ACCEL_TO_DECEL=3000
;TYPE:Internal solid infill
;WIDTH:0.463294
G1 F5947.085
G1 X94.004 Y134.582 E.9365
;TIME_ELAPSED:513.338196

;LAYER_CHANGE
;:4.6
;HEIGHT:0.2
;BEFORE_LAYER_CHANGE
;4.6
G92 E0

G1 E-.8 F2400
;WIPE_START
G1 F5947.085
G1 X93.958 Y132.582
;WIPE_END
EXCLUDE_OBJECT_END NAME=arm.stl_id_0_copy_0
;_SET_FAN_SPEED_CHANGING_LAYER
; OBJECT_ID: 15
EXCLUDE_OBJECT_START NAME=arm.stl_id_0_copy_0
SET_VELOCITY_LIMIT ACCEL=8000 ACCEL_TO_DECEL=4000
G1 X101.422 Y130.985 Z4.8 F24000
G1 X143.695 Y121.941 Z4.8
G1 Z4.6
G1 E.8 F2400
SET_VELOCITY_LIMIT ACCEL=4000 ACCEL_TO_DECEL=2000 SQUARE_CORNER_VELOCITY=6
;TYPE:Inner wall
;WIDTH:0.45
G1 F6141.304
G1 X143.418 Y122.184 E.01198
G1 X142.431 Y121.061 E.04861
G1 X142.919 Y120.632 E.02111
G1 X145.037 Y120.761 E.06897
G1 X143.74 Y121.901 E.05612
G1 E-.8 F2400
;WIPE_START
G1 F6141.304
G1 X143.418 Y122.184
G1 X142.431 Y121.061
G1 X142.488 Y121.011
;WIPE_END
SET_VELOCITY_LIMIT ACCEL=8000 ACCEL_TO_DECEL=4000 SQUARE_CORNER_VELOCITY=8
G1 X149.255 Y117.482 Z5 F24000
M73 P22 R30
G1 X157.026 Y113.43 Z5
G1 Z4.6
G1 E.8 F2400
SET_VELOCITY_LIMIT ACCEL=4000 ACCEL_TO_DECEL=2000 SQUARE_CORNER_VELOCITY=6
G1 F6141.304
G1 X155.438 Y111.623 E.07818
G1 X161.292 Y106.475 E.25332
G1 X161.677 Y106.913 E.01892
G1 X163.469 Y108.951 E.08818
G1 X157.614 Y114.098 E.25332
G1 X157.066 Y113.475 E.02697
SET_VELOCITY_LIMIT ACCEL=8000 ACCEL_TO_DECEL=4000 SQUARE_CORNER_VELOCITY=8
G1 X156.991 Y113.983 F24000
SET_VELOCITY_LIMIT ACCEL=4000 ACCEL_TO_DECEL=2000 SQUARE_CORNER_VELOCITY=6
;TYPE:Outer wall
;WIDTH:0.42
G1 F6629.9
G1 X156.632 Y113.575 E.01636
G1 X155.758 Y112.581 E.03984
G1 X155.399 Y112.173 E.01636
G1 X154.991 Y112.531 E.01634
G1 X143.856 Y122.321 E.44629
G1 X143.383 Y122.737 E.01896
G1 X141.877 Y121.025 E.06863
G1 X142.781 Y120.23 E.03624
G1 X144.906 Y120.36 E.06408
G1 X161.328 Y105.922 E.65818
G1 X161.971 Y106.654 E.02933
G1 X162.387 Y107.127 E.01896
G1 X163.474 Y108.363 E.04954
M106 S255
G1 F2220
G1 X164.022 Y108.986 E.02497
G1 X141.807 Y128.517 E.89036
M106 S227
G1 X141.219 Y127.849 E.02679
G1 F6600
G1 X156.945 Y114.023 E.63028
SET_VELOCITY_LIMIT ACCEL=8000 ACCEL_TO_DECEL=4000 SQUARE_CORNER_VELOCITY=8
G1 X157.432 Y114.188 F24000
SET_VELOCITY_LIMIT ACCEL=6000 ACCEL_TO_DECEL=3000
;TYPE:Gap infill
;WIDTH:0.540843
G1 F5020.857
G1 X141.66 Y128.053 E.83467
G1 E-.8 F2400
;WIPE_START
G1 F5020.857
G1 X143.162 Y126.733
;WIPE_END
SET_VELOCITY_LIMIT ACCEL=8000 ACCEL_TO_DECEL=4000
G1 X143.018 Y121.098 Z5 F24000
G1 Z4.6
G1 E.8 F2400
SET_VELOCITY_LIMIT ACCEL=6000 ACCEL_TO_DECEL=3000
;TYPE:Internal solid infill
;WIDTH:0.468625
G1 F5872.611
G1 X143.456 Y121.596 E.02253
G1 X144.004 Y121.115 E.02478
G1 X143.063 Y121.059 E.03201
SET_VELOCITY_LIMIT ACCEL=8000 ACCEL_TO_DECEL=4000
G1 X145.249 Y120.577 F24000
SET_VELOCITY_LIMIT ACCEL=6000 ACCEL_TO_DECEL=3000
;TYPE:Gap infill
;WIDTH:0.430844
G1 F6444.559
G1 X155.289 Y111.751 E.41395
SET_VELOCITY_LIMIT ACCEL=8000 ACCEL_TO_DECEL=4000
G1 X157.18 Y113.078 F24000
SET_VELOCITY_LIMIT ACCEL=6000 ACCEL_TO_DECEL=3000
;TYPE:Sparse infill
;WIDTH:0.45
G1 F6141.304
G1 X157.329 Y113.247 E.00731
G1 X158.383 Y112.32 E.0456
G1 X156.881 Y110.818 E.06904
G1 X160.965 Y107.227 E.17674
G1 X162.468 Y108.729 E.06904
G1 X161.245 Y109.804 E.05291
SET_VELOCITY_LIMIT ACCEL=8000 ACCEL_TO_DECEL=4000
G1 X157.651 Y113.514 F24000
SET_VELOCITY_LIMIT ACCEL=6000 ACCEL_TO_DECEL=3000
;TYPE:Internal solid infill
;WIDTH:0.463292
G1 F5947.113
G1 X162.84 Y108.953 E.23182
G1 E-.8 F2400
;WIPE_START
G1 F5947.113
G1 X161.338 Y110.273
;WIPE_END
SET_VELOCITY_LIMIT ACCEL=8000 ACCEL_TO_DECEL=4000
G1 X155.914 Y115.644 Z5 F24000
G1 X135.954 Y135.409 Z5
G1 Z4.6
G1 E.8 F2400
SET_VELOCITY_LIMIT ACCEL=4000 ACCEL_TO_DECEL=2000 SQUARE_CORNER_VELOCITY=6
;TYPE:Inner wall
;WIDTH:0.45
G1 F6141.304
G1 X164.594 Y110.23 E1.23917
G1 X169.081 Y115.334 E.22083
G1 X125.56 Y153.597 E1.88305
G1 X96.329 Y135.28 E1.12093
G1 X95.673 Y106.832 E.92465
G1 X102.254 Y111.644 E.26492
G1 X135.393 Y135.903 E1.33453
G1 X135.909 Y135.449 E.02233
SET_VELOCITY_LIMIT ACCEL=8000 ACCEL_TO_DECEL=4000 SQUARE_CORNER_VELOCITY=8
G1 X135.37 Y135.4 F24000
SET_VELOCITY_LIMIT ACCEL=4000 ACCEL_TO_DECEL=2000 SQUARE_CORNER_VELOCITY=6
;TYPE:Outer wall
;WIDTH:0.42
G1 F6629.9
G1 X164.629 Y109.677 E1.17266
G1 X169.634 Y115.37 E.22816
G1 X125.599 Y154.084 E1.76488
G1 X95.942 Y135.5 E1.05347
G1 X95.263 Y106.047 E.88679
G1 X102.486 Y111.327 E.26933
G1 X135.322 Y135.365 E1.2249
G1 E-.8 F2400
;WIPE_START
G1 F6629.9
G1 X136.826 Y134.047
;WIPE_END
SET_VELOCITY_LIMIT ACCEL=8000 ACCEL_TO_DECEL=4000 SQUARE_CORNER_VELOCITY=8
G1 X139.014 Y141.305 Z5 F24000
G1 Z4.6
G1 E.8 F2400
SET_VELOCITY_LIMIT ACCEL=6000 ACCEL_TO_DECEL=3000
;TYPE:Sparse infill
;WIDTH:0.45
G1 F6141.304
G1 X140.237 Y140.229 E.05291
G1 X135.915 Y135.908 E.19861
G1 X135.413 Y136.349 E.02172
G1 X133.041 Y134.613 E.09552
G1 X118.741 Y148.913 E.65716
G1 X117.335 Y148.032 E.0539
G1 X96.49 Y127.187 E.95791
G1 X96.444 Y125.154 E.06608
G1 X106.451 Y115.147 E.45987
G1 X110.286 Y117.955 E.15444
G1 X136.152 Y143.821 E1.18866
G1 X134.929 Y144.896 E.05291
SET_VELOCITY_LIMIT ACCEL=8000 ACCEL_TO_DECEL=4000
G1 X124.84 Y152.734 F24000
SET_VELOCITY_LIMIT ACCEL=6000 ACCEL_TO_DECEL=3000
G1 F6141.304
G1 X123.46 Y151.87 E.05291
G1 X164.584 Y110.746 E1.88983
G1 X168.175 Y114.831 E.17674
G1 X161.253 Y121.753 E.31809
G1 X160.66 Y122.274 E.02563
G1 X156.339 Y117.952 E.19861
G1 X160.423 Y114.361 E.17674
G1 X164.745 Y118.682 E.19861
SET_VELOCITY_LIMIT ACCEL=8000 ACCEL_TO_DECEL=4000
G1 X141.222 Y131.241 F24000
SET_VELOCITY_LIMIT ACCEL=6000 ACCEL_TO_DECEL=3000
G1 F6141.304
G1 X140 Y132.317 E.05291
G1 X144.321 Y136.638 E.19861
G1 X148.406 Y133.047 E.17674
G1 X144.084 Y128.725 E.19861
G1 X148.169 Y125.134 E.17674
G1 X152.491 Y129.456 E.19861
G1 X156.576 Y125.865 E.17674
G1 X152.254 Y121.543 E.19861
G1 X153.477 Y120.468 E.05291
G1 E-.8 F2400
;WIPE_START
G1 F6141.304
G1 X152.254 Y121.543
G1 X152.517 Y121.806
;WIPE_END
SET_VELOCITY_LIMIT ACCEL=8000 ACCEL_TO_DECEL=4000
G1 X145.926 Y125.655 Z5 F24000
G1 X112.642 Y145.091 Z5
G1 Z4.6
G1 E.8 F2400
SET_VELOCITY_LIMIT ACCEL=6000 ACCEL_TO_DECEL=3000
G1 F6141.304
G1 X114.022 Y145.956 E.05291
G1 X128.609 Y131.368 E.67036
G1 X124.178 Y128.124 E.17847
G1 X109.303 Y142.999 E.68356
G1 X104.584 Y140.042 E.18096
G1 X119.746 Y124.88 E.69676
G1 X115.314 Y121.636 E.17847
G1 X99.865 Y137.085 E.70996
G1 X96.673 Y135.084 E.12242
G1 X96.617 Y132.657 E.07889
G1 X110.882 Y118.391 E.65558
SET_VELOCITY_LIMIT ACCEL=8000 ACCEL_TO_DECEL=4000
G1 X96.27 Y107.7 F24000
SET_VELOCITY_LIMIT ACCEL=6000 ACCEL_TO_DECEL=3000
G1 F6141.304
G1 X97.585 Y108.661 E.05291
G1 X96.098 Y110.148 E.06834
G1 X96.128 Y111.473 E.04306
G1 X132.067 Y147.412 E1.65156
G1 X127.982 Y151.003 E.17674
G1 X96.309 Y119.33 E1.45552
G1 X96.271 Y117.651 E.05457
G1 X102.019 Y111.903 E.26416
G1 X100.704 Y110.942 E.05291
G1 E-.8 F2400
SET_VELOCITY_LIMIT ACCEL=8000 ACCEL_TO_DECEL=4000
G1 X97.898 Y118.04 Z5 F24000
G1 X91.323 Y134.667 Z5
G1 Z4.6
G1 E.8 F2400
SET_VELOCITY_LIMIT ACCEL=4000 ACCEL_TO_DECEL=2000 SQUARE_CORNER_VELOCITY=6
;TYPE:Inner wall
G1 F6141.304
G1 X90.67 Y106.329 E.92109
G1 X93.965 Y106.253 E.1071
G1 X94.019 Y108.596 E.07616
G1 X94.629 Y135.041 E.85956
G1 X91.334 Y135.117 E.1071
G1 X91.325 Y134.727 E.01267
SET_VELOCITY_LIMIT ACCEL=8000 ACCEL_TO_DECEL=4000 SQUARE_CORNER_VELOCITY=8
G1 X90.951 Y135.518 F24000
SET_VELOCITY_LIMIT ACCEL=4000 ACCEL_TO_DECEL=2000 SQUARE_CORNER_VELOCITY=6
;TYPE:Outer wall
;WIDTH:0.42
G1 F6629.9
G1 X90.269 Y105.946 E.89036
G1 X90.899 Y105.931 E.01897
G1 X93.518 Y105.871 E.07885
M106 S255
G1 F2220
G1 X94.348 Y105.852 E.02499
G1 X94.411 Y108.587 E.08235
G1 X95.03 Y135.424 E.80801
M106 S227
G1 X94.2 Y135.443 E.02499
G1 F6600
G1 X91.64 Y135.502 E.07708
G1 F6629.9
G1 X91.011 Y135.517 E.01894
G1 E-.8 F2400
;WIPE_START
G1 F6629.9
G1 X90.96 Y133.517
;WIPE_END
SET_VELOCITY_LIMIT ACCEL=8000 ACCEL_TO_DECEL=4000 SQUARE_CORNER_VELOCITY=8
G1 X90.999 Y125.885 Z5 F24000
G1 X91.083 Y109.152 Z5
G1 Z4.6
G1 E.8 F2400
SET_VELOCITY_LIMIT ACCEL=6000 ACCEL_TO_DECEL=3000
;TYPE:Sparse infill
;WIDTH:0.45
G1 F6141.304
G1 X91.046 Y107.524 E.05291
G1 X91.922 Y106.648 E.04025
G1 X91.317 Y106.662 E.01964
G1 X93.19 Y108.535 E.08604
G1 X93.292 Y112.954 E.14365
G1 X91.219 Y115.027 E.09526
G1 X91.2 Y114.221 E.0262
G1 X93.371 Y116.392 E.09976
G1 X93.465 Y120.457 E.13214
G1 X91.392 Y122.53 E.09526
G1 X91.381 Y122.078 E.01469
G1 X93.552 Y124.249 E.09976
G1 X93.638 Y127.96 E.12063
G1 X91.565 Y130.033 E.09526
G1 X91.562 Y129.935 E.00318
G1 X93.733 Y132.106 E.09976
G1 X93.771 Y133.734 E.05291
SET_VELOCITY_LIMIT ACCEL=8000 ACCEL_TO_DECEL=4000
G1 X93.561 Y106.676 F24000
SET_VELOCITY_LIMIT ACCEL=6000 ACCEL_TO_DECEL=3000
;TYPE:Internal solid infill
;WIDTH:0.463294
G1 F5947.085
G1 X94.204 Y134.577 E.9365
;TIME_ELAPSED:532.862427

;LAYER_CHANGE
;:4.8
;HEIGHT:0.2
;BEFORE_LAYER_CHANGE
;4.8
G92 E0

G1 E-.8 F2400
;WIPE_START
G1 F5947.085
G1 X94.158 Y132.578
;WIPE_END
EXCLUDE_OBJECT_END NAME=arm.stl_id_0_copy_0
;_SET_FAN_SPEED_CHANGING_LAYER
; OBJECT_ID: 15
EXCLUDE_OBJECT_START NAME=arm.stl_id_0_copy_0
SET_VELOCITY_LIMIT ACCEL=8000 ACCEL_TO_DECEL=4000
G1 X101.62 Y130.975 Z5 F24000
G1 X143.695 Y121.941 Z5
G1 Z4.8
G1 E.8 F2400
SET_VELOCITY_LIMIT ACCEL=4000 ACCEL_TO_DECEL=2000 SQUARE_CORNER_VELOCITY=6
;TYPE:Inner wall
;WIDTH:0.45
G1 F6141.304
G1 X143.418 Y122.184 E.01198
G1 X142.431 Y121.061 E.04861
G1 X142.919 Y120.632 E.02111
G1 X145.037 Y120.761 E.06897
G1 X143.74 Y121.901 E.05612
G1 E-.8 F2400
;WIPE_START
G1 F6141.304
G1 X143.418 Y122.184
G1 X142.431 Y121.061
G1 X142.488 Y121.011
;WIPE_END
SET_VELOCITY_LIMIT ACCEL=8000 ACCEL_TO_DECEL=4000 SQUARE_CORNER_VELOCITY=8
G1 X149.255 Y117.482 Z5.2 F24000
G1 X157.026 Y113.43 Z5.2
G1 Z4.8
G1 E.8 F2400
SET_VELOCITY_LIMIT ACCEL=4000 ACCEL_TO_DECEL=2000 SQUARE_CORNER_VELOCITY=6
G1 F6141.304
G1 X155.438 Y111.623 E.07818
G1 X161.292 Y106.475 E.25332
G1 X161.712 Y106.952 E.02063
G1 X163.601 Y109.101 E.09297
G1 X141.974 Y128.114 E.93572
G1 X141.772 Y127.884 E.00994
G1 X157.544 Y114.018 E.68239
G1 X157.066 Y113.475 E.02353
SET_VELOCITY_LIMIT ACCEL=8000 ACCEL_TO_DECEL=4000 SQUARE_CORNER_VELOCITY=8
G1 X156.991 Y113.983 F24000
SET_VELOCITY_LIMIT ACCEL=4000 ACCEL_TO_DECEL=2000 SQUARE_CORNER_VELOCITY=6
;TYPE:Outer wall
;WIDTH:0.42
G1 F6629.9
G1 X156.632 Y113.575 E.01636
G1 X155.758 Y112.581 E.03984
G1 X155.399 Y112.173 E.01636
G1 X154.991 Y112.531 E.01634
G1 X143.856 Y122.321 E.44629
G1 X143.383 Y122.737 E.01896
G1 X141.877 Y121.025 E.06863
G1 X142.781 Y120.23 E.03624
G1 X144.906 Y120.36 E.06408
G1 X161.328 Y105.922 E.65818
G1 X162.006 Y106.693 E.0309
G1 X162.422 Y107.166 E.01896
G1 X163.606 Y108.513 E.05398
M106 S255
G1 F2220
G1 X164.154 Y109.136 E.02497
G1 X141.939 Y128.667 E.89036
M106 S227
G1 X141.219 Y127.849 E.0328
G1 F6600
G1 X156.945 Y114.023 E.63028
SET_VELOCITY_LIMIT ACCEL=8000 ACCEL_TO_DECEL=4000 SQUARE_CORNER_VELOCITY=8
G1 X157.783 Y113.664 F24000
SET_VELOCITY_LIMIT ACCEL=6000 ACCEL_TO_DECEL=3000
;TYPE:Internal solid infill
;WIDTH:0.463292
G1 F5947.113
G1 X162.972 Y109.103 E.23182
SET_VELOCITY_LIMIT ACCEL=8000 ACCEL_TO_DECEL=4000
G1 X161.386 Y109.946 F24000
SET_VELOCITY_LIMIT ACCEL=6000 ACCEL_TO_DECEL=3000
;TYPE:Sparse infill
;WIDTH:0.45
G1 F6141.304
G1 X162.609 Y108.871 E.05291
G1 X160.965 Y107.227 E.07555
G1 X156.881 Y110.818 E.17674
G1 X158.525 Y112.462 E.07555
G1 X157.461 Y113.397 E.04602
G1 X157.321 Y113.237 E.00689
SET_VELOCITY_LIMIT ACCEL=8000 ACCEL_TO_DECEL=4000
G1 X155.289 Y111.751 F24000
SET_VELOCITY_LIMIT ACCEL=6000 ACCEL_TO_DECEL=3000
;TYPE:Gap infill
;WIDTH:0.430844
G1 F6444.559
G1 X145.249 Y120.577 E.41395
SET_VELOCITY_LIMIT ACCEL=8000 ACCEL_TO_DECEL=4000
G1 X143.018 Y121.098 F24000
SET_VELOCITY_LIMIT ACCEL=6000 ACCEL_TO_DECEL=3000
;TYPE:Internal solid infill
;WIDTH:0.468625
G1 F5872.611
G1 X143.456 Y121.596 E.02253
G1 X144.004 Y121.115 E.02478
G1 X143.063 Y121.059 E.03201
G1 E-.8 F2400
;WIPE_START
G1 F5872.611
G1 X144.004 Y121.115
G1 X143.456 Y121.596
G1 X143.239 Y121.349
;WIPE_END
SET_VELOCITY_LIMIT ACCEL=8000 ACCEL_TO_DECEL=4000
G1 X139.728 Y128.126 Z5.2 F24000
G1 X135.954 Y135.409 Z5.2
G1 Z4.8
G1 E.8 F2400
SET_VELOCITY_LIMIT ACCEL=4000 ACCEL_TO_DECEL=2000 SQUARE_CORNER_VELOCITY=6
;TYPE:Inner wall
;WIDTH:0.45
G1 F6141.304
G1 X164.594 Y110.23 E1.23917
M73 P23 R30
G1 X169.081 Y115.334 E.22083
G1 X125.56 Y153.597 E1.88305
G1 X96.329 Y135.28 E1.12093
G1 X95.673 Y106.832 E.92464
M73 P23 R29
G1 X102.59 Y111.89 E.27845
G1 X135.393 Y135.903 E1.321
G1 X135.909 Y135.449 E.02233
SET_VELOCITY_LIMIT ACCEL=8000 ACCEL_TO_DECEL=4000 SQUARE_CORNER_VELOCITY=8
G1 X135.37 Y135.4 F24000
SET_VELOCITY_LIMIT ACCEL=4000 ACCEL_TO_DECEL=2000 SQUARE_CORNER_VELOCITY=6
;TYPE:Outer wall
;WIDTH:0.42
G1 F6629.9
G1 X164.629 Y109.677 E1.17266
G1 X169.634 Y115.37 E.22816
G1 X125.599 Y154.084 E1.76488
G1 X95.942 Y135.5 E1.05347
G1 X95.263 Y106.047 E.88678
G1 X102.822 Y111.573 E.28186
G1 X135.322 Y135.365 E1.21237
G1 E-.8 F2400
;WIPE_START
G1 F6629.9
G1 X136.826 Y134.047
;WIPE_END
SET_VELOCITY_LIMIT ACCEL=8000 ACCEL_TO_DECEL=4000 SQUARE_CORNER_VELOCITY=8
G1 X135.511 Y141.565 Z5.2 F24000
G1 X134.929 Y144.896 Z5.2
G1 Z4.8
G1 E.8 F2400
SET_VELOCITY_LIMIT ACCEL=6000 ACCEL_TO_DECEL=3000
;TYPE:Sparse infill
;WIDTH:0.45
G1 F6141.304
G1 X136.152 Y143.821 E.05291
G1 X110.286 Y117.955 E1.18866
G1 X106.451 Y115.147 E.15444
G1 X96.444 Y125.154 E.45987
G1 X96.49 Y127.187 E.06608
G1 X117.335 Y148.032 E.95791
G1 X118.741 Y148.913 E.0539
G1 X133.041 Y134.613 E.65716
G1 X135.413 Y136.349 E.09552
G1 X135.915 Y135.908 E.02172
G1 X140.237 Y140.229 E.19861
G1 X139.014 Y141.305 E.05291
SET_VELOCITY_LIMIT ACCEL=8000 ACCEL_TO_DECEL=4000
G1 X153.477 Y120.468 F24000
SET_VELOCITY_LIMIT ACCEL=6000 ACCEL_TO_DECEL=3000
G1 F6141.304
G1 X152.254 Y121.543 E.05291
G1 X156.576 Y125.865 E.19861
G1 X152.491 Y129.456 E.17674
G1 X148.169 Y125.134 E.19861
G1 X144.084 Y128.725 E.17674
G1 X148.406 Y133.047 E.19861
G1 X144.321 Y136.638 E.17674
G1 X140 Y132.317 E.19861
G1 X141.222 Y131.241 E.05291
SET_VELOCITY_LIMIT ACCEL=8000 ACCEL_TO_DECEL=4000
G1 X164.745 Y118.682 F24000
SET_VELOCITY_LIMIT ACCEL=6000 ACCEL_TO_DECEL=3000
G1 F6141.304
G1 X160.423 Y114.361 E.19861
G1 X156.339 Y117.952 E.17674
G1 X160.66 Y122.274 E.19861
G1 X161.253 Y121.753 E.02563
G1 X168.175 Y114.831 E.31809
G1 X164.584 Y110.746 E.17674
G1 X123.46 Y151.87 E1.88983
G1 X124.84 Y152.734 E.05291
SET_VELOCITY_LIMIT ACCEL=8000 ACCEL_TO_DECEL=4000
G1 X110.882 Y118.391 F24000
SET_VELOCITY_LIMIT ACCEL=6000 ACCEL_TO_DECEL=3000
G1 F6141.304
G1 X96.617 Y132.657 E.65558
G1 X96.673 Y135.084 E.07889
G1 X99.865 Y137.085 E.12242
G1 X115.314 Y121.636 E.70996
G1 X119.746 Y124.88 E.17847
G1 X104.584 Y140.042 E.69676
G1 X109.303 Y142.999 E.18096
G1 X124.178 Y128.124 E.68356
G1 X128.609 Y131.368 E.17847
G1 X114.022 Y145.956 E.67036
G1 X112.642 Y145.091 E.05291
SET_VELOCITY_LIMIT ACCEL=8000 ACCEL_TO_DECEL=4000
G1 X100.704 Y110.942 F24000
SET_VELOCITY_LIMIT ACCEL=6000 ACCEL_TO_DECEL=3000
G1 F6141.304
G1 X102.019 Y111.903 E.05291
G1 X96.271 Y117.651 E.26415
G1 X96.309 Y119.33 E.05457
G1 X127.982 Y151.003 E1.45552
G1 X132.067 Y147.412 E.17674
G1 X96.128 Y111.473 E1.65156
G1 X96.098 Y110.148 E.04306
G1 X97.585 Y108.661 E.06833
G1 X96.27 Y107.7 E.05291
G1 E-.8 F2400
SET_VELOCITY_LIMIT ACCEL=8000 ACCEL_TO_DECEL=4000
G1 X94.893 Y115.208 Z5.2 F24000
G1 X91.323 Y134.667 Z5.2
G1 Z4.8
G1 E.8 F2400
SET_VELOCITY_LIMIT ACCEL=4000 ACCEL_TO_DECEL=2000 SQUARE_CORNER_VELOCITY=6
;TYPE:Inner wall
G1 F6141.304
G1 X90.67 Y106.329 E.92109
G1 X94.165 Y106.248 E.1136
G1 X94.191 Y107.389 E.03709
G1 X94.829 Y135.037 E.89863
G1 X91.334 Y135.117 E.1136
G1 X91.325 Y134.727 E.01267
SET_VELOCITY_LIMIT ACCEL=8000 ACCEL_TO_DECEL=4000 SQUARE_CORNER_VELOCITY=8
G1 X90.951 Y135.518 F24000
SET_VELOCITY_LIMIT ACCEL=4000 ACCEL_TO_DECEL=2000 SQUARE_CORNER_VELOCITY=6
;TYPE:Outer wall
;WIDTH:0.42
G1 F6629.9
G1 X90.269 Y105.946 E.89036
G1 X90.899 Y105.931 E.01897
G1 X93.718 Y105.866 E.08487
M106 S255
G1 F2220
G1 X94.548 Y105.847 E.02499
G1 X94.583 Y107.38 E.04616
G1 X95.23 Y135.419 E.8442
M106 S227
G1 X94.4 Y135.439 E.02499
G1 F6600
G1 X91.64 Y135.502 E.0831
G1 F6629.9
G1 X91.011 Y135.517 E.01894
G1 E-.8 F2400
;WIPE_START
G1 F6629.9
G1 X90.96 Y133.517
;WIPE_END
SET_VELOCITY_LIMIT ACCEL=8000 ACCEL_TO_DECEL=4000 SQUARE_CORNER_VELOCITY=8
G1 X93.976 Y133.939 Z5.2 F24000
G1 Z4.8
G1 E.8 F2400
SET_VELOCITY_LIMIT ACCEL=6000 ACCEL_TO_DECEL=3000
;TYPE:Sparse infill
;WIDTH:0.45
G1 F6141.304
G1 X93.938 Y132.311 E.05291
G1 X91.562 Y129.935 E.10917
G1 X91.565 Y130.033 E.00318
G1 X93.833 Y127.765 E.10425
G1 X93.757 Y124.454 E.10762
G1 X91.381 Y122.078 E.10917
G1 X91.392 Y122.53 E.01469
G1 X93.66 Y120.262 E.10425
G1 X93.576 Y116.597 E.11913
G1 X91.2 Y114.221 E.10917
G1 X91.219 Y115.027 E.0262
G1 X93.487 Y112.759 E.10425
G1 X93.395 Y108.739 E.13064
G1 X91.317 Y106.662 E.09545
G1 X91.922 Y106.648 E.01964
G1 X91.046 Y107.524 E.04025
G1 X91.083 Y109.152 E.05291
SET_VELOCITY_LIMIT ACCEL=8000 ACCEL_TO_DECEL=4000
G1 X93.761 Y106.671 F24000
SET_VELOCITY_LIMIT ACCEL=6000 ACCEL_TO_DECEL=3000
;TYPE:Internal solid infill
;WIDTH:0.463294
G1 F5947.085
G1 X94.404 Y134.572 E.9365
;TIME_ELAPSED:552.072266

M106 S219
;LAYER_CHANGE
;:5
;HEIGHT:0.2
;BEFORE_LAYER_CHANGE
;5
G92 E0

G1 E-.8 F2400
;WIPE_START
G1 F5947.085
G1 X94.358 Y132.573
;WIPE_END
EXCLUDE_OBJECT_END NAME=arm.stl_id_0_copy_0
;_SET_FAN_SPEED_CHANGING_LAYER
; OBJECT_ID: 15
EXCLUDE_OBJECT_START NAME=arm.stl_id_0_copy_0
SET_VELOCITY_LIMIT ACCEL=8000 ACCEL_TO_DECEL=4000
G1 X101.973 Y133.092 Z5.2 F24000
G1 X135.954 Y135.409 Z5.2
G1 Z5
G1 E.8 F2400
SET_VELOCITY_LIMIT ACCEL=4000 ACCEL_TO_DECEL=2000 SQUARE_CORNER_VELOCITY=6
;TYPE:Inner wall
;WIDTH:0.45
G1 F6141.304
G1 X164.594 Y110.23 E1.23917
G1 X169.081 Y115.334 E.22083
G1 X125.56 Y153.597 E1.88306
G1 X125.307 Y153.438 E.00971
G1 X95.015 Y134.457 E1.16161
G1 X95.028 Y135.032 E.01869
G1 X94.531 Y135.043 E.01615
G1 X91.631 Y135.11 E.09426
G1 X91.334 Y135.117 E.00965
G1 X90.67 Y106.329 E.93571
G1 X90.968 Y106.322 E.00969
G1 X93.867 Y106.255 E.09423
G1 F960
G1 X94.862 Y106.232 E.03234
G1 X95.06 Y106.377 E.00797
G1 F2040
G1 X95.786 Y106.909 E.02925
G1 F6120
G1 X102.686 Y111.96 E.27787
G1 F6141.304
G1 X102.926 Y112.136 E.00967
G1 X135.393 Y135.903 E1.30748
G1 X135.909 Y135.449 E.02233
SET_VELOCITY_LIMIT ACCEL=8000 ACCEL_TO_DECEL=4000 SQUARE_CORNER_VELOCITY=8
G1 X135.37 Y135.4 F24000
SET_VELOCITY_LIMIT ACCEL=4000 ACCEL_TO_DECEL=2000 SQUARE_CORNER_VELOCITY=6
;TYPE:Outer wall
;WIDTH:0.42
G1 F6629.9
G1 X164.629 Y109.677 E1.17265
G1 X169.634 Y115.37 E.22817
G1 X125.599 Y154.084 E1.76487
G1 X125.065 Y153.749 E.01897
G1 X96.127 Y135.616 E1.02792
G1 F2220
G1 X95.424 Y135.176 E.02496
G1 X95.429 Y135.415 E.0072
G1 X94.6 Y135.434 E.02496
G1 F6600
G1 X91.58 Y135.504 E.09093
G1 F6629.9
G1 X90.951 Y135.518 E.01894
G1 X90.269 Y105.946 E.89036
G1 X90.899 Y105.931 E.01897
G1 X93.918 Y105.862 E.0909
G1 F2040
G1 X94.758 Y105.842 E.02529
G1 F1260
G1 X94.986 Y105.837 E.00686
G1 X95.714 Y106.37 E.02716
G1 F6600
G1 X102.649 Y111.447 E.2587
G1 F6629.9
G1 X103.158 Y111.819 E.01898
G1 X135.322 Y135.365 E1.19984
G1 E-.8 F2400
;WIPE_START
G1 F6629.9
G1 X136.826 Y134.047
;WIPE_END
SET_VELOCITY_LIMIT ACCEL=8000 ACCEL_TO_DECEL=4000 SQUARE_CORNER_VELOCITY=8
G1 X138.777 Y133.392 Z5.4 F24000
G1 Z5
G1 E.8 F2400
SET_VELOCITY_LIMIT ACCEL=6000 ACCEL_TO_DECEL=3000
;TYPE:Sparse infill
;WIDTH:0.45
G1 F6141.304
G1 X140 Y132.317 E.05291
G1 X144.321 Y136.638 E.19861
G1 X148.406 Y133.047 E.17674
G1 X144.084 Y128.725 E.19861
G1 X148.169 Y125.134 E.17674
G1 X152.491 Y129.456 E.19861
G1 X156.576 Y125.865 E.17674
G1 X152.254 Y121.543 E.19861
G1 X153.477 Y120.468 E.05291
SET_VELOCITY_LIMIT ACCEL=8000 ACCEL_TO_DECEL=4000
G1 X141.459 Y139.154 F24000
SET_VELOCITY_LIMIT ACCEL=6000 ACCEL_TO_DECEL=3000
G1 F6141.304
G1 X140.237 Y140.229 E.05291
G1 X135.915 Y135.908 E.19861
G1 X135.413 Y136.349 E.02172
G1 X133.041 Y134.613 E.09552
G1 X118.741 Y148.913 E.65716
G1 X117.335 Y148.032 E.0539
G1 X96.709 Y127.406 E.94788
G1 X96.652 Y124.946 E.07995
G1 X106.451 Y115.147 E.45029
G1 X110.286 Y117.955 E.15445
G1 X136.152 Y143.821 E1.18866
G1 X132.067 Y147.412 E.17674
G1 X96.346 Y111.691 E1.64152
G1 X96.306 Y109.94 E.05693
G1 X97.587 Y108.659 E.05887
G1 X102.019 Y111.903 E.17847
G1 X96.479 Y117.443 E.25458
G1 X96.528 Y119.548 E.06844
G1 X127.982 Y151.003 E1.44548
G1 X125.525 Y153.164 E.10633
G1 X123.46 Y151.87 E.07918
M73 P24 R29
G1 X164.584 Y110.746 E1.88983
G1 X168.175 Y114.831 E.17674
G1 X161.253 Y121.753 E.31808
G1 X160.66 Y122.274 E.02564
G1 X156.339 Y117.952 E.19861
G1 X160.423 Y114.361 E.17674
G1 X164.745 Y118.682 E.19861
G1 E-.8 F2400
;WIPE_START
G1 F6141.304
G1 X163.331 Y117.268
;WIPE_END
SET_VELOCITY_LIMIT ACCEL=8000 ACCEL_TO_DECEL=4000
G1 X156.64 Y120.941 Z5.4 F24000
G1 X112.642 Y145.091 Z5.4
G1 Z5
G1 E.8 F2400
SET_VELOCITY_LIMIT ACCEL=6000 ACCEL_TO_DECEL=3000
G1 F6141.304
G1 X114.022 Y145.956 E.05291
G1 X128.609 Y131.368 E.67036
G1 X124.178 Y128.124 E.17847
G1 X109.303 Y142.999 E.68356
G1 X104.584 Y140.042 E.18096
G1 X119.746 Y124.88 E.69676
G1 X115.314 Y121.636 E.17847
G1 X99.865 Y137.085 E.70996
G1 X96.889 Y135.22 E.11413
G1 X96.825 Y132.449 E.09007
G1 X110.882 Y118.391 E.646
G1 E-.8 F2400
;WIPE_START
G1 F6141.304
G1 X109.468 Y119.806
;WIPE_END
SET_VELOCITY_LIMIT ACCEL=8000 ACCEL_TO_DECEL=4000
G1 X102.864 Y115.979 Z5.4 F24000
G1 X91.083 Y109.152 Z5.4
G1 Z5
G1 E.8 F2400
SET_VELOCITY_LIMIT ACCEL=6000 ACCEL_TO_DECEL=3000
G1 F6141.304
G1 X91.046 Y107.524 E.05291
G1 X91.922 Y106.648 E.04025
G1 X91.317 Y106.662 E.01964
G1 X93.599 Y108.944 E.10486
G1 X93.683 Y112.563 E.11763
G1 X91.219 Y115.027 E.11323
G1 X91.2 Y114.221 E.0262
G1 X93.78 Y116.801 E.11858
G1 X93.856 Y120.066 E.10612
G1 X91.392 Y122.53 E.11323
G1 X91.381 Y122.078 E.01469
G1 X93.962 Y124.658 E.11858
G1 X94.029 Y127.569 E.09461
G1 X91.565 Y130.033 E.11323
G1 X91.562 Y129.935 E.00318
G1 X94.143 Y132.516 E.11858
G1 X94.18 Y134.143 E.05291
SET_VELOCITY_LIMIT ACCEL=8000 ACCEL_TO_DECEL=4000
G1 X94.47 Y134.191 F24000
SET_VELOCITY_LIMIT ACCEL=2000 ACCEL_TO_DECEL=1000
;TYPE:Bridge
;WIDTH:0.422955
G1 F1800
M106 S255
G1 X94.679 Y134.322 E.00748
G1 X94.668 Y133.867 E.01381
G1 X94.632 Y133.844 E.00131
G1 X94.621 Y133.389 E.01381
G1 X96.481 Y134.555 E.0666
G1 X96.471 Y134.099 E.01381
G1 X94.611 Y132.934 E.0666
G1 X94.6 Y132.479 E.01381
G1 X96.46 Y133.644 E.0666
G1 X96.45 Y133.189 E.01381
G1 X94.59 Y132.024 E.0666
G1 X94.579 Y131.569 E.01381
G1 X96.439 Y132.734 E.0666
G1 X96.429 Y132.279 E.01381
G1 X94.569 Y131.114 E.0666
G1 X94.558 Y130.658 E.01381
G1 X96.418 Y131.824 E.0666
G1 X96.408 Y131.369 E.01381
G1 X94.548 Y130.203 E.0666
G1 X94.537 Y129.748 E.01381
G1 X96.397 Y130.914 E.0666
G1 X96.387 Y130.459 E.01381
G1 X94.527 Y129.293 E.0666
G1 X94.516 Y128.838 E.01381
G1 X96.376 Y130.004 E.0666
G1 X96.366 Y129.549 E.01381
G1 X94.506 Y128.383 E.0666
G1 X94.495 Y127.928 E.01381
G1 X96.355 Y129.094 E.0666
G1 X96.345 Y128.639 E.01381
G1 X94.485 Y127.473 E.0666
G1 X94.474 Y127.018 E.01381
G1 X96.334 Y128.184 E.0666
G1 X96.324 Y127.729 E.01381
G1 X94.464 Y126.563 E.0666
G1 X94.453 Y126.108 E.01381
G1 X96.314 Y127.274 E.0666
G1 X96.303 Y126.819 E.01381
G1 X94.443 Y125.653 E.0666
G1 X94.432 Y125.198 E.01381
G1 X96.293 Y126.364 E.0666
G1 X96.282 Y125.908 E.01381
G1 X94.422 Y124.743 E.0666
G1 X94.411 Y124.288 E.01381
G1 X96.272 Y125.453 E.0666
G1 X96.261 Y124.998 E.01381
G1 X94.401 Y123.833 E.0666
G1 X94.39 Y123.378 E.01381
G1 X96.251 Y124.543 E.0666
G1 X96.24 Y124.088 E.01381
G1 X94.38 Y122.923 E.0666
G1 X94.369 Y122.467 E.01381
G1 X96.23 Y123.633 E.0666
G1 X96.219 Y123.178 E.01381
G1 X94.359 Y122.012 E.0666
G1 X94.348 Y121.557 E.01381
G1 X96.209 Y122.723 E.0666
G1 X96.198 Y122.268 E.01381
G1 X94.338 Y121.102 E.0666
G1 X94.327 Y120.647 E.01381
G1 X96.188 Y121.813 E.0666
G1 X96.177 Y121.358 E.01381
G1 X94.317 Y120.192 E.0666
G1 X94.306 Y119.737 E.01381
G1 X96.167 Y120.903 E.0666
G1 X96.156 Y120.448 E.01381
G1 X94.296 Y119.282 E.0666
G1 X94.285 Y118.827 E.01381
G1 X96.146 Y119.993 E.0666
G1 X96.135 Y119.538 E.01381
G1 X94.275 Y118.372 E.0666
G1 X94.264 Y117.917 E.01381
G1 X96.125 Y119.083 E.0666
G1 X96.114 Y118.628 E.01381
G1 X94.254 Y117.462 E.0666
G1 X94.243 Y117.007 E.01381
G1 X96.104 Y118.173 E.0666
G1 X96.093 Y117.717 E.01381
G1 X94.233 Y116.552 E.0666
G1 X94.222 Y116.097 E.01381
G1 X96.083 Y117.262 E.0666
G1 X96.072 Y116.807 E.01381
G1 X94.212 Y115.642 E.0666
G1 X94.201 Y115.187 E.01381
G1 X96.062 Y116.352 E.0666
G1 X96.051 Y115.897 E.01381
G1 X94.191 Y114.732 E.0666
G1 X94.18 Y114.276 E.01381
G1 X96.041 Y115.442 E.0666
G1 X96.03 Y114.987 E.01381
G1 X94.17 Y113.821 E.0666
G1 X94.159 Y113.366 E.01381
G1 X96.02 Y114.532 E.0666
G1 X96.009 Y114.077 E.01381
G1 X94.149 Y112.911 E.0666
G1 X94.139 Y112.456 E.01381
G1 X95.999 Y113.622 E.0666
G1 X95.988 Y113.167 E.01381
G1 X94.128 Y112.001 E.0666
G1 X94.118 Y111.546 E.01381
G1 X95.978 Y112.712 E.0666
G1 X95.967 Y112.257 E.01381
G1 X94.107 Y111.091 E.0666
G1 X94.097 Y110.636 E.01381
G1 X95.957 Y111.802 E.0666
G1 X95.946 Y111.347 E.01381
G1 X94.086 Y110.181 E.0666
G1 X94.076 Y109.726 E.01381
G1 X95.936 Y110.892 E.0666
G1 X95.925 Y110.437 E.01381
G1 X94.065 Y109.271 E.0666
G1 X94.055 Y108.816 E.01381
G1 X95.915 Y109.982 E.0666
G1 X95.904 Y109.526 E.01381
G1 X94.044 Y108.361 E.0666
G1 X94.034 Y107.906 E.01381
G1 X95.894 Y109.071 E.0666
G1 X95.883 Y108.616 E.01381
G1 X94.023 Y107.451 E.0666
G1 X94.013 Y106.996 E.01381
G1 X95.873 Y108.161 E.0666
G1 X95.862 Y107.706 E.01381
G1 X93.83 Y106.433 E.07276
G1 E-.8 F2400
;WIPE_START
G1 F1800
G1 X95.525 Y107.495
;WIPE_END
SET_VELOCITY_LIMIT ACCEL=8000 ACCEL_TO_DECEL=4000
G1 X102.835 Y109.687 Z5.4 F24000
G1 X143.695 Y121.941 Z5.4
G1 Z5
G1 E.8 F2400
SET_VELOCITY_LIMIT ACCEL=4000 ACCEL_TO_DECEL=2000 SQUARE_CORNER_VELOCITY=6
;TYPE:Inner wall
;WIDTH:0.45
G1 F6141.304
M106 S219
G1 X143.418 Y122.184 E.01198
G1 X142.431 Y121.061 E.04861
G1 X142.919 Y120.632 E.02111
G1 X145.037 Y120.761 E.06897
G1 X143.74 Y121.901 E.05612
G1 E-.8 F2400
;WIPE_START
G1 F6141.304
G1 X143.418 Y122.184
G1 X142.431 Y121.061
G1 X142.488 Y121.011
;WIPE_END
SET_VELOCITY_LIMIT ACCEL=8000 ACCEL_TO_DECEL=4000 SQUARE_CORNER_VELOCITY=8
G1 X149.255 Y117.482 Z5.4 F24000
G1 X157.026 Y113.43 Z5.4
G1 Z5
G1 E.8 F2400
SET_VELOCITY_LIMIT ACCEL=4000 ACCEL_TO_DECEL=2000 SQUARE_CORNER_VELOCITY=6
G1 F6141.304
G1 X155.438 Y111.623 E.07818
G1 X161.292 Y106.475 E.25332
G1 X161.746 Y106.992 E.02234
G1 X163.733 Y109.251 E.09776
G1 X142.106 Y128.264 E.93572
G1 X141.772 Y127.884 E.01644
G1 X157.544 Y114.018 E.68239
G1 X157.066 Y113.475 E.02353
SET_VELOCITY_LIMIT ACCEL=8000 ACCEL_TO_DECEL=4000 SQUARE_CORNER_VELOCITY=8
G1 X156.991 Y113.983 F24000
SET_VELOCITY_LIMIT ACCEL=4000 ACCEL_TO_DECEL=2000 SQUARE_CORNER_VELOCITY=6
;TYPE:Outer wall
;WIDTH:0.42
G1 F6629.9
G1 X156.632 Y113.575 E.01636
G1 X155.758 Y112.581 E.03984
G1 X155.399 Y112.173 E.01636
G1 X154.991 Y112.531 E.01634
G1 X143.856 Y122.321 E.44629
G1 X143.383 Y122.737 E.01896
G1 X141.877 Y121.025 E.06863
G1 X142.781 Y120.23 E.03624
G1 X144.906 Y120.36 E.06408
G1 X161.328 Y105.922 E.65818
G1 X162.041 Y106.733 E.0325
G1 X162.457 Y107.206 E.01896
G1 X163.738 Y108.663 E.0584
M106 S255
G1 F2220
G1 X164.286 Y109.287 E.025
G1 X142.071 Y128.817 E.89034
M106 S219
G1 X141.219 Y127.849 E.03882
G1 F6600
G1 X156.945 Y114.023 E.63028
SET_VELOCITY_LIMIT ACCEL=8000 ACCEL_TO_DECEL=4000 SQUARE_CORNER_VELOCITY=8
G1 X157.864 Y114.074 F24000
SET_VELOCITY_LIMIT ACCEL=6000 ACCEL_TO_DECEL=3000
;TYPE:Gap infill
;WIDTH:0.141684
G1 F15000
G1 X142.092 Y127.94 E.16556
G1 E-.8 F2400
;WIPE_START
G1 F15000
G1 X143.594 Y126.619
;WIPE_END
SET_VELOCITY_LIMIT ACCEL=8000 ACCEL_TO_DECEL=4000
G1 X143.018 Y121.098 Z5.4 F24000
G1 Z5
G1 E.8 F2400
SET_VELOCITY_LIMIT ACCEL=6000 ACCEL_TO_DECEL=3000
;TYPE:Internal solid infill
;WIDTH:0.468625
G1 F5872.611
G1 X143.456 Y121.596 E.02253
G1 X144.004 Y121.115 E.02478
G1 X143.063 Y121.059 E.03201
SET_VELOCITY_LIMIT ACCEL=8000 ACCEL_TO_DECEL=4000
G1 X145.249 Y120.577 F24000
SET_VELOCITY_LIMIT ACCEL=6000 ACCEL_TO_DECEL=3000
;TYPE:Gap infill
;WIDTH:0.430844
G1 F6444.559
G1 X155.289 Y111.751 E.41395
SET_VELOCITY_LIMIT ACCEL=8000 ACCEL_TO_DECEL=4000
G1 X158.068 Y113.68 F24000
SET_VELOCITY_LIMIT ACCEL=6000 ACCEL_TO_DECEL=3000
;TYPE:Internal solid infill
;WIDTH:0.463292
G1 F5947.113
G1 X163.104 Y109.253 E.22499
SET_VELOCITY_LIMIT ACCEL=8000 ACCEL_TO_DECEL=4000
G1 X159.742 Y108.302 F24000
SET_VELOCITY_LIMIT ACCEL=6000 ACCEL_TO_DECEL=3000
;TYPE:Sparse infill
;WIDTH:0.45
G1 F6141.304
G1 X160.965 Y107.227 E.05291
G1 X162.751 Y109.012 E.08206
G1 X158.666 Y112.603 E.17674
G1 X156.881 Y110.818 E.08206
G1 X155.929 Y111.654 E.04117
G1 X156.168 Y111.926 E.01174
;TIME_ELAPSED:575.790344

M106 S222
;LAYER_CHANGE
;:5.2
;HEIGHT:0.2
;BEFORE_LAYER_CHANGE
;5.2
G92 E0

G1 E-.8 F2400
;WIPE_START
G1 F6141.304
G1 X155.929 Y111.654
G1 X156.881 Y110.818
G1 X157.143 Y111.081
;WIPE_END
EXCLUDE_OBJECT_END NAME=arm.stl_id_0_copy_0
;_SET_FAN_SPEED_CHANGING_LAYER
; OBJECT_ID: 15
EXCLUDE_OBJECT_START NAME=arm.stl_id_0_copy_0
SET_VELOCITY_LIMIT ACCEL=8000 ACCEL_TO_DECEL=4000
G1 X157.026 Y113.43 Z5.4 F24000
G1 Z5.2
G1 E.8 F2400
SET_VELOCITY_LIMIT ACCEL=4000 ACCEL_TO_DECEL=2000 SQUARE_CORNER_VELOCITY=6
;TYPE:Inner wall
G1 F6141.304
G1 X155.438 Y111.623 E.07818
G1 X161.292 Y106.475 E.25332
G1 X169.081 Y115.334 E.3833
G1 X125.56 Y153.597 E1.88305
G1 X95.901 Y135.012 E1.13734
G1 X91.334 Y135.117 E.14845
G1 X90.67 Y106.329 E.93572
G1 X94.862 Y106.232 E.13626
G1 X135.393 Y135.903 E1.63223
G1 X142.967 Y129.244 E.32773
G1 X141.772 Y127.884 E.05882
G1 X157.544 Y114.018 E.68239
G1 X157.066 Y113.475 E.02353
G1 E-.8 F2400
;WIPE_START
G1 F6141.304
G1 X155.745 Y111.973
;WIPE_END
SET_VELOCITY_LIMIT ACCEL=8000 ACCEL_TO_DECEL=4000 SQUARE_CORNER_VELOCITY=8
G1 X149.864 Y116.838 Z5.6 F24000
G1 X143.695 Y121.941 Z5.6
G1 Z5.2
G1 E.8 F2400
SET_VELOCITY_LIMIT ACCEL=4000 ACCEL_TO_DECEL=2000 SQUARE_CORNER_VELOCITY=6
G1 F6141.304
G1 X143.418 Y122.184 E.01198
G1 X142.431 Y121.061 E.04861
G1 X142.919 Y120.632 E.02111
G1 X145.037 Y120.761 E.06897
G1 X143.74 Y121.901 E.05612
G1 E-.8 F2400
;WIPE_START
G1 F6141.304
G1 X143.418 Y122.184
G1 X142.431 Y121.061
G1 X142.488 Y121.011
;WIPE_END
SET_VELOCITY_LIMIT ACCEL=8000 ACCEL_TO_DECEL=4000 SQUARE_CORNER_VELOCITY=8
G1 X149.356 Y117.682 Z5.6 F24000
G1 X156.991 Y113.983 Z5.6
G1 Z5.2
G1 E.8 F2400
SET_VELOCITY_LIMIT ACCEL=4000 ACCEL_TO_DECEL=2000 SQUARE_CORNER_VELOCITY=6
;TYPE:Outer wall
;WIDTH:0.42
G1 F6629.9
G1 X155.399 Y112.173 E.07254
G1 X143.383 Y122.737 E.4816
G1 X141.877 Y121.025 E.06863
G1 X142.781 Y120.23 E.03622
G1 X144.906 Y120.36 E.06407
G1 X161.328 Y105.922 E.65818
G1 X169.634 Y115.37 E.37866
G1 X125.599 Y154.084 E1.76488
G1 X95.792 Y135.406 E1.05877
G1 X90.951 Y135.518 E.14577
G1 X90.269 Y105.946 E.89036
G1 X94.986 Y105.837 E.14203
G1 X135.37 Y135.4 E1.50647
G1 X142.414 Y129.208 E.2823
G1 X141.219 Y127.849 E.05448
G1 X156.945 Y114.023 E.6303
SET_VELOCITY_LIMIT ACCEL=8000 ACCEL_TO_DECEL=4000 SQUARE_CORNER_VELOCITY=8
G1 X157.821 Y113.872 F24000
SET_VELOCITY_LIMIT ACCEL=6000 ACCEL_TO_DECEL=3000
;TYPE:Internal solid infill
;WIDTH:0.38292
G1 F7352.941
G1 X157.757 Y113.909 E.002
G1 X157.806 Y113.937 E.00152
SET_VELOCITY_LIMIT ACCEL=8000 ACCEL_TO_DECEL=4000
G1 X156.168 Y111.926 F24000
SET_VELOCITY_LIMIT ACCEL=6000 ACCEL_TO_DECEL=3000
;TYPE:Sparse infill
;WIDTH:0.45
G1 F6141.304
G1 X155.929 Y111.654 E.01174
G1 X156.881 Y110.818 E.04117
G1 X158.808 Y112.745 E.08857
G1 X162.893 Y109.154 E.17674
G1 X160.965 Y107.227 E.08857
G1 X159.742 Y108.302 E.05291
G1 E-.8 F2400
;WIPE_START
G1 F6141.304
G1 X160.965 Y107.227
G1 X161.228 Y107.489
;WIPE_END
SET_VELOCITY_LIMIT ACCEL=8000 ACCEL_TO_DECEL=4000
G1 X164.567 Y110.705 Z5.6 F24000
G1 Z5.2
G1 E.8 F2400
SET_VELOCITY_LIMIT ACCEL=2000 ACCEL_TO_DECEL=1000
;TYPE:Bridge
;WIDTH:0.420761
G1 F1800
M106 S255
G1 X163.37 Y109.344 E.05467
G1 X163.087 Y109.594 E.0114
G1 X164.171 Y110.827 E.04955
G1 X163.888 Y111.077 E.0114
G1 X162.803 Y109.843 E.04955
G1 X162.519 Y110.093 E.0114
G1 X163.604 Y111.326 E.04955
G1 X163.32 Y111.576 E.0114
G1 X162.235 Y110.342 E.04955
G1 X161.951 Y110.592 E.0114
G1 X163.036 Y111.825 E.04955
G1 X162.752 Y112.075 E.0114
G1 X161.668 Y110.841 E.04955
G1 X161.384 Y111.09 E.0114
G1 X162.469 Y112.324 E.04955
G1 X162.185 Y112.574 E.0114
G1 X161.1 Y111.34 E.04955
G1 X160.816 Y111.589 E.0114
G1 X161.901 Y112.823 E.04955
G1 X161.617 Y113.073 E.0114
G1 X160.533 Y111.839 E.04955
M73 P25 R29
G1 X160.249 Y112.088 E.0114
G1 X161.334 Y113.322 E.04955
G1 X161.05 Y113.572 E.0114
G1 X159.965 Y112.338 E.04955
G1 X159.681 Y112.587 E.0114
G1 X160.766 Y113.821 E.04955
G1 X160.482 Y114.071 E.0114
G1 X159.398 Y112.837 E.04955
G1 X159.114 Y113.086 E.0114
G1 X160.199 Y114.32 E.04955
G1 X159.915 Y114.57 E.0114
G1 X158.83 Y113.336 E.04955
G1 X158.546 Y113.585 E.0114
G1 X159.631 Y114.819 E.04955
G1 X159.347 Y115.069 E.0114
G1 X158.262 Y113.835 E.04955
G1 X157.979 Y114.084 E.0114
G1 X159.063 Y115.318 E.04955
G1 X158.78 Y115.568 E.0114
G1 X157.695 Y114.334 E.04955
G1 X157.411 Y114.583 E.0114
G1 X158.496 Y115.817 E.04955
G1 X158.212 Y116.067 E.0114
G1 X157.127 Y114.833 E.04955
G1 X156.844 Y115.082 E.0114
G1 X157.928 Y116.316 E.04955
G1 X157.645 Y116.565 E.0114
G1 X156.56 Y115.332 E.04955
G1 X156.276 Y115.581 E.0114
G1 X157.361 Y116.815 E.04955
G1 X157.077 Y117.064 E.0114
G1 X155.992 Y115.831 E.04955
G1 X155.709 Y116.08 E.0114
G1 X156.793 Y117.314 E.04955
G1 X156.51 Y117.563 E.0114
G1 X155.425 Y116.33 E.04955
G1 X155.141 Y116.579 E.0114
G1 X156.226 Y117.813 E.04955
G1 X155.942 Y118.062 E.0114
G1 X154.857 Y116.828 E.04955
G1 X154.573 Y117.078 E.0114
G1 X155.658 Y118.312 E.04955
G1 X155.374 Y118.561 E.0114
G1 X154.29 Y117.327 E.04955
G1 X154.006 Y117.577 E.0114
G1 X155.091 Y118.811 E.04955
G1 X154.807 Y119.06 E.0114
G1 X153.722 Y117.826 E.04955
G1 X153.438 Y118.076 E.0114
G1 X154.523 Y119.31 E.04955
G1 X154.239 Y119.559 E.0114
G1 X153.155 Y118.325 E.04955
G1 X152.871 Y118.575 E.0114
G1 X153.956 Y119.809 E.04955
G1 X153.672 Y120.058 E.0114
G1 X152.587 Y118.824 E.04955
G1 X152.303 Y119.074 E.0114
G1 X153.388 Y120.308 E.04955
G1 X153.104 Y120.557 E.0114
G1 X152.02 Y119.323 E.04955
G1 X151.736 Y119.573 E.0114
G1 X152.821 Y120.807 E.04955
G1 X152.537 Y121.056 E.0114
G1 X151.452 Y119.822 E.04955
G1 X151.168 Y120.072 E.0114
G1 X152.253 Y121.306 E.04955
G1 X151.969 Y121.555 E.0114
G1 X150.884 Y120.321 E.04955
G1 X150.601 Y120.571 E.0114
G1 X151.685 Y121.805 E.04955
G1 X151.402 Y122.054 E.0114
G1 X150.317 Y120.82 E.04955
G1 X150.033 Y121.07 E.0114
G1 X151.118 Y122.303 E.04955
G1 X150.834 Y122.553 E.0114
G1 X149.749 Y121.319 E.04955
G1 X149.466 Y121.569 E.0114
G1 X150.55 Y122.802 E.04955
G1 X150.267 Y123.052 E.0114
G1 X149.182 Y121.818 E.04955
G1 X148.898 Y122.068 E.0114
G1 X149.983 Y123.301 E.04955
G1 X149.699 Y123.551 E.0114
G1 X148.614 Y122.317 E.04955
G1 X148.331 Y122.566 E.0114
G1 X149.415 Y123.8 E.04955
G1 X149.132 Y124.05 E.0114
G1 X148.047 Y122.816 E.04955
G1 X147.763 Y123.065 E.0114
G1 X148.848 Y124.299 E.04955
G1 X148.564 Y124.549 E.0114
G1 X147.479 Y123.315 E.04955
G1 X147.195 Y123.564 E.0114
G1 X148.28 Y124.798 E.04955
G1 X147.997 Y125.048 E.0114
G1 X146.912 Y123.814 E.04955
G1 X146.628 Y124.063 E.0114
G1 X147.713 Y125.297 E.04955
G1 X147.429 Y125.547 E.0114
G1 X146.344 Y124.313 E.04955
G1 X146.06 Y124.562 E.0114
G1 X147.145 Y125.796 E.04955
G1 X146.861 Y126.046 E.0114
G1 X145.777 Y124.812 E.04955
G1 X145.493 Y125.061 E.0114
G1 X146.578 Y126.295 E.04955
G1 X146.294 Y126.545 E.0114
G1 X145.209 Y125.311 E.04955
G1 X144.925 Y125.56 E.0114
G1 X146.01 Y126.794 E.04955
G1 X145.726 Y127.044 E.0114
G1 X144.642 Y125.81 E.04955
G1 X144.358 Y126.059 E.0114
G1 X145.443 Y127.293 E.04955
G1 X145.159 Y127.543 E.0114
G1 X144.074 Y126.309 E.04955
G1 X143.79 Y126.558 E.0114
G1 X144.875 Y127.792 E.04955
G1 X144.591 Y128.041 E.0114
G1 X143.507 Y126.808 E.04955
G1 X143.223 Y127.057 E.0114
G1 X144.308 Y128.291 E.04955
G1 X144.024 Y128.54 E.0114
G1 X142.939 Y127.307 E.04955
G1 X142.655 Y127.556 E.0114
G1 X143.74 Y128.79 E.04955
G1 X143.456 Y129.039 E.0114
G1 X142.259 Y127.678 E.05467
G1 E-.8 F2400
;WIPE_START
G1 F1800
G1 X143.456 Y129.039
G1 X143.597 Y128.916
;WIPE_END
SET_VELOCITY_LIMIT ACCEL=8000 ACCEL_TO_DECEL=4000
G1 X141.222 Y131.241 Z5.6 F24000
G1 Z5.2
G1 E.8 F2400
SET_VELOCITY_LIMIT ACCEL=6000 ACCEL_TO_DECEL=3000
;TYPE:Sparse infill
;WIDTH:0.45
G1 F6141.304
M106 S222
G1 X140 Y132.317 E.05291
G1 X144.321 Y136.638 E.19861
G1 X148.406 Y133.047 E.17674
G1 X144.235 Y128.876 E.19166
G1 X148.32 Y125.285 E.17674
G1 X152.491 Y129.456 E.19166
G1 X156.576 Y125.865 E.17674
G1 X152.405 Y121.694 E.19166
G1 X156.49 Y118.103 E.17674
G1 X160.66 Y122.274 E.19166
G1 X161.253 Y121.753 E.02564
G1 X168.175 Y114.831 E.31808
G1 X164.703 Y110.882 E.17086
G1 X162.589 Y112.741 E.09146
G1 X123.46 Y151.87 E1.79818
G1 X125.525 Y153.164 E.07918
G1 X127.982 Y151.003 E.10633
G1 X96.39 Y119.411 E1.45179
G1 X96.348 Y117.574 E.05972
G1 X102.019 Y111.903 E.2606
G1 X97.587 Y108.659 E.17847
G1 X96.175 Y110.071 E.0649
G1 X96.209 Y111.554 E.04821
G1 X132.067 Y147.412 E1.64783
G1 X136.152 Y143.821 E.17674
G1 X110.286 Y117.955 E1.18866
G1 X106.451 Y115.147 E.15445
G1 X96.521 Y125.077 E.45631
G1 X96.572 Y127.268 E.07123
G1 X117.335 Y148.032 E.95419
G1 X118.741 Y148.913 E.0539
G1 X133.041 Y134.613 E.65716
G1 X135.413 Y136.349 E.09552
G1 X135.915 Y135.908 E.02172
G1 X140.237 Y140.229 E.19861
G1 X141.459 Y139.154 E.05291
G1 E-.8 F2400
;WIPE_START
G1 F6141.304
G1 X140.237 Y140.229
G1 X139.974 Y139.967
;WIPE_END
SET_VELOCITY_LIMIT ACCEL=8000 ACCEL_TO_DECEL=4000
G1 X141.19 Y132.432 Z5.6 F24000
G1 X143.018 Y121.098 Z5.6
G1 Z5.2
G1 E.8 F2400
SET_VELOCITY_LIMIT ACCEL=6000 ACCEL_TO_DECEL=3000
;TYPE:Internal solid infill
;WIDTH:0.468625
G1 F5872.611
G1 X143.456 Y121.596 E.02253
G1 X144.004 Y121.115 E.02478
G1 X143.063 Y121.059 E.03201
SET_VELOCITY_LIMIT ACCEL=8000 ACCEL_TO_DECEL=4000
G1 X145.249 Y120.577 F24000
SET_VELOCITY_LIMIT ACCEL=6000 ACCEL_TO_DECEL=3000
;TYPE:Gap infill
;WIDTH:0.430844
G1 F6444.559
G1 X155.289 Y111.751 E.41395
G1 E-.8 F2400
;WIPE_START
G1 F6444.559
G1 X153.787 Y113.071
;WIPE_END
SET_VELOCITY_LIMIT ACCEL=8000 ACCEL_TO_DECEL=4000
G1 X160.575 Y114.512 Z5.6 F24000
G1 Z5.2
G1 E.8 F2400
SET_VELOCITY_LIMIT ACCEL=6000 ACCEL_TO_DECEL=3000
;TYPE:Sparse infill
;WIDTH:0.45
G1 F6141.304
G1 X164.745 Y118.682 E.19166
G1 E-.8 F2400
;WIPE_START
G1 F6141.304
G1 X163.331 Y117.268
;WIPE_END
SET_VELOCITY_LIMIT ACCEL=8000 ACCEL_TO_DECEL=4000
G1 X155.7 Y117.432 Z5.6 F24000
G1 X110.882 Y118.391 Z5.6
G1 Z5.2
G1 E.8 F2400
SET_VELOCITY_LIMIT ACCEL=6000 ACCEL_TO_DECEL=3000
G1 F6141.304
G1 X96.694 Y132.58 E.65202
G1 X96.753 Y135.135 E.08304
G1 X99.865 Y137.085 E.11934
G1 X115.314 Y121.636 E.70996
G1 X119.746 Y124.88 E.17847
G1 X104.584 Y140.042 E.69676
G1 X109.303 Y142.999 E.18096
G1 X124.178 Y128.124 E.68356
G1 X128.609 Y131.368 E.17847
G1 X114.022 Y145.956 E.67036
G1 X112.642 Y145.091 E.05291
SET_VELOCITY_LIMIT ACCEL=8000 ACCEL_TO_DECEL=4000
G1 X94.385 Y134.348 F24000
SET_VELOCITY_LIMIT ACCEL=6000 ACCEL_TO_DECEL=3000
G1 F6141.304
G1 X94.348 Y132.72 E.05291
G1 X91.562 Y129.935 E.12799
G1 X91.565 Y130.033 E.00318
G1 X94.224 Y127.374 E.12222
G1 X94.166 Y124.863 E.0816
G1 X91.381 Y122.078 E.12799
G1 X91.392 Y122.53 E.01469
G1 X94.051 Y119.871 E.12222
G1 X93.985 Y117.006 E.09311
G1 X91.2 Y114.221 E.12799
G1 X91.219 Y115.027 E.0262
G1 X93.878 Y112.368 E.12222
G1 X93.804 Y109.149 E.10462
G1 X91.317 Y106.662 E.11427
G1 X91.922 Y106.648 E.01964
G1 X91.046 Y107.524 E.04025
G1 X91.083 Y109.152 E.05291
SET_VELOCITY_LIMIT ACCEL=8000 ACCEL_TO_DECEL=4000
G1 X94.947 Y107.75 F24000
SET_VELOCITY_LIMIT ACCEL=6000 ACCEL_TO_DECEL=3000
;TYPE:Internal solid infill
;WIDTH:0.47659
G1 F5764.752
G1 X95.547 Y133.785 E.90152
SET_VELOCITY_LIMIT ACCEL=8000 ACCEL_TO_DECEL=4000
G1 X95.963 Y134.241 F24000
SET_VELOCITY_LIMIT ACCEL=6000 ACCEL_TO_DECEL=3000
;WIDTH:0.419999
G1 F6629.911
M73 P25 R28
G1 X95.347 Y107.541 E.8039
G1 X94.619 Y107.007 E.02718
G1 X94.524 Y107.009 E.00285
G1 X95.152 Y134.26 E.82045
G1 X95.903 Y134.242 E.0226
SET_VELOCITY_LIMIT ACCEL=8000 ACCEL_TO_DECEL=4000
G1 X96.354 Y134.833 F24000
SET_VELOCITY_LIMIT ACCEL=6000 ACCEL_TO_DECEL=3000
G1 F6629.911
G1 X95.72 Y107.346 E.82757
G1 X94.738 Y106.627 E.03663
G1 X94.138 Y106.641 E.01805
G1 X94.784 Y134.645 E.84315
G1 X95.953 Y134.618 E.03519
G1 X96.301 Y134.805 E.01188
;TIME_ELAPSED:599.489197

M106 S227
;LAYER_CHANGE
;:5.4
;HEIGHT:0.2
;BEFORE_LAYER_CHANGE
;5.4
G92 E0

G1 E-.8 F2400
;WIPE_START
G1 F6629.911
G1 X95.953 Y134.618
G1 X94.784 Y134.645
G1 X94.774 Y134.209
;WIPE_END
EXCLUDE_OBJECT_END NAME=arm.stl_id_0_copy_0
;_SET_FAN_SPEED_CHANGING_LAYER
; OBJECT_ID: 15
EXCLUDE_OBJECT_START NAME=arm.stl_id_0_copy_0
SET_VELOCITY_LIMIT ACCEL=8000 ACCEL_TO_DECEL=4000
G1 X102.014 Y131.793 Z5.6 F24000
G1 X157.026 Y113.43 Z5.6
G1 Z5.4
G1 E.8 F2400
SET_VELOCITY_LIMIT ACCEL=4000 ACCEL_TO_DECEL=2000 SQUARE_CORNER_VELOCITY=6
;TYPE:Inner wall
;WIDTH:0.45
G1 F5811
G1 X155.438 Y111.623 E.07818
G1 X161.292 Y106.475 E.25332
G1 X169.081 Y115.334 E.3833
G1 X125.56 Y153.597 E1.88305
G1 X95.901 Y135.012 E1.13734
G1 X91.334 Y135.117 E.14845
G1 X90.67 Y106.329 E.93572
G1 X94.862 Y106.232 E.13626
G1 X135.393 Y135.903 E1.63223
G1 X142.967 Y129.244 E.32773
G1 X141.772 Y127.884 E.05882
G1 X157.544 Y114.018 E.68239
G1 X157.066 Y113.475 E.02353
G1 E-.8 F2400
;WIPE_START
G1 F6141.304
G1 X155.745 Y111.973
;WIPE_END
SET_VELOCITY_LIMIT ACCEL=8000 ACCEL_TO_DECEL=4000 SQUARE_CORNER_VELOCITY=8
G1 X149.864 Y116.838 Z5.8 F24000
G1 X143.695 Y121.941 Z5.8
G1 Z5.4
G1 E.8 F2400
SET_VELOCITY_LIMIT ACCEL=4000 ACCEL_TO_DECEL=2000 SQUARE_CORNER_VELOCITY=6
G1 F5811
G1 X143.418 Y122.184 E.01198
G1 X142.431 Y121.061 E.04861
G1 X142.919 Y120.632 E.02111
G1 X145.037 Y120.761 E.06897
G1 X143.74 Y121.901 E.05612
G1 E-.8 F2400
;WIPE_START
G1 F6141.304
G1 X143.418 Y122.184
G1 X142.431 Y121.061
G1 X142.488 Y121.011
;WIPE_END
SET_VELOCITY_LIMIT ACCEL=8000 ACCEL_TO_DECEL=4000 SQUARE_CORNER_VELOCITY=8
G1 X149.356 Y117.682 Z5.8 F24000
G1 X156.991 Y113.983 Z5.8
G1 Z5.4
G1 E.8 F2400
SET_VELOCITY_LIMIT ACCEL=4000 ACCEL_TO_DECEL=2000 SQUARE_CORNER_VELOCITY=6
;TYPE:Outer wall
;WIDTH:0.42
G1 F5811
G1 X155.399 Y112.173 E.07254
G1 X143.383 Y122.737 E.4816
G1 X141.877 Y121.025 E.06863
G1 X142.781 Y120.23 E.03622
G1 X144.906 Y120.36 E.06407
G1 X161.328 Y105.922 E.65818
G1 X169.634 Y115.37 E.37866
G1 X125.599 Y154.084 E1.76488
G1 X95.792 Y135.406 E1.05877
G1 X90.951 Y135.518 E.14577
G1 X90.269 Y105.946 E.89036
G1 X94.986 Y105.837 E.14203
G1 X135.37 Y135.4 E1.50647
G1 X142.414 Y129.208 E.2823
G1 X141.219 Y127.849 E.05448
G1 X156.945 Y114.023 E.6303
G1 E-.8 F2400
;WIPE_START
G1 F6629.9
G1 X155.663 Y112.488
;WIPE_END
SET_VELOCITY_LIMIT ACCEL=8000 ACCEL_TO_DECEL=4000 SQUARE_CORNER_VELOCITY=8
G1 X155.289 Y111.751 Z5.8 F24000
G1 Z5.4
G1 E.8 F2400
SET_VELOCITY_LIMIT ACCEL=6000 ACCEL_TO_DECEL=3000
;TYPE:Gap infill
;WIDTH:0.430844
G1 F5811
G1 X145.249 Y120.577 E.41395
SET_VELOCITY_LIMIT ACCEL=8000 ACCEL_TO_DECEL=4000
G1 X143.018 Y121.098 F24000
SET_VELOCITY_LIMIT ACCEL=6000 ACCEL_TO_DECEL=3000
;TYPE:Internal solid infill
;WIDTH:0.468625
G1 F5811
G1 X143.456 Y121.596 E.02253
G1 X144.004 Y121.115 E.02478
G1 X143.063 Y121.059 E.03201
G1 E-.8 F2400
;WIPE_START
G1 F5872.611
G1 X144.004 Y121.115
G1 X143.456 Y121.596
G1 X143.239 Y121.349
;WIPE_END
SET_VELOCITY_LIMIT ACCEL=8000 ACCEL_TO_DECEL=4000
G1 X142.326 Y127.92 Z5.8 F24000
G1 Z5.4
G1 E.8 F2400
SET_VELOCITY_LIMIT ACCEL=6000 ACCEL_TO_DECEL=3000
;WIDTH:0.419837
M73 P26 R28
G1 F5811
G1 X143.285 Y129.011 E.04373
G1 X164.323 Y110.516 E.84279
G1 X163.415 Y109.483 E.04137
G1 X158.245 Y114.028 E.20711
G1 X158.165 Y114.07 E.00273
G1 X157.917 Y113.965 E.00809
G1 X157.976 Y114.126 E.00515
G1 X157.732 Y114.375 E.0105
G1 X142.371 Y127.88 E.61539
SET_VELOCITY_LIMIT ACCEL=8000 ACCEL_TO_DECEL=4000
G1 X142.858 Y127.954 F24000
SET_VELOCITY_LIMIT ACCEL=6000 ACCEL_TO_DECEL=3000
;WIDTH:0.419999
G1 F5811
G1 X143.319 Y128.479 E.02104
G1 X158.443 Y115.183 E.60611
;WIDTH:0.440305
G1 X158.509 Y115.098 E.00343
;WIDTH:0.480916
G1 F5707.814
G1 X158.575 Y115.013 E.00378
;WIDTH:0.54146
G1 F5014.643
G1 X158.642 Y114.927 E.0043
G1 X163.705 Y110.476 E.26828
G1 X163.375 Y110.101 E.01985
G1 X158.534 Y114.357 E.2565
G1 X158.305 Y114.473 E.01023
;WIDTH:0.493647
G1 F5546.598
G1 X158.143 Y114.566 E.00671
;WIDTH:0.420451
G1 F5811
G1 X157.981 Y114.658 E.00562
G1 X142.903 Y127.914 E.60503
SET_VELOCITY_LIMIT ACCEL=8000 ACCEL_TO_DECEL=4000
G1 X143.351 Y127.986 F24000
SET_VELOCITY_LIMIT ACCEL=6000 ACCEL_TO_DECEL=3000
;WIDTH:0.364978
G1 F5811
G1 X158.167 Y114.961 E.50714
SET_VELOCITY_LIMIT ACCEL=8000 ACCEL_TO_DECEL=4000
G1 X159.742 Y108.302 F24000
SET_VELOCITY_LIMIT ACCEL=6000 ACCEL_TO_DECEL=3000
;TYPE:Sparse infill
;WIDTH:0.45
G1 F5811
G1 X160.965 Y107.227 E.05291
G1 X163.035 Y109.296 E.09509
G1 X158.95 Y112.887 E.17674
G1 X156.881 Y110.818 E.09509
G1 X155.929 Y111.654 E.04117
G1 X156.168 Y111.926 E.01174
SET_VELOCITY_LIMIT ACCEL=8000 ACCEL_TO_DECEL=4000
G1 X164.745 Y118.682 F24000
SET_VELOCITY_LIMIT ACCEL=6000 ACCEL_TO_DECEL=3000
G1 F5811
G1 X160.48 Y114.417 E.19603
SET_VELOCITY_LIMIT ACCEL=8000 ACCEL_TO_DECEL=4000
G1 X155.353 Y126.94 F24000
SET_VELOCITY_LIMIT ACCEL=6000 ACCEL_TO_DECEL=3000
G1 F5811
G1 X156.576 Y125.865 E.05291
G1 X152.31 Y121.599 E.19603
G1 X148.225 Y125.19 E.17674
G1 X152.491 Y129.456 E.19603
G1 X148.406 Y133.047 E.17674
G1 X144.14 Y128.781 E.19603
G1 X143.327 Y129.497 E.03519
G1 X143.215 Y129.489 E.00364
G1 X140 Y132.317 E.13914
G1 X144.321 Y136.638 E.19861
G1 X140.237 Y140.229 E.17674
G1 X135.915 Y135.908 E.19861
G1 X135.413 Y136.349 E.02172
G1 X133.041 Y134.613 E.09552
G1 X118.741 Y148.913 E.65716
G1 X117.335 Y148.032 E.0539
G1 X95.826 Y126.523 E.98844
G1 X95.809 Y125.789 E.02387
G1 X106.451 Y115.147 E.48902
G1 X110.286 Y117.955 E.15444
G1 X136.152 Y143.821 E1.18866
G1 X132.067 Y147.412 E.17674
G1 X95.464 Y110.809 E1.68208
G1 X95.463 Y110.783 E.00085
G1 X97.587 Y108.659 E.0976
G1 X102.019 Y111.903 E.17847
G1 X95.636 Y118.286 E.29331
G1 X95.645 Y118.666 E.01236
G1 X127.982 Y151.003 E1.48604
G1 X125.525 Y153.164 E.10633
G1 X123.46 Y151.87 E.07918
G1 X164.066 Y111.264 E1.86604
G1 X164.615 Y110.781 E.02373
G1 X168.175 Y114.831 E.17521
G1 X161.253 Y121.753 E.31809
G1 X160.66 Y122.274 E.02563
G1 X156.395 Y118.008 E.19603
G1 X155.172 Y119.083 E.05291
G1 E-.8 F2400
;WIPE_START
G1 F6141.304
G1 X156.395 Y118.008
G1 X156.658 Y118.271
;WIPE_END
SET_VELOCITY_LIMIT ACCEL=8000 ACCEL_TO_DECEL=4000
G1 X150.14 Y122.242 Z5.8 F24000
G1 X112.642 Y145.091 Z5.8
G1 Z5.4
G1 E.8 F2400
SET_VELOCITY_LIMIT ACCEL=6000 ACCEL_TO_DECEL=3000
G1 F5811
G1 X114.022 Y145.956 E.05291
G1 X128.609 Y131.368 E.67036
G1 X124.178 Y128.124 E.17847
G1 X109.303 Y142.999 E.68356
G1 X104.584 Y140.042 E.18096
G1 X119.746 Y124.88 E.69676
G1 X115.314 Y121.636 E.17847
G1 X99.865 Y137.085 E.70996
G1 X96.777 Y135.15 E.11841
G1 X96.007 Y134.38 E.03537
G1 X95.982 Y133.292 E.03538
G1 X110.882 Y118.391 E.68473
SET_VELOCITY_LIMIT ACCEL=8000 ACCEL_TO_DECEL=4000
G1 X91.083 Y109.152 F24000
SET_VELOCITY_LIMIT ACCEL=6000 ACCEL_TO_DECEL=3000
G1 F5811
G1 X91.046 Y107.524 E.05291
G1 X91.922 Y106.648 E.04025
G1 X91.317 Y106.662 E.01964
G1 X94.549 Y109.894 E.14853
G1 X94.59 Y111.656 E.05726
G1 X91.219 Y115.027 E.15493
G1 X91.2 Y114.221 E.0262
G1 X94.731 Y117.751 E.16224
G1 X94.763 Y119.159 E.04575
G1 X91.392 Y122.53 E.15493
G1 X91.381 Y122.078 E.01469
G1 X94.912 Y125.609 E.16224
G1 X94.936 Y126.662 E.03424
G1 X91.565 Y130.033 E.15493
G1 X91.562 Y129.935 E.00318
G1 X95.093 Y133.466 E.16224
G1 X95.105 Y134.009 E.01766
G1 X95.009 Y133.948 E.00371
G1 X94.581 Y134.191 E.01597
G1 X94.593 Y134.67 E.01558
SET_VELOCITY_LIMIT ACCEL=8000 ACCEL_TO_DECEL=4000
G1 X95.074 Y134.547 F24000
SET_VELOCITY_LIMIT ACCEL=6000 ACCEL_TO_DECEL=3000
;TYPE:Internal solid infill
;WIDTH:0.61561
G1 F4365.363
G1 X95.293 Y134.53 E.01004
;WIDTH:0.645934
G1 F4145.841
G1 X95.384 Y134.5 E.00464
;WIDTH:0.683558
G1 F3902.36
G1 X95.476 Y134.469 E.00493
;WIDTH:0.680697
G1 F3919.87
G1 X95.496 Y134.396 E.00386
;WIDTH:0.637349
G1 F4205.718
G1 X95.516 Y134.323 E.00359
;WIDTH:0.594002
G1 F4536.536
G1 X95.536 Y134.25 E.00333
;WIDTH:0.5291
G1 F5142.128
G1 X95.556 Y134.177 E.00294
G1 X94.927 Y106.892 E1.05918
;TIME_ELAPSED:617.310669

;LAYER_CHANGE
;:5.6
;HEIGHT:0.2
;BEFORE_LAYER_CHANGE
;5.6
G92 E0

G1 E-.8 F2400
;WIPE_START
G1 F5142.128
G1 X94.973 Y108.892
;WIPE_END
EXCLUDE_OBJECT_END NAME=arm.stl_id_0_copy_0
;_SET_FAN_SPEED_CHANGING_LAYER
; OBJECT_ID: 15
EXCLUDE_OBJECT_START NAME=arm.stl_id_0_copy_0
SET_VELOCITY_LIMIT ACCEL=8000 ACCEL_TO_DECEL=4000
G1 X102.585 Y109.448 Z5.8 F24000
G1 X157.026 Y113.43 Z5.8
G1 Z5.6
G1 E.8 F2400
SET_VELOCITY_LIMIT ACCEL=4000 ACCEL_TO_DECEL=2000 SQUARE_CORNER_VELOCITY=6
;TYPE:Inner wall
;WIDTH:0.45
G1 F5083
G1 X155.438 Y111.623 E.07818
G1 X161.292 Y106.475 E.25332
G1 X169.081 Y115.334 E.3833
G1 X125.56 Y153.597 E1.88305
G1 X95.901 Y135.012 E1.13734
G1 X91.334 Y135.117 E.14845
G1 X90.67 Y106.329 E.93572
G1 X94.862 Y106.232 E.13626
G1 X135.393 Y135.903 E1.63223
G1 X142.967 Y129.244 E.32773
G1 X141.772 Y127.884 E.05882
G1 X157.544 Y114.018 E.68239
G1 X157.066 Y113.475 E.02353
G1 E-.8 F2400
;WIPE_START
G1 F6141.304
G1 X155.745 Y111.973
;WIPE_END
SET_VELOCITY_LIMIT ACCEL=8000 ACCEL_TO_DECEL=4000 SQUARE_CORNER_VELOCITY=8
G1 X149.864 Y116.838 Z6 F24000
G1 X143.695 Y121.941 Z6
G1 Z5.6
G1 E.8 F2400
SET_VELOCITY_LIMIT ACCEL=4000 ACCEL_TO_DECEL=2000 SQUARE_CORNER_VELOCITY=6
G1 F5083
G1 X143.418 Y122.184 E.01198
G1 X142.431 Y121.061 E.04861
G1 X142.919 Y120.632 E.02111
G1 X145.037 Y120.761 E.06897
G1 X143.74 Y121.901 E.05612
G1 E-.8 F2400
;WIPE_START
G1 F6141.304
G1 X143.418 Y122.184
G1 X142.431 Y121.061
G1 X142.488 Y121.011
;WIPE_END
SET_VELOCITY_LIMIT ACCEL=8000 ACCEL_TO_DECEL=4000 SQUARE_CORNER_VELOCITY=8
G1 X149.356 Y117.682 Z6 F24000
G1 X156.991 Y113.983 Z6
G1 Z5.6
G1 E.8 F2400
SET_VELOCITY_LIMIT ACCEL=4000 ACCEL_TO_DECEL=2000 SQUARE_CORNER_VELOCITY=6
;TYPE:Outer wall
;WIDTH:0.42
G1 F5083
G1 X155.399 Y112.173 E.07254
G1 X143.383 Y122.737 E.4816
G1 X141.877 Y121.025 E.06863
G1 X142.781 Y120.23 E.03622
G1 X144.906 Y120.36 E.06407
G1 X161.328 Y105.922 E.65818
G1 X169.634 Y115.37 E.37866
G1 X125.599 Y154.084 E1.76488
G1 X95.792 Y135.406 E1.05877
G1 X90.951 Y135.518 E.14577
G1 X90.269 Y105.946 E.89036
G1 X94.986 Y105.837 E.14203
G1 X135.37 Y135.4 E1.50647
G1 X142.414 Y129.208 E.2823
G1 X141.219 Y127.849 E.05448
G1 X156.945 Y114.023 E.6303
G1 E-.8 F2400
;WIPE_START
G1 F6629.9
G1 X155.663 Y112.488
;WIPE_END
SET_VELOCITY_LIMIT ACCEL=8000 ACCEL_TO_DECEL=4000 SQUARE_CORNER_VELOCITY=8
G1 X155.289 Y111.751 Z6 F24000
G1 Z5.6
G1 E.8 F2400
SET_VELOCITY_LIMIT ACCEL=6000 ACCEL_TO_DECEL=3000
;TYPE:Gap infill
;WIDTH:0.430844
G1 F5083
G1 X145.249 Y120.577 E.41395
SET_VELOCITY_LIMIT ACCEL=8000 ACCEL_TO_DECEL=4000
G1 X143.018 Y121.098 F24000
SET_VELOCITY_LIMIT ACCEL=6000 ACCEL_TO_DECEL=3000
;TYPE:Internal solid infill
;WIDTH:0.468625
G1 F5083
G1 X143.456 Y121.596 E.02253
G1 X144.004 Y121.115 E.02478
G1 X143.063 Y121.059 E.03201
G1 E-.8 F2400
;WIPE_START
G1 F5872.611
G1 X144.004 Y121.115
G1 X143.456 Y121.596
G1 X143.239 Y121.349
;WIPE_END
SET_VELOCITY_LIMIT ACCEL=8000 ACCEL_TO_DECEL=4000
G1 X150.169 Y124.548 Z6 F24000
G1 X155.353 Y126.94 Z6
G1 Z5.6
G1 E.8 F2400
SET_VELOCITY_LIMIT ACCEL=6000 ACCEL_TO_DECEL=3000
;TYPE:Sparse infill
;WIDTH:0.45
G1 F5083
G1 X156.576 Y125.865 E.05291
G1 X150.971 Y120.26 E.25754
G1 X146.887 Y123.852 E.17674
G1 X152.491 Y129.456 E.25754
G1 X148.406 Y133.047 E.17674
G1 X142.802 Y127.443 E.25754
G1 X142.264 Y127.916 E.02328
G1 X143.459 Y129.275 E.05882
G1 X140 Y132.317 E.14968
G1 X144.321 Y136.638 E.19861
G1 X143.098 Y137.713 E.05291
SET_VELOCITY_LIMIT ACCEL=8000 ACCEL_TO_DECEL=4000
G1 X164.745 Y118.682 F24000
SET_VELOCITY_LIMIT ACCEL=6000 ACCEL_TO_DECEL=3000
G1 F5083
G1 X156.881 Y110.818 E.36142
G1 X156.511 Y111.143 E.01601
G1 X155.962 Y111.692 E.02521
G1 X158.035 Y114.05 E.10204
G1 X155.056 Y116.669 E.1289
G1 X160.66 Y122.274 E.25754
G1 X161.253 Y121.753 E.02564
G1 X168.175 Y114.831 E.31808
G1 X165.3 Y111.562 E.14146
G1 X160.965 Y107.227 E.19921
G1 X159.742 Y108.302 E.05291
SET_VELOCITY_LIMIT ACCEL=8000 ACCEL_TO_DECEL=4000
G1 X164.583 Y110.746 F24000
SET_VELOCITY_LIMIT ACCEL=6000 ACCEL_TO_DECEL=3000
G1 F5083
G1 X123.46 Y151.87 E1.88982
G1 X124.84 Y152.734 E.05291
SET_VELOCITY_LIMIT ACCEL=8000 ACCEL_TO_DECEL=4000
G1 X110.882 Y118.391 F24000
SET_VELOCITY_LIMIT ACCEL=6000 ACCEL_TO_DECEL=3000
G1 F5083
G1 X94.58 Y134.694 E.74917
G1 X92.952 Y134.731 E.05291
SET_VELOCITY_LIMIT ACCEL=8000 ACCEL_TO_DECEL=4000
G1 X91.083 Y109.152 F24000
SET_VELOCITY_LIMIT ACCEL=6000 ACCEL_TO_DECEL=3000
G1 F5083
G1 X91.046 Y107.524 E.05291
G1 X91.922 Y106.648 E.04025
G1 X91.317 Y106.662 E.01964
G1 X132.067 Y147.412 E1.87263
G1 X127.982 Y151.003 E.17674
G1 X91.2 Y114.221 E1.6903
G1 X91.219 Y115.027 E.0262
G1 X97.587 Y108.659 E.29266
G1 X102.019 Y111.903 E.17847
G1 X91.392 Y122.53 E.48837
G1 X91.381 Y122.078 E.01469
G1 X117.335 Y148.032 E1.1927
M73 P27 R28
G1 X118.741 Y148.913 E.0539
G1 X133.041 Y134.613 E.65716
G1 X135.413 Y136.349 E.09552
G1 X135.915 Y135.908 E.02172
G1 X140.237 Y140.229 E.19861
G1 X136.152 Y143.821 E.17674
G1 X110.286 Y117.955 E1.18866
G1 X106.451 Y115.147 E.15445
G1 X91.565 Y130.033 E.68408
G1 X91.562 Y129.935 E.00318
G1 X96.777 Y135.15 E.23963
G1 X99.865 Y137.085 E.11842
G1 X115.314 Y121.636 E.70996
G1 X119.746 Y124.88 E.17847
G1 X104.584 Y140.042 E.69676
G1 X109.303 Y142.999 E.18096
G1 X124.178 Y128.124 E.68356
G1 X128.609 Y131.368 E.17847
G1 X114.022 Y145.956 E.67036
G1 X112.642 Y145.091 E.05291
;TIME_ELAPSED:634.185974

;LAYER_CHANGE
;:5.8
;HEIGHT:0.2
;BEFORE_LAYER_CHANGE
;5.8
G92 E0

G1 E-.8 F2400
;WIPE_START
G1 F6141.304
G1 X114.022 Y145.956
G1 X114.285 Y145.693
;WIPE_END
EXCLUDE_OBJECT_END NAME=arm.stl_id_0_copy_0
;_SET_FAN_SPEED_CHANGING_LAYER
; OBJECT_ID: 15
EXCLUDE_OBJECT_START NAME=arm.stl_id_0_copy_0
SET_VELOCITY_LIMIT ACCEL=8000 ACCEL_TO_DECEL=4000
G1 X120.376 Y141.095 Z6 F24000
G1 X157.026 Y113.43 Z6
G1 Z5.8
G1 E.8 F2400
SET_VELOCITY_LIMIT ACCEL=4000 ACCEL_TO_DECEL=2000 SQUARE_CORNER_VELOCITY=6
;TYPE:Inner wall
G1 F5159
G1 X155.438 Y111.623 E.07818
G1 X161.292 Y106.475 E.25332
G1 X169.081 Y115.334 E.3833
G1 X125.56 Y153.597 E1.88305
G1 X95.901 Y135.012 E1.13734
G1 X91.334 Y135.117 E.14845
G1 X90.67 Y106.329 E.93572
G1 X94.862 Y106.232 E.13626
G1 X135.393 Y135.903 E1.63223
G1 X142.967 Y129.244 E.32773
G1 X141.772 Y127.884 E.05882
G1 X157.544 Y114.018 E.68239
G1 X157.066 Y113.475 E.02353
G1 E-.8 F2400
;WIPE_START
G1 F6141.304
G1 X155.745 Y111.973
;WIPE_END
SET_VELOCITY_LIMIT ACCEL=8000 ACCEL_TO_DECEL=4000 SQUARE_CORNER_VELOCITY=8
G1 X149.864 Y116.838 Z6.2 F24000
G1 X143.695 Y121.941 Z6.2
G1 Z5.8
G1 E.8 F2400
SET_VELOCITY_LIMIT ACCEL=4000 ACCEL_TO_DECEL=2000 SQUARE_CORNER_VELOCITY=6
G1 F5159
G1 X143.418 Y122.184 E.01198
G1 X142.431 Y121.061 E.04861
G1 X142.919 Y120.632 E.02111
G1 X145.037 Y120.761 E.06897
G1 X143.74 Y121.901 E.05612
G1 E-.8 F2400
;WIPE_START
G1 F6141.304
G1 X143.418 Y122.184
G1 X142.431 Y121.061
G1 X142.488 Y121.011
;WIPE_END
SET_VELOCITY_LIMIT ACCEL=8000 ACCEL_TO_DECEL=4000 SQUARE_CORNER_VELOCITY=8
G1 X149.356 Y117.682 Z6.2 F24000
G1 X156.991 Y113.983 Z6.2
G1 Z5.8
G1 E.8 F2400
SET_VELOCITY_LIMIT ACCEL=4000 ACCEL_TO_DECEL=2000 SQUARE_CORNER_VELOCITY=6
;TYPE:Outer wall
;WIDTH:0.42
G1 F5159
G1 X155.399 Y112.173 E.07254
G1 X143.383 Y122.737 E.4816
G1 X141.877 Y121.025 E.06863
G1 X142.781 Y120.23 E.03622
G1 X144.906 Y120.36 E.06407
G1 X161.328 Y105.922 E.65818
G1 X169.634 Y115.37 E.37866
G1 X125.599 Y154.084 E1.76488
G1 X95.792 Y135.406 E1.05877
G1 X90.951 Y135.518 E.14577
G1 X90.269 Y105.946 E.89036
G1 X94.986 Y105.837 E.14203
G1 X135.37 Y135.4 E1.50647
G1 X142.414 Y129.208 E.2823
G1 X141.219 Y127.849 E.05448
G1 X156.945 Y114.023 E.6303
G1 E-.8 F2400
;WIPE_START
G1 F6629.9
G1 X155.663 Y112.488
;WIPE_END
SET_VELOCITY_LIMIT ACCEL=8000 ACCEL_TO_DECEL=4000 SQUARE_CORNER_VELOCITY=8
G1 X155.289 Y111.751 Z6.2 F24000
G1 Z5.8
G1 E.8 F2400
SET_VELOCITY_LIMIT ACCEL=6000 ACCEL_TO_DECEL=3000
;TYPE:Gap infill
;WIDTH:0.430844
G1 F5159
G1 X145.249 Y120.577 E.41395
SET_VELOCITY_LIMIT ACCEL=8000 ACCEL_TO_DECEL=4000
G1 X143.018 Y121.098 F24000
SET_VELOCITY_LIMIT ACCEL=6000 ACCEL_TO_DECEL=3000
;TYPE:Internal solid infill
;WIDTH:0.468625
G1 F5159
G1 X143.456 Y121.596 E.02253
G1 X144.004 Y121.115 E.02478
G1 X143.063 Y121.059 E.03201
G1 E-.8 F2400
;WIPE_START
G1 F5872.611
G1 X144.004 Y121.115
G1 X143.456 Y121.596
G1 X143.239 Y121.349
;WIPE_END
SET_VELOCITY_LIMIT ACCEL=8000 ACCEL_TO_DECEL=4000
G1 X143.173 Y128.982 Z6.2 F24000
G1 X143.098 Y137.713 Z6.2
G1 Z5.8
G1 E.8 F2400
SET_VELOCITY_LIMIT ACCEL=6000 ACCEL_TO_DECEL=3000
;TYPE:Sparse infill
;WIDTH:0.45
G1 F5159
G1 X144.321 Y136.638 E.05291
G1 X140 Y132.317 E.19861
G1 X143.459 Y129.275 E.14968
G1 X142.264 Y127.916 E.05882
G1 X142.802 Y127.443 E.02328
G1 X148.406 Y133.047 E.25754
G1 X152.491 Y129.456 E.17674
G1 X146.887 Y123.852 E.25754
G1 X150.971 Y120.26 E.17674
G1 X156.576 Y125.865 E.25754
G1 X155.353 Y126.94 E.05291
SET_VELOCITY_LIMIT ACCEL=8000 ACCEL_TO_DECEL=4000
G1 X159.742 Y108.302 F24000
SET_VELOCITY_LIMIT ACCEL=6000 ACCEL_TO_DECEL=3000
G1 F5159
G1 X160.965 Y107.227 E.05291
G1 X165.3 Y111.562 E.19921
G1 X168.175 Y114.831 E.14146
G1 X161.253 Y121.753 E.31808
G1 X160.66 Y122.274 E.02564
G1 X155.056 Y116.669 E.25754
G1 X158.035 Y114.05 E.1289
G1 X155.962 Y111.692 E.10204
G1 X156.511 Y111.143 E.02521
G1 X156.881 Y110.818 E.01601
G1 X164.745 Y118.682 E.36142
SET_VELOCITY_LIMIT ACCEL=8000 ACCEL_TO_DECEL=4000
G1 X124.84 Y152.734 F24000
SET_VELOCITY_LIMIT ACCEL=6000 ACCEL_TO_DECEL=3000
G1 F5159
G1 X123.46 Y151.87 E.05291
G1 X164.583 Y110.746 E1.88982
G1 E-.8 F2400
;WIPE_START
G1 F6141.304
G1 X163.169 Y112.16
;WIPE_END
SET_VELOCITY_LIMIT ACCEL=8000 ACCEL_TO_DECEL=4000
G1 X156.775 Y116.328 Z6.2 F24000
G1 X112.642 Y145.091 Z6.2
G1 Z5.8
G1 E.8 F2400
SET_VELOCITY_LIMIT ACCEL=6000 ACCEL_TO_DECEL=3000
G1 F5159
G1 X114.022 Y145.956 E.05291
G1 X128.609 Y131.368 E.67036
G1 X124.178 Y128.124 E.17847
G1 X109.303 Y142.999 E.68356
G1 X104.584 Y140.042 E.18096
G1 X119.746 Y124.88 E.69676
G1 X115.314 Y121.636 E.17847
G1 X99.865 Y137.085 E.70996
G1 X96.777 Y135.15 E.11842
G1 X91.562 Y129.935 E.23963
G1 X91.565 Y130.033 E.00318
G1 X106.451 Y115.147 E.68408
G1 X110.286 Y117.955 E.15445
G1 X136.152 Y143.821 E1.18866
G1 X140.237 Y140.229 E.17674
G1 X135.915 Y135.908 E.19861
G1 X135.413 Y136.349 E.02172
G1 X133.041 Y134.613 E.09552
G1 X118.741 Y148.913 E.65716
G1 X117.335 Y148.032 E.0539
G1 X91.381 Y122.078 E1.1927
G1 X91.392 Y122.53 E.01469
G1 X102.019 Y111.903 E.48837
G1 X97.587 Y108.659 E.17847
G1 X91.219 Y115.027 E.29266
G1 X91.2 Y114.221 E.0262
G1 X127.982 Y151.003 E1.6903
G1 X132.067 Y147.412 E.17674
G1 X91.317 Y106.662 E1.87263
G1 X91.922 Y106.648 E.01964
G1 X91.046 Y107.524 E.04025
G1 X91.083 Y109.152 E.05291
SET_VELOCITY_LIMIT ACCEL=8000 ACCEL_TO_DECEL=4000
G1 X92.952 Y134.731 F24000
SET_VELOCITY_LIMIT ACCEL=6000 ACCEL_TO_DECEL=3000
G1 F5159
G1 X94.58 Y134.694 E.05291
G1 X110.882 Y118.391 E.74917
;TIME_ELAPSED:651.379639

;LAYER_CHANGE
;:6
;HEIGHT:0.2
;BEFORE_LAYER_CHANGE
;6
G92 E0

G1 E-.8 F2400
;WIPE_START
G1 F6141.304
G1 X109.468 Y119.806
;WIPE_END
EXCLUDE_OBJECT_END NAME=arm.stl_id_0_copy_0
;_SET_FAN_SPEED_CHANGING_LAYER
; OBJECT_ID: 15
EXCLUDE_OBJECT_START NAME=arm.stl_id_0_copy_0
SET_VELOCITY_LIMIT ACCEL=8000 ACCEL_TO_DECEL=4000
G1 X117.033 Y118.791 Z6.2 F24000
G1 X157.026 Y113.43 Z6.2
G1 Z6
G1 E.8 F2400
SET_VELOCITY_LIMIT ACCEL=4000 ACCEL_TO_DECEL=2000 SQUARE_CORNER_VELOCITY=6
;TYPE:Inner wall
G1 F5068
G1 X155.438 Y111.623 E.07818
G1 X161.292 Y106.475 E.25332
G1 X169.081 Y115.334 E.3833
G1 X125.56 Y153.597 E1.88305
G1 X95.901 Y135.012 E1.13734
G1 X91.334 Y135.117 E.14845
G1 X90.67 Y106.329 E.93572
G1 X94.862 Y106.232 E.13626
G1 X135.393 Y135.903 E1.63223
G1 X142.967 Y129.244 E.32773
G1 X141.772 Y127.884 E.05882
M73 P28 R28
G1 X157.544 Y114.018 E.68239
G1 X157.066 Y113.475 E.02353
G1 E-.8 F2400
;WIPE_START
G1 F6141.304
G1 X155.745 Y111.973
;WIPE_END
SET_VELOCITY_LIMIT ACCEL=8000 ACCEL_TO_DECEL=4000 SQUARE_CORNER_VELOCITY=8
G1 X149.864 Y116.838 Z6.4 F24000
G1 X143.695 Y121.941 Z6.4
G1 Z6
G1 E.8 F2400
SET_VELOCITY_LIMIT ACCEL=4000 ACCEL_TO_DECEL=2000 SQUARE_CORNER_VELOCITY=6
G1 F5068
G1 X143.418 Y122.184 E.01198
G1 X142.431 Y121.061 E.04861
G1 X142.919 Y120.632 E.02111
G1 X145.037 Y120.761 E.06897
G1 X143.74 Y121.901 E.05612
G1 E-.8 F2400
;WIPE_START
G1 F6141.304
G1 X143.418 Y122.184
G1 X142.431 Y121.061
G1 X142.488 Y121.011
;WIPE_END
SET_VELOCITY_LIMIT ACCEL=8000 ACCEL_TO_DECEL=4000 SQUARE_CORNER_VELOCITY=8
G1 X149.356 Y117.682 Z6.4 F24000
G1 X156.991 Y113.983 Z6.4
G1 Z6
G1 E.8 F2400
SET_VELOCITY_LIMIT ACCEL=4000 ACCEL_TO_DECEL=2000 SQUARE_CORNER_VELOCITY=6
;TYPE:Outer wall
;WIDTH:0.42
G1 F5068
G1 X155.399 Y112.173 E.07254
G1 X143.383 Y122.737 E.4816
G1 X141.877 Y121.025 E.06863
G1 X142.781 Y120.23 E.03622
G1 X144.906 Y120.36 E.06407
G1 X161.328 Y105.922 E.65818
G1 X169.634 Y115.37 E.37866
G1 X125.599 Y154.084 E1.76488
G1 X95.792 Y135.406 E1.05877
G1 X90.951 Y135.518 E.14577
G1 X90.269 Y105.946 E.89036
G1 X94.986 Y105.837 E.14203
G1 X135.37 Y135.4 E1.50647
G1 X142.414 Y129.208 E.2823
M73 P28 R27
G1 X141.219 Y127.849 E.05448
G1 X156.945 Y114.023 E.6303
G1 E-.8 F2400
;WIPE_START
G1 F6629.9
G1 X155.663 Y112.488
;WIPE_END
SET_VELOCITY_LIMIT ACCEL=8000 ACCEL_TO_DECEL=4000 SQUARE_CORNER_VELOCITY=8
G1 X155.289 Y111.751 Z6.4 F24000
G1 Z6
G1 E.8 F2400
SET_VELOCITY_LIMIT ACCEL=6000 ACCEL_TO_DECEL=3000
;TYPE:Gap infill
;WIDTH:0.430844
G1 F5068
G1 X145.249 Y120.577 E.41395
SET_VELOCITY_LIMIT ACCEL=8000 ACCEL_TO_DECEL=4000
G1 X143.018 Y121.098 F24000
SET_VELOCITY_LIMIT ACCEL=6000 ACCEL_TO_DECEL=3000
;TYPE:Internal solid infill
;WIDTH:0.468625
G1 F5068
G1 X143.456 Y121.596 E.02253
G1 X144.004 Y121.115 E.02478
G1 X143.063 Y121.059 E.03201
G1 E-.8 F2400
;WIPE_START
G1 F5872.611
G1 X144.004 Y121.115
G1 X143.456 Y121.596
G1 X143.239 Y121.349
;WIPE_END
SET_VELOCITY_LIMIT ACCEL=8000 ACCEL_TO_DECEL=4000
G1 X150.169 Y124.548 Z6.4 F24000
G1 X155.353 Y126.94 Z6.4
G1 Z6
G1 E.8 F2400
SET_VELOCITY_LIMIT ACCEL=6000 ACCEL_TO_DECEL=3000
;TYPE:Sparse infill
;WIDTH:0.45
G1 F5068
G1 X156.576 Y125.865 E.05291
G1 X150.971 Y120.26 E.25754
G1 X146.887 Y123.852 E.17674
G1 X152.491 Y129.456 E.25754
G1 X148.406 Y133.047 E.17674
G1 X142.802 Y127.443 E.25754
G1 X142.264 Y127.916 E.02328
G1 X143.459 Y129.275 E.05882
G1 X140 Y132.317 E.14968
G1 X144.321 Y136.638 E.19861
G1 X143.098 Y137.713 E.05291
SET_VELOCITY_LIMIT ACCEL=8000 ACCEL_TO_DECEL=4000
G1 X164.745 Y118.682 F24000
SET_VELOCITY_LIMIT ACCEL=6000 ACCEL_TO_DECEL=3000
G1 F5068
G1 X156.881 Y110.818 E.36142
G1 X156.511 Y111.143 E.01601
G1 X155.962 Y111.692 E.02521
G1 X158.035 Y114.05 E.10204
G1 X155.056 Y116.669 E.1289
G1 X160.66 Y122.274 E.25754
G1 X161.253 Y121.753 E.02564
G1 X168.175 Y114.831 E.31808
G1 X165.3 Y111.562 E.14146
G1 X160.965 Y107.227 E.19921
G1 X159.742 Y108.302 E.05291
SET_VELOCITY_LIMIT ACCEL=8000 ACCEL_TO_DECEL=4000
G1 X164.583 Y110.746 F24000
SET_VELOCITY_LIMIT ACCEL=6000 ACCEL_TO_DECEL=3000
G1 F5068
G1 X123.46 Y151.87 E1.88982
G1 X124.84 Y152.734 E.05291
SET_VELOCITY_LIMIT ACCEL=8000 ACCEL_TO_DECEL=4000
G1 X110.882 Y118.391 F24000
SET_VELOCITY_LIMIT ACCEL=6000 ACCEL_TO_DECEL=3000
G1 F5068
G1 X94.58 Y134.694 E.74917
G1 X92.952 Y134.731 E.05291
SET_VELOCITY_LIMIT ACCEL=8000 ACCEL_TO_DECEL=4000
G1 X91.083 Y109.152 F24000
SET_VELOCITY_LIMIT ACCEL=6000 ACCEL_TO_DECEL=3000
G1 F5068
G1 X91.046 Y107.524 E.05291
G1 X91.922 Y106.648 E.04025
G1 X91.317 Y106.662 E.01964
G1 X132.067 Y147.412 E1.87263
G1 X127.982 Y151.003 E.17674
G1 X91.2 Y114.221 E1.6903
G1 X91.219 Y115.027 E.0262
G1 X97.587 Y108.659 E.29266
G1 X102.019 Y111.903 E.17847
G1 X91.392 Y122.53 E.48837
G1 X91.381 Y122.078 E.01469
G1 X117.335 Y148.032 E1.1927
G1 X118.741 Y148.913 E.0539
G1 X133.041 Y134.613 E.65716
G1 X135.413 Y136.349 E.09552
G1 X135.915 Y135.908 E.02172
G1 X140.237 Y140.229 E.19861
G1 X136.152 Y143.821 E.17674
G1 X110.286 Y117.955 E1.18866
G1 X106.451 Y115.147 E.15445
G1 X91.565 Y130.033 E.68408
G1 X91.562 Y129.935 E.00318
G1 X96.777 Y135.15 E.23963
G1 X99.865 Y137.085 E.11842
G1 X115.314 Y121.636 E.70996
G1 X119.746 Y124.88 E.17847
G1 X104.584 Y140.042 E.69676
G1 X109.303 Y142.999 E.18096
G1 X124.178 Y128.124 E.68356
G1 X128.609 Y131.368 E.17847
G1 X114.022 Y145.956 E.67036
G1 X112.642 Y145.091 E.05291
;TIME_ELAPSED:668.235840

;LAYER_CHANGE
;:6.2
;HEIGHT:0.2
;BEFORE_LAYER_CHANGE
;6.2
G92 E0

G1 E-.8 F2400
;WIPE_START
G1 F6141.304
G1 X114.022 Y145.956
G1 X114.285 Y145.693
;WIPE_END
EXCLUDE_OBJECT_END NAME=arm.stl_id_0_copy_0
;_SET_FAN_SPEED_CHANGING_LAYER
; OBJECT_ID: 15
EXCLUDE_OBJECT_START NAME=arm.stl_id_0_copy_0
SET_VELOCITY_LIMIT ACCEL=8000 ACCEL_TO_DECEL=4000
G1 X120.376 Y141.095 Z6.4 F24000
G1 X157.026 Y113.43 Z6.4
G1 Z6.2
G1 E.8 F2400
SET_VELOCITY_LIMIT ACCEL=4000 ACCEL_TO_DECEL=2000 SQUARE_CORNER_VELOCITY=6
;TYPE:Inner wall
G1 F5159
G1 X155.438 Y111.623 E.07818
G1 X161.292 Y106.475 E.25332
G1 X169.081 Y115.334 E.3833
G1 X125.56 Y153.597 E1.88305
G1 X95.901 Y135.012 E1.13734
G1 X91.334 Y135.117 E.14845
G1 X90.67 Y106.329 E.93572
G1 X94.862 Y106.232 E.13626
G1 X135.393 Y135.903 E1.63223
G1 X142.967 Y129.244 E.32773
G1 X141.772 Y127.884 E.05882
G1 X157.544 Y114.018 E.68239
G1 X157.066 Y113.475 E.02353
G1 E-.8 F2400
;WIPE_START
G1 F6141.304
G1 X155.745 Y111.973
;WIPE_END
SET_VELOCITY_LIMIT ACCEL=8000 ACCEL_TO_DECEL=4000 SQUARE_CORNER_VELOCITY=8
G1 X149.864 Y116.838 Z6.6 F24000
G1 X143.695 Y121.941 Z6.6
G1 Z6.2
G1 E.8 F2400
SET_VELOCITY_LIMIT ACCEL=4000 ACCEL_TO_DECEL=2000 SQUARE_CORNER_VELOCITY=6
G1 F5159
G1 X143.418 Y122.184 E.01198
G1 X142.431 Y121.061 E.04861
G1 X142.919 Y120.632 E.02111
G1 X145.037 Y120.761 E.06897
G1 X143.74 Y121.901 E.05612
G1 E-.8 F2400
;WIPE_START
G1 F6141.304
G1 X143.418 Y122.184
G1 X142.431 Y121.061
G1 X142.488 Y121.011
;WIPE_END
SET_VELOCITY_LIMIT ACCEL=8000 ACCEL_TO_DECEL=4000 SQUARE_CORNER_VELOCITY=8
G1 X149.356 Y117.682 Z6.6 F24000
G1 X156.991 Y113.983 Z6.6
G1 Z6.2
G1 E.8 F2400
SET_VELOCITY_LIMIT ACCEL=4000 ACCEL_TO_DECEL=2000 SQUARE_CORNER_VELOCITY=6
;TYPE:Outer wall
;WIDTH:0.42
G1 F5159
G1 X155.399 Y112.173 E.07254
G1 X143.383 Y122.737 E.4816
G1 X141.877 Y121.025 E.06863
G1 X142.781 Y120.23 E.03622
G1 X144.906 Y120.36 E.06407
G1 X161.328 Y105.922 E.65818
G1 X169.634 Y115.37 E.37866
G1 X125.599 Y154.084 E1.76488
G1 X95.792 Y135.406 E1.05877
G1 X90.951 Y135.518 E.14577
G1 X90.269 Y105.946 E.89036
G1 X94.986 Y105.837 E.14203
G1 X135.37 Y135.4 E1.50647
G1 X142.414 Y129.208 E.2823
G1 X141.219 Y127.849 E.05448
G1 X156.945 Y114.023 E.6303
G1 E-.8 F2400
;WIPE_START
G1 F6629.9
G1 X155.663 Y112.488
;WIPE_END
SET_VELOCITY_LIMIT ACCEL=8000 ACCEL_TO_DECEL=4000 SQUARE_CORNER_VELOCITY=8
G1 X155.289 Y111.751 Z6.6 F24000
G1 Z6.2
G1 E.8 F2400
SET_VELOCITY_LIMIT ACCEL=6000 ACCEL_TO_DECEL=3000
;TYPE:Gap infill
;WIDTH:0.430844
G1 F5159
G1 X145.249 Y120.577 E.41395
SET_VELOCITY_LIMIT ACCEL=8000 ACCEL_TO_DECEL=4000
G1 X143.018 Y121.098 F24000
SET_VELOCITY_LIMIT ACCEL=6000 ACCEL_TO_DECEL=3000
;TYPE:Internal solid infill
;WIDTH:0.468625
G1 F5159
G1 X143.456 Y121.596 E.02253
G1 X144.004 Y121.115 E.02478
G1 X143.063 Y121.059 E.03201
G1 E-.8 F2400
;WIPE_START
G1 F5872.611
G1 X144.004 Y121.115
G1 X143.456 Y121.596
G1 X143.239 Y121.349
;WIPE_END
SET_VELOCITY_LIMIT ACCEL=8000 ACCEL_TO_DECEL=4000
G1 X143.173 Y128.982 Z6.6 F24000
G1 X143.098 Y137.713 Z6.6
G1 Z6.2
G1 E.8 F2400
SET_VELOCITY_LIMIT ACCEL=6000 ACCEL_TO_DECEL=3000
;TYPE:Sparse infill
;WIDTH:0.45
G1 F5159
G1 X144.321 Y136.638 E.05291
G1 X140 Y132.317 E.19861
G1 X143.459 Y129.275 E.14968
G1 X142.264 Y127.916 E.05882
G1 X142.802 Y127.443 E.02328
G1 X148.406 Y133.047 E.25754
G1 X152.491 Y129.456 E.17674
G1 X146.887 Y123.852 E.25754
G1 X150.971 Y120.26 E.17674
G1 X156.576 Y125.865 E.25754
G1 X155.353 Y126.94 E.05291
SET_VELOCITY_LIMIT ACCEL=8000 ACCEL_TO_DECEL=4000
M73 P29 R27
G1 X159.742 Y108.302 F24000
SET_VELOCITY_LIMIT ACCEL=6000 ACCEL_TO_DECEL=3000
G1 F5159
G1 X160.965 Y107.227 E.05291
G1 X165.3 Y111.562 E.19921
G1 X168.175 Y114.831 E.14146
G1 X161.253 Y121.753 E.31808
G1 X160.66 Y122.274 E.02564
G1 X155.056 Y116.669 E.25754
G1 X158.035 Y114.05 E.1289
G1 X155.962 Y111.692 E.10204
G1 X156.511 Y111.143 E.02521
G1 X156.881 Y110.818 E.01601
G1 X164.745 Y118.682 E.36142
SET_VELOCITY_LIMIT ACCEL=8000 ACCEL_TO_DECEL=4000
G1 X124.84 Y152.734 F24000
SET_VELOCITY_LIMIT ACCEL=6000 ACCEL_TO_DECEL=3000
G1 F5159
G1 X123.46 Y151.87 E.05291
G1 X164.583 Y110.746 E1.88982
G1 E-.8 F2400
;WIPE_START
G1 F6141.304
G1 X163.169 Y112.16
;WIPE_END
SET_VELOCITY_LIMIT ACCEL=8000 ACCEL_TO_DECEL=4000
G1 X156.775 Y116.328 Z6.6 F24000
G1 X112.642 Y145.091 Z6.6
G1 Z6.2
G1 E.8 F2400
SET_VELOCITY_LIMIT ACCEL=6000 ACCEL_TO_DECEL=3000
G1 F5159
G1 X114.022 Y145.956 E.05291
G1 X128.609 Y131.368 E.67036
G1 X124.178 Y128.124 E.17847
G1 X109.303 Y142.999 E.68356
G1 X104.584 Y140.042 E.18096
G1 X119.746 Y124.88 E.69676
G1 X115.314 Y121.636 E.17847
G1 X99.865 Y137.085 E.70996
G1 X96.777 Y135.15 E.11842
G1 X91.562 Y129.935 E.23963
G1 X91.565 Y130.033 E.00318
G1 X106.451 Y115.147 E.68408
G1 X110.286 Y117.955 E.15445
G1 X136.152 Y143.821 E1.18866
G1 X140.237 Y140.229 E.17674
G1 X135.915 Y135.908 E.19861
G1 X135.413 Y136.349 E.02172
G1 X133.041 Y134.613 E.09552
G1 X118.741 Y148.913 E.65716
G1 X117.335 Y148.032 E.0539
G1 X91.381 Y122.078 E1.1927
G1 X91.392 Y122.53 E.01469
G1 X102.019 Y111.903 E.48837
G1 X97.587 Y108.659 E.17847
G1 X91.219 Y115.027 E.29266
G1 X91.2 Y114.221 E.0262
G1 X127.982 Y151.003 E1.6903
G1 X132.067 Y147.412 E.17674
G1 X91.317 Y106.662 E1.87263
G1 X91.922 Y106.648 E.01964
G1 X91.046 Y107.524 E.04025
G1 X91.083 Y109.152 E.05291
SET_VELOCITY_LIMIT ACCEL=8000 ACCEL_TO_DECEL=4000
G1 X92.952 Y134.731 F24000
SET_VELOCITY_LIMIT ACCEL=6000 ACCEL_TO_DECEL=3000
G1 F5159
G1 X94.58 Y134.694 E.05291
G1 X110.882 Y118.391 E.74917
;TIME_ELAPSED:685.430359

;LAYER_CHANGE
;:6.4
;HEIGHT:0.2
;BEFORE_LAYER_CHANGE
;6.4
G92 E0

G1 E-.8 F2400
;WIPE_START
G1 F6141.304
G1 X109.468 Y119.806
;WIPE_END
EXCLUDE_OBJECT_END NAME=arm.stl_id_0_copy_0
;_SET_FAN_SPEED_CHANGING_LAYER
; OBJECT_ID: 15
EXCLUDE_OBJECT_START NAME=arm.stl_id_0_copy_0
SET_VELOCITY_LIMIT ACCEL=8000 ACCEL_TO_DECEL=4000
G1 X117.033 Y118.791 Z6.6 F24000
G1 X157.026 Y113.43 Z6.6
G1 Z6.4
G1 E.8 F2400
SET_VELOCITY_LIMIT ACCEL=4000 ACCEL_TO_DECEL=2000 SQUARE_CORNER_VELOCITY=6
;TYPE:Inner wall
G1 F5068
G1 X155.438 Y111.623 E.07818
G1 X161.292 Y106.475 E.25332
G1 X169.081 Y115.334 E.3833
G1 X125.56 Y153.597 E1.88305
G1 X95.901 Y135.012 E1.13734
G1 X91.334 Y135.117 E.14845
G1 X90.67 Y106.329 E.93572
G1 X94.862 Y106.232 E.13626
G1 X135.393 Y135.903 E1.63223
G1 X142.967 Y129.244 E.32773
G1 X141.772 Y127.884 E.05882
G1 X157.544 Y114.018 E.68239
G1 X157.066 Y113.475 E.02353
G1 E-.8 F2400
;WIPE_START
G1 F6141.304
G1 X155.745 Y111.973
;WIPE_END
SET_VELOCITY_LIMIT ACCEL=8000 ACCEL_TO_DECEL=4000 SQUARE_CORNER_VELOCITY=8
G1 X149.864 Y116.838 Z6.8 F24000
G1 X143.695 Y121.941 Z6.8
G1 Z6.4
G1 E.8 F2400
SET_VELOCITY_LIMIT ACCEL=4000 ACCEL_TO_DECEL=2000 SQUARE_CORNER_VELOCITY=6
G1 F5068
G1 X143.418 Y122.184 E.01198
G1 X142.431 Y121.061 E.04861
G1 X142.919 Y120.632 E.02111
G1 X145.037 Y120.761 E.06897
G1 X143.74 Y121.901 E.05612
G1 E-.8 F2400
;WIPE_START
G1 F6141.304
G1 X143.418 Y122.184
G1 X142.431 Y121.061
G1 X142.488 Y121.011
;WIPE_END
SET_VELOCITY_LIMIT ACCEL=8000 ACCEL_TO_DECEL=4000 SQUARE_CORNER_VELOCITY=8
G1 X149.356 Y117.682 Z6.8 F24000
G1 X156.991 Y113.983 Z6.8
G1 Z6.4
G1 E.8 F2400
SET_VELOCITY_LIMIT ACCEL=4000 ACCEL_TO_DECEL=2000 SQUARE_CORNER_VELOCITY=6
;TYPE:Outer wall
;WIDTH:0.42
G1 F5068
G1 X155.399 Y112.173 E.07254
G1 X143.383 Y122.737 E.4816
G1 X141.877 Y121.025 E.06863
G1 X142.781 Y120.23 E.03622
G1 X144.906 Y120.36 E.06407
G1 X161.328 Y105.922 E.65818
G1 X169.634 Y115.37 E.37866
G1 X125.599 Y154.084 E1.76488
G1 X95.792 Y135.406 E1.05877
G1 X90.951 Y135.518 E.14577
G1 X90.269 Y105.946 E.89036
G1 X94.986 Y105.837 E.14203
G1 X135.37 Y135.4 E1.50647
G1 X142.414 Y129.208 E.2823
G1 X141.219 Y127.849 E.05448
G1 X156.945 Y114.023 E.6303
G1 E-.8 F2400
;WIPE_START
G1 F6629.9
G1 X155.663 Y112.488
;WIPE_END
SET_VELOCITY_LIMIT ACCEL=8000 ACCEL_TO_DECEL=4000 SQUARE_CORNER_VELOCITY=8
G1 X155.289 Y111.751 Z6.8 F24000
G1 Z6.4
G1 E.8 F2400
SET_VELOCITY_LIMIT ACCEL=6000 ACCEL_TO_DECEL=3000
;TYPE:Gap infill
;WIDTH:0.430844
G1 F5068
G1 X145.249 Y120.577 E.41395
SET_VELOCITY_LIMIT ACCEL=8000 ACCEL_TO_DECEL=4000
G1 X143.018 Y121.098 F24000
SET_VELOCITY_LIMIT ACCEL=6000 ACCEL_TO_DECEL=3000
;TYPE:Internal solid infill
;WIDTH:0.468625
G1 F5068
G1 X143.456 Y121.596 E.02253
G1 X144.004 Y121.115 E.02478
G1 X143.063 Y121.059 E.03201
G1 E-.8 F2400
;WIPE_START
G1 F5872.611
G1 X144.004 Y121.115
G1 X143.456 Y121.596
G1 X143.239 Y121.349
;WIPE_END
SET_VELOCITY_LIMIT ACCEL=8000 ACCEL_TO_DECEL=4000
G1 X150.169 Y124.548 Z6.8 F24000
G1 X155.353 Y126.94 Z6.8
G1 Z6.4
G1 E.8 F2400
SET_VELOCITY_LIMIT ACCEL=6000 ACCEL_TO_DECEL=3000
;TYPE:Sparse infill
;WIDTH:0.45
G1 F5068
G1 X156.576 Y125.865 E.05291
G1 X150.971 Y120.26 E.25754
G1 X146.887 Y123.852 E.17674
G1 X152.491 Y129.456 E.25754
G1 X148.406 Y133.047 E.17674
G1 X142.802 Y127.443 E.25754
G1 X142.264 Y127.916 E.02328
G1 X143.459 Y129.275 E.05882
G1 X140 Y132.317 E.14968
G1 X144.321 Y136.638 E.19861
G1 X143.098 Y137.713 E.05291
SET_VELOCITY_LIMIT ACCEL=8000 ACCEL_TO_DECEL=4000
G1 X164.745 Y118.682 F24000
SET_VELOCITY_LIMIT ACCEL=6000 ACCEL_TO_DECEL=3000
G1 F5068
G1 X156.881 Y110.818 E.36142
G1 X156.511 Y111.143 E.01601
G1 X155.962 Y111.692 E.02521
G1 X158.035 Y114.05 E.10204
G1 X155.056 Y116.669 E.1289
G1 X160.66 Y122.274 E.25754
G1 X161.253 Y121.753 E.02564
G1 X168.175 Y114.831 E.31808
G1 X165.3 Y111.562 E.14146
G1 X160.965 Y107.227 E.19921
G1 X159.742 Y108.302 E.05291
SET_VELOCITY_LIMIT ACCEL=8000 ACCEL_TO_DECEL=4000
G1 X164.583 Y110.746 F24000
SET_VELOCITY_LIMIT ACCEL=6000 ACCEL_TO_DECEL=3000
G1 F5068
G1 X123.46 Y151.87 E1.88982
G1 X124.84 Y152.734 E.05291
SET_VELOCITY_LIMIT ACCEL=8000 ACCEL_TO_DECEL=4000
G1 X110.882 Y118.391 F24000
SET_VELOCITY_LIMIT ACCEL=6000 ACCEL_TO_DECEL=3000
G1 F5068
G1 X94.58 Y134.694 E.74917
G1 X92.952 Y134.731 E.05291
SET_VELOCITY_LIMIT ACCEL=8000 ACCEL_TO_DECEL=4000
G1 X91.083 Y109.152 F24000
SET_VELOCITY_LIMIT ACCEL=6000 ACCEL_TO_DECEL=3000
G1 F5068
G1 X91.046 Y107.524 E.05291
G1 X91.922 Y106.648 E.04025
G1 X91.317 Y106.662 E.01964
G1 X132.067 Y147.412 E1.87263
G1 X127.982 Y151.003 E.17674
G1 X91.2 Y114.221 E1.6903
G1 X91.219 Y115.027 E.0262
G1 X97.587 Y108.659 E.29266
G1 X102.019 Y111.903 E.17847
G1 X91.392 Y122.53 E.48837
G1 X91.381 Y122.078 E.01469
G1 X117.335 Y148.032 E1.1927
G1 X118.741 Y148.913 E.0539
G1 X133.041 Y134.613 E.65716
G1 X135.413 Y136.349 E.09552
G1 X135.915 Y135.908 E.02172
G1 X140.237 Y140.229 E.19861
G1 X136.152 Y143.821 E.17674
G1 X110.286 Y117.955 E1.18866
G1 X106.451 Y115.147 E.15445
G1 X91.565 Y130.033 E.68408
G1 X91.562 Y129.935 E.00318
G1 X96.777 Y135.15 E.23963
G1 X99.865 Y137.085 E.11842
G1 X115.314 Y121.636 E.70996
G1 X119.746 Y124.88 E.17847
G1 X104.584 Y140.042 E.69676
M73 P30 R27
G1 X109.303 Y142.999 E.18096
G1 X124.178 Y128.124 E.68356
G1 X128.609 Y131.368 E.17847
G1 X114.022 Y145.956 E.67036
G1 X112.642 Y145.091 E.05291
;TIME_ELAPSED:702.286560

;LAYER_CHANGE
;:6.6
;HEIGHT:0.2
;BEFORE_LAYER_CHANGE
;6.6
G92 E0

G1 E-.8 F2400
;WIPE_START
G1 F6141.304
G1 X114.022 Y145.956
G1 X114.285 Y145.693
;WIPE_END
EXCLUDE_OBJECT_END NAME=arm.stl_id_0_copy_0
;_SET_FAN_SPEED_CHANGING_LAYER
; OBJECT_ID: 15
EXCLUDE_OBJECT_START NAME=arm.stl_id_0_copy_0
SET_VELOCITY_LIMIT ACCEL=8000 ACCEL_TO_DECEL=4000
G1 X120.376 Y141.095 Z6.8 F24000
G1 X157.026 Y113.43 Z6.8
G1 Z6.6
G1 E.8 F2400
SET_VELOCITY_LIMIT ACCEL=4000 ACCEL_TO_DECEL=2000 SQUARE_CORNER_VELOCITY=6
;TYPE:Inner wall
G1 F5159
G1 X155.438 Y111.623 E.07818
G1 X161.292 Y106.475 E.25332
G1 X169.081 Y115.334 E.3833
G1 X125.56 Y153.597 E1.88305
G1 X95.901 Y135.012 E1.13734
G1 X91.334 Y135.117 E.14845
G1 X90.67 Y106.329 E.93572
G1 X94.862 Y106.232 E.13626
G1 X135.393 Y135.903 E1.63223
G1 X142.967 Y129.244 E.32773
G1 X141.772 Y127.884 E.05882
G1 X157.544 Y114.018 E.68239
G1 X157.066 Y113.475 E.02353
G1 E-.8 F2400
;WIPE_START
G1 F6141.304
G1 X155.745 Y111.973
;WIPE_END
SET_VELOCITY_LIMIT ACCEL=8000 ACCEL_TO_DECEL=4000 SQUARE_CORNER_VELOCITY=8
G1 X149.864 Y116.838 Z7 F24000
G1 X143.695 Y121.941 Z7
G1 Z6.6
G1 E.8 F2400
SET_VELOCITY_LIMIT ACCEL=4000 ACCEL_TO_DECEL=2000 SQUARE_CORNER_VELOCITY=6
G1 F5159
G1 X143.418 Y122.184 E.01198
G1 X142.431 Y121.061 E.04861
G1 X142.919 Y120.632 E.02111
G1 X145.037 Y120.761 E.06897
G1 X143.74 Y121.901 E.05612
G1 E-.8 F2400
;WIPE_START
G1 F6141.304
G1 X143.418 Y122.184
G1 X142.431 Y121.061
G1 X142.488 Y121.011
;WIPE_END
SET_VELOCITY_LIMIT ACCEL=8000 ACCEL_TO_DECEL=4000 SQUARE_CORNER_VELOCITY=8
G1 X149.356 Y117.682 Z7 F24000
G1 X156.991 Y113.983 Z7
G1 Z6.6
G1 E.8 F2400
SET_VELOCITY_LIMIT ACCEL=4000 ACCEL_TO_DECEL=2000 SQUARE_CORNER_VELOCITY=6
;TYPE:Outer wall
;WIDTH:0.42
G1 F5159
G1 X155.399 Y112.173 E.07254
G1 X143.383 Y122.737 E.4816
G1 X141.877 Y121.025 E.06863
G1 X142.781 Y120.23 E.03622
G1 X144.906 Y120.36 E.06407
G1 X161.328 Y105.922 E.65818
G1 X169.634 Y115.37 E.37866
G1 X125.599 Y154.084 E1.76488
G1 X95.792 Y135.406 E1.05877
G1 X90.951 Y135.518 E.14577
G1 X90.269 Y105.946 E.89036
G1 X94.986 Y105.837 E.14203
G1 X135.37 Y135.4 E1.50647
G1 X142.414 Y129.208 E.2823
G1 X141.219 Y127.849 E.05448
G1 X156.945 Y114.023 E.6303
G1 E-.8 F2400
;WIPE_START
G1 F6629.9
G1 X155.663 Y112.488
;WIPE_END
SET_VELOCITY_LIMIT ACCEL=8000 ACCEL_TO_DECEL=4000 SQUARE_CORNER_VELOCITY=8
G1 X155.289 Y111.751 Z7 F24000
G1 Z6.6
G1 E.8 F2400
SET_VELOCITY_LIMIT ACCEL=6000 ACCEL_TO_DECEL=3000
;TYPE:Gap infill
;WIDTH:0.430844
G1 F5159
G1 X145.249 Y120.577 E.41395
SET_VELOCITY_LIMIT ACCEL=8000 ACCEL_TO_DECEL=4000
G1 X143.018 Y121.098 F24000
SET_VELOCITY_LIMIT ACCEL=6000 ACCEL_TO_DECEL=3000
;TYPE:Internal solid infill
;WIDTH:0.468625
G1 F5159
G1 X143.456 Y121.596 E.02253
G1 X144.004 Y121.115 E.02478
G1 X143.063 Y121.059 E.03201
G1 E-.8 F2400
;WIPE_START
G1 F5872.611
G1 X144.004 Y121.115
G1 X143.456 Y121.596
G1 X143.239 Y121.349
;WIPE_END
SET_VELOCITY_LIMIT ACCEL=8000 ACCEL_TO_DECEL=4000
G1 X143.173 Y128.982 Z7 F24000
G1 X143.098 Y137.713 Z7
G1 Z6.6
G1 E.8 F2400
SET_VELOCITY_LIMIT ACCEL=6000 ACCEL_TO_DECEL=3000
;TYPE:Sparse infill
;WIDTH:0.45
G1 F5159
G1 X144.321 Y136.638 E.05291
G1 X140 Y132.317 E.19861
G1 X143.459 Y129.275 E.14968
G1 X142.264 Y127.916 E.05882
G1 X142.802 Y127.443 E.02328
G1 X148.406 Y133.047 E.25754
G1 X152.491 Y129.456 E.17674
G1 X146.887 Y123.852 E.25754
G1 X150.971 Y120.26 E.17674
G1 X156.576 Y125.865 E.25754
G1 X155.353 Y126.94 E.05291
SET_VELOCITY_LIMIT ACCEL=8000 ACCEL_TO_DECEL=4000
G1 X159.742 Y108.302 F24000
SET_VELOCITY_LIMIT ACCEL=6000 ACCEL_TO_DECEL=3000
G1 F5159
G1 X160.965 Y107.227 E.05291
G1 X165.3 Y111.562 E.19921
G1 X168.175 Y114.831 E.14146
G1 X161.253 Y121.753 E.31808
G1 X160.66 Y122.274 E.02564
G1 X155.056 Y116.669 E.25754
G1 X158.035 Y114.05 E.1289
G1 X155.962 Y111.692 E.10204
G1 X156.511 Y111.143 E.02521
G1 X156.881 Y110.818 E.01601
G1 X164.745 Y118.682 E.36142
SET_VELOCITY_LIMIT ACCEL=8000 ACCEL_TO_DECEL=4000
G1 X124.84 Y152.734 F24000
SET_VELOCITY_LIMIT ACCEL=6000 ACCEL_TO_DECEL=3000
G1 F5159
G1 X123.46 Y151.87 E.05291
G1 X164.583 Y110.746 E1.88982
G1 E-.8 F2400
;WIPE_START
G1 F6141.304
G1 X163.169 Y112.16
;WIPE_END
SET_VELOCITY_LIMIT ACCEL=8000 ACCEL_TO_DECEL=4000
G1 X156.775 Y116.328 Z7 F24000
G1 X112.642 Y145.091 Z7
G1 Z6.6
G1 E.8 F2400
SET_VELOCITY_LIMIT ACCEL=6000 ACCEL_TO_DECEL=3000
G1 F5159
G1 X114.022 Y145.956 E.05291
G1 X128.609 Y131.368 E.67036
G1 X124.178 Y128.124 E.17847
G1 X109.303 Y142.999 E.68356
G1 X104.584 Y140.042 E.18096
G1 X119.746 Y124.88 E.69676
G1 X115.314 Y121.636 E.17847
G1 X99.865 Y137.085 E.70996
G1 X96.777 Y135.15 E.11842
G1 X91.562 Y129.935 E.23963
G1 X91.565 Y130.033 E.00318
G1 X106.451 Y115.147 E.68408
G1 X110.286 Y117.955 E.15445
G1 X136.152 Y143.821 E1.18866
G1 X140.237 Y140.229 E.17674
G1 X135.915 Y135.908 E.19861
G1 X135.413 Y136.349 E.02172
G1 X133.041 Y134.613 E.09552
G1 X118.741 Y148.913 E.65716
G1 X117.335 Y148.032 E.0539
G1 X91.381 Y122.078 E1.1927
G1 X91.392 Y122.53 E.01469
G1 X102.019 Y111.903 E.48837
G1 X97.587 Y108.659 E.17847
G1 X91.219 Y115.027 E.29266
G1 X91.2 Y114.221 E.0262
G1 X127.982 Y151.003 E1.6903
G1 X132.067 Y147.412 E.17674
G1 X91.317 Y106.662 E1.87263
M73 P30 R26
G1 X91.922 Y106.648 E.01964
G1 X91.046 Y107.524 E.04025
G1 X91.083 Y109.152 E.05291
SET_VELOCITY_LIMIT ACCEL=8000 ACCEL_TO_DECEL=4000
G1 X92.952 Y134.731 F24000
SET_VELOCITY_LIMIT ACCEL=6000 ACCEL_TO_DECEL=3000
G1 F5159
G1 X94.58 Y134.694 E.05291
G1 X110.882 Y118.391 E.74917
;TIME_ELAPSED:719.481079

;LAYER_CHANGE
;:6.8
;HEIGHT:0.2
;BEFORE_LAYER_CHANGE
;6.8
G92 E0

G1 E-.8 F2400
;WIPE_START
G1 F6141.304
G1 X109.468 Y119.806
;WIPE_END
EXCLUDE_OBJECT_END NAME=arm.stl_id_0_copy_0
;_SET_FAN_SPEED_CHANGING_LAYER
; OBJECT_ID: 15
EXCLUDE_OBJECT_START NAME=arm.stl_id_0_copy_0
SET_VELOCITY_LIMIT ACCEL=8000 ACCEL_TO_DECEL=4000
G1 X117.033 Y118.791 Z7 F24000
G1 X157.026 Y113.43 Z7
G1 Z6.8
G1 E.8 F2400
SET_VELOCITY_LIMIT ACCEL=4000 ACCEL_TO_DECEL=2000 SQUARE_CORNER_VELOCITY=6
;TYPE:Inner wall
G1 F5049
G1 X155.438 Y111.623 E.07818
G1 X161.292 Y106.475 E.25332
G1 X169.081 Y115.334 E.3833
G1 X125.56 Y153.597 E1.88305
G1 X95.901 Y135.012 E1.13734
G1 X91.334 Y135.117 E.14845
G1 X90.67 Y106.329 E.93572
G1 X94.862 Y106.232 E.13626
G1 X135.393 Y135.903 E1.63223
G1 X142.967 Y129.244 E.32773
G1 X141.772 Y127.884 E.05882
G1 X157.544 Y114.018 E.68239
G1 X157.066 Y113.475 E.02353
G1 E-.8 F2400
;WIPE_START
G1 F6141.304
G1 X155.745 Y111.973
;WIPE_END
SET_VELOCITY_LIMIT ACCEL=8000 ACCEL_TO_DECEL=4000 SQUARE_CORNER_VELOCITY=8
G1 X149.864 Y116.838 Z7.2 F24000
G1 X143.695 Y121.941 Z7.2
G1 Z6.8
G1 E.8 F2400
SET_VELOCITY_LIMIT ACCEL=4000 ACCEL_TO_DECEL=2000 SQUARE_CORNER_VELOCITY=6
G1 F5049
G1 X143.418 Y122.184 E.01198
G1 X142.431 Y121.061 E.04861
G1 X142.919 Y120.632 E.02111
G1 X145.037 Y120.761 E.06897
G1 X143.74 Y121.901 E.05612
G1 E-.8 F2400
;WIPE_START
G1 F6141.304
G1 X143.418 Y122.184
G1 X142.431 Y121.061
G1 X142.488 Y121.011
;WIPE_END
SET_VELOCITY_LIMIT ACCEL=8000 ACCEL_TO_DECEL=4000 SQUARE_CORNER_VELOCITY=8
G1 X149.356 Y117.682 Z7.2 F24000
G1 X156.991 Y113.983 Z7.2
G1 Z6.8
G1 E.8 F2400
SET_VELOCITY_LIMIT ACCEL=4000 ACCEL_TO_DECEL=2000 SQUARE_CORNER_VELOCITY=6
;TYPE:Outer wall
;WIDTH:0.42
G1 F5049
G1 X155.399 Y112.173 E.07254
G1 X143.383 Y122.737 E.4816
G1 X141.877 Y121.025 E.06863
G1 X142.781 Y120.23 E.03622
G1 X144.906 Y120.36 E.06407
G1 X161.328 Y105.922 E.65818
G1 X169.634 Y115.37 E.37866
G1 X125.599 Y154.084 E1.76488
M73 P31 R26
G1 X95.792 Y135.406 E1.05877
G1 X90.951 Y135.518 E.14577
G1 X90.269 Y105.946 E.89036
G1 X94.986 Y105.837 E.14203
G1 X135.37 Y135.4 E1.50647
G1 X142.414 Y129.208 E.2823
G1 X141.219 Y127.849 E.05448
G1 X156.945 Y114.023 E.6303
G1 E-.8 F2400
;WIPE_START
G1 F6629.9
G1 X155.663 Y112.488
;WIPE_END
SET_VELOCITY_LIMIT ACCEL=8000 ACCEL_TO_DECEL=4000 SQUARE_CORNER_VELOCITY=8
G1 X155.289 Y111.751 Z7.2 F24000
G1 Z6.8
G1 E.8 F2400
SET_VELOCITY_LIMIT ACCEL=6000 ACCEL_TO_DECEL=3000
;TYPE:Gap infill
;WIDTH:0.430844
G1 F5049
G1 X145.249 Y120.577 E.41395
SET_VELOCITY_LIMIT ACCEL=8000 ACCEL_TO_DECEL=4000
G1 X143.018 Y121.098 F24000
SET_VELOCITY_LIMIT ACCEL=6000 ACCEL_TO_DECEL=3000
;TYPE:Internal solid infill
;WIDTH:0.468625
G1 F5049
G1 X143.456 Y121.596 E.02253
G1 X144.004 Y121.115 E.02478
G1 X143.063 Y121.059 E.03201
G1 E-.8 F2400
;WIPE_START
G1 F5872.611
G1 X144.004 Y121.115
G1 X143.456 Y121.596
G1 X143.239 Y121.349
;WIPE_END
SET_VELOCITY_LIMIT ACCEL=8000 ACCEL_TO_DECEL=4000
G1 X141.714 Y128.828 Z7.2 F24000
G1 X141.222 Y131.241 Z7.2
G1 Z6.8
G1 E.8 F2400
SET_VELOCITY_LIMIT ACCEL=6000 ACCEL_TO_DECEL=3000
;TYPE:Sparse infill
;WIDTH:0.45
G1 F5049
G1 X140 Y132.317 E.05291
G1 X144.321 Y136.638 E.19861
G1 X148.406 Y133.047 E.17674
G1 X142.802 Y127.443 E.25754
G1 X142.264 Y127.916 E.02328
G1 X142.866 Y128.601 E.02963
SET_VELOCITY_LIMIT ACCEL=8000 ACCEL_TO_DECEL=4000
G1 X155.353 Y126.94 F24000
SET_VELOCITY_LIMIT ACCEL=6000 ACCEL_TO_DECEL=3000
G1 F5049
G1 X156.576 Y125.865 E.05291
G1 X150.971 Y120.26 E.25754
G1 X146.887 Y123.852 E.17674
G1 X152.491 Y129.456 E.25754
G1 X151.268 Y130.531 E.05291
SET_VELOCITY_LIMIT ACCEL=8000 ACCEL_TO_DECEL=4000
G1 X164.745 Y118.682 F24000
SET_VELOCITY_LIMIT ACCEL=6000 ACCEL_TO_DECEL=3000
G1 F5049
G1 X156.881 Y110.818 E.36142
G1 X156.511 Y111.143 E.01601
G1 X155.962 Y111.692 E.02521
G1 X158.035 Y114.05 E.10204
G1 X155.056 Y116.669 E.1289
G1 X160.66 Y122.274 E.25754
G1 X161.253 Y121.753 E.02564
G1 X168.175 Y114.831 E.31808
G1 X165.3 Y111.562 E.14146
G1 X160.965 Y107.227 E.19921
G1 X159.742 Y108.302 E.05291
SET_VELOCITY_LIMIT ACCEL=8000 ACCEL_TO_DECEL=4000
G1 X164.584 Y110.746 F24000
SET_VELOCITY_LIMIT ACCEL=6000 ACCEL_TO_DECEL=3000
G1 F5049
G1 X123.46 Y151.87 E1.88983
G1 X124.84 Y152.734 E.05291
SET_VELOCITY_LIMIT ACCEL=8000 ACCEL_TO_DECEL=4000
G1 X110.882 Y118.391 F24000
SET_VELOCITY_LIMIT ACCEL=6000 ACCEL_TO_DECEL=3000
G1 F5049
G1 X94.58 Y134.694 E.74917
G1 X92.952 Y134.731 E.05291
SET_VELOCITY_LIMIT ACCEL=8000 ACCEL_TO_DECEL=4000
G1 X91.083 Y109.152 F24000
SET_VELOCITY_LIMIT ACCEL=6000 ACCEL_TO_DECEL=3000
G1 F5049
G1 X91.046 Y107.524 E.05291
G1 X91.922 Y106.648 E.04025
G1 X91.317 Y106.662 E.01964
G1 X132.067 Y147.412 E1.87263
G1 X127.982 Y151.003 E.17674
G1 X91.2 Y114.221 E1.6903
G1 X91.219 Y115.027 E.0262
G1 X97.587 Y108.659 E.29266
G1 X102.019 Y111.903 E.17847
G1 X91.392 Y122.53 E.48837
G1 X91.381 Y122.078 E.01469
G1 X117.335 Y148.032 E1.1927
G1 X118.741 Y148.913 E.0539
G1 X133.041 Y134.613 E.65716
G1 X135.413 Y136.349 E.09552
G1 X135.915 Y135.908 E.02172
G1 X140.237 Y140.229 E.19861
G1 X136.152 Y143.821 E.17674
G1 X110.286 Y117.955 E1.18866
G1 X106.451 Y115.147 E.15445
G1 X91.565 Y130.033 E.68408
G1 X91.562 Y129.935 E.00318
G1 X96.777 Y135.15 E.23963
G1 X99.865 Y137.085 E.11842
G1 X115.314 Y121.636 E.70996
G1 X119.746 Y124.88 E.17847
G1 X104.584 Y140.042 E.69676
G1 X109.303 Y142.999 E.18096
G1 X124.178 Y128.124 E.68356
G1 X128.609 Y131.368 E.17847
G1 X114.022 Y145.956 E.67036
G1 X112.642 Y145.091 E.05291
;TIME_ELAPSED:736.367371

;LAYER_CHANGE
;:7
;HEIGHT:0.2
;BEFORE_LAYER_CHANGE
;7
G92 E0

G1 E-.8 F2400
;WIPE_START
G1 F6141.304
G1 X114.022 Y145.956
G1 X114.285 Y145.693
;WIPE_END
EXCLUDE_OBJECT_END NAME=arm.stl_id_0_copy_0
;_SET_FAN_SPEED_CHANGING_LAYER
; OBJECT_ID: 15
EXCLUDE_OBJECT_START NAME=arm.stl_id_0_copy_0
SET_VELOCITY_LIMIT ACCEL=8000 ACCEL_TO_DECEL=4000
G1 X120.376 Y141.095 Z7.2 F24000
G1 X157.026 Y113.43 Z7.2
G1 Z7
G1 E.8 F2400
SET_VELOCITY_LIMIT ACCEL=4000 ACCEL_TO_DECEL=2000 SQUARE_CORNER_VELOCITY=6
;TYPE:Inner wall
G1 F5159
G1 X155.438 Y111.623 E.07818
G1 X161.292 Y106.475 E.25332
G1 X169.081 Y115.334 E.3833
G1 X125.56 Y153.597 E1.88305
G1 X95.901 Y135.012 E1.13734
G1 X91.334 Y135.117 E.14845
G1 X90.67 Y106.329 E.93572
G1 X94.862 Y106.232 E.13626
G1 X135.393 Y135.903 E1.63223
G1 X142.967 Y129.244 E.32773
G1 X141.772 Y127.884 E.05882
G1 X157.544 Y114.018 E.68239
G1 X157.066 Y113.475 E.02353
G1 E-.8 F2400
;WIPE_START
G1 F6141.304
G1 X155.745 Y111.973
;WIPE_END
SET_VELOCITY_LIMIT ACCEL=8000 ACCEL_TO_DECEL=4000 SQUARE_CORNER_VELOCITY=8
G1 X149.864 Y116.838 Z7.4 F24000
G1 X143.695 Y121.941 Z7.4
G1 Z7
G1 E.8 F2400
SET_VELOCITY_LIMIT ACCEL=4000 ACCEL_TO_DECEL=2000 SQUARE_CORNER_VELOCITY=6
G1 F5159
G1 X143.418 Y122.184 E.01198
G1 X142.431 Y121.061 E.04861
G1 X142.919 Y120.632 E.02111
G1 X145.037 Y120.761 E.06897
G1 X143.74 Y121.901 E.05612
G1 E-.8 F2400
;WIPE_START
G1 F6141.304
G1 X143.418 Y122.184
G1 X142.431 Y121.061
G1 X142.488 Y121.011
;WIPE_END
SET_VELOCITY_LIMIT ACCEL=8000 ACCEL_TO_DECEL=4000 SQUARE_CORNER_VELOCITY=8
G1 X149.356 Y117.682 Z7.4 F24000
G1 X156.991 Y113.983 Z7.4
G1 Z7
G1 E.8 F2400
SET_VELOCITY_LIMIT ACCEL=4000 ACCEL_TO_DECEL=2000 SQUARE_CORNER_VELOCITY=6
;TYPE:Outer wall
;WIDTH:0.42
G1 F5159
G1 X155.399 Y112.173 E.07254
G1 X143.383 Y122.737 E.4816
G1 X141.877 Y121.025 E.06863
G1 X142.781 Y120.23 E.03622
G1 X144.906 Y120.36 E.06407
G1 X161.328 Y105.922 E.65818
G1 X169.634 Y115.37 E.37866
G1 X125.599 Y154.084 E1.76488
G1 X95.792 Y135.406 E1.05877
G1 X90.951 Y135.518 E.14577
G1 X90.269 Y105.946 E.89036
G1 X94.986 Y105.837 E.14203
G1 X135.37 Y135.4 E1.50647
G1 X142.414 Y129.208 E.2823
G1 X141.219 Y127.849 E.05448
G1 X156.945 Y114.023 E.6303
G1 E-.8 F2400
;WIPE_START
G1 F6629.9
G1 X155.663 Y112.488
;WIPE_END
SET_VELOCITY_LIMIT ACCEL=8000 ACCEL_TO_DECEL=4000 SQUARE_CORNER_VELOCITY=8
G1 X155.289 Y111.751 Z7.4 F24000
G1 Z7
G1 E.8 F2400
SET_VELOCITY_LIMIT ACCEL=6000 ACCEL_TO_DECEL=3000
;TYPE:Gap infill
;WIDTH:0.430844
G1 F5159
G1 X145.249 Y120.577 E.41395
SET_VELOCITY_LIMIT ACCEL=8000 ACCEL_TO_DECEL=4000
G1 X143.018 Y121.098 F24000
SET_VELOCITY_LIMIT ACCEL=6000 ACCEL_TO_DECEL=3000
;TYPE:Internal solid infill
;WIDTH:0.468625
G1 F5159
G1 X143.456 Y121.596 E.02253
G1 X144.004 Y121.115 E.02478
G1 X143.063 Y121.059 E.03201
G1 E-.8 F2400
;WIPE_START
G1 F5872.611
G1 X144.004 Y121.115
G1 X143.456 Y121.596
G1 X143.239 Y121.349
;WIPE_END
SET_VELOCITY_LIMIT ACCEL=8000 ACCEL_TO_DECEL=4000
G1 X143.173 Y128.982 Z7.4 F24000
G1 X143.098 Y137.713 Z7.4
G1 Z7
G1 E.8 F2400
SET_VELOCITY_LIMIT ACCEL=6000 ACCEL_TO_DECEL=3000
;TYPE:Sparse infill
;WIDTH:0.45
G1 F5159
G1 X144.321 Y136.638 E.05291
G1 X140 Y132.317 E.19861
G1 X143.459 Y129.275 E.14968
G1 X142.264 Y127.916 E.05882
G1 X142.802 Y127.443 E.02328
G1 X148.406 Y133.047 E.25754
G1 X152.491 Y129.456 E.17674
G1 X146.887 Y123.852 E.25754
G1 X150.971 Y120.26 E.17674
G1 X156.576 Y125.865 E.25754
G1 X155.353 Y126.94 E.05291
SET_VELOCITY_LIMIT ACCEL=8000 ACCEL_TO_DECEL=4000
G1 X159.742 Y108.302 F24000
SET_VELOCITY_LIMIT ACCEL=6000 ACCEL_TO_DECEL=3000
G1 F5159
G1 X160.965 Y107.227 E.05291
G1 X165.3 Y111.562 E.19921
G1 X168.175 Y114.831 E.14146
G1 X161.253 Y121.753 E.31808
G1 X160.66 Y122.274 E.02564
G1 X155.056 Y116.669 E.25754
G1 X158.035 Y114.05 E.1289
G1 X155.962 Y111.692 E.10204
G1 X156.511 Y111.143 E.02521
G1 X156.881 Y110.818 E.01601
G1 X164.745 Y118.682 E.36142
SET_VELOCITY_LIMIT ACCEL=8000 ACCEL_TO_DECEL=4000
G1 X124.84 Y152.734 F24000
SET_VELOCITY_LIMIT ACCEL=6000 ACCEL_TO_DECEL=3000
G1 F5159
G1 X123.46 Y151.87 E.05291
G1 X164.583 Y110.746 E1.88982
G1 E-.8 F2400
;WIPE_START
G1 F6141.304
G1 X163.169 Y112.16
;WIPE_END
SET_VELOCITY_LIMIT ACCEL=8000 ACCEL_TO_DECEL=4000
G1 X156.775 Y116.328 Z7.4 F24000
G1 X112.642 Y145.091 Z7.4
G1 Z7
G1 E.8 F2400
SET_VELOCITY_LIMIT ACCEL=6000 ACCEL_TO_DECEL=3000
M73 P32 R26
G1 F5159
G1 X114.022 Y145.956 E.05291
G1 X128.609 Y131.368 E.67036
G1 X124.178 Y128.124 E.17847
G1 X109.303 Y142.999 E.68356
G1 X104.584 Y140.042 E.18096
G1 X119.746 Y124.88 E.69676
G1 X115.314 Y121.636 E.17847
G1 X99.865 Y137.085 E.70996
G1 X96.777 Y135.15 E.11842
G1 X91.562 Y129.935 E.23963
G1 X91.565 Y130.033 E.00318
G1 X106.451 Y115.147 E.68408
G1 X110.286 Y117.955 E.15445
G1 X136.152 Y143.821 E1.18866
G1 X140.237 Y140.229 E.17674
G1 X135.915 Y135.908 E.19861
G1 X135.413 Y136.349 E.02172
G1 X133.041 Y134.613 E.09552
G1 X118.741 Y148.913 E.65716
G1 X117.335 Y148.032 E.0539
G1 X91.381 Y122.078 E1.1927
G1 X91.392 Y122.53 E.01469
G1 X102.019 Y111.903 E.48837
G1 X97.587 Y108.659 E.17847
G1 X91.219 Y115.027 E.29266
G1 X91.2 Y114.221 E.0262
G1 X127.982 Y151.003 E1.6903
G1 X132.067 Y147.412 E.17674
G1 X91.317 Y106.662 E1.87263
G1 X91.922 Y106.648 E.01964
G1 X91.046 Y107.524 E.04025
G1 X91.083 Y109.152 E.05291
SET_VELOCITY_LIMIT ACCEL=8000 ACCEL_TO_DECEL=4000
G1 X92.952 Y134.731 F24000
SET_VELOCITY_LIMIT ACCEL=6000 ACCEL_TO_DECEL=3000
G1 F5159
G1 X94.58 Y134.694 E.05291
G1 X110.882 Y118.391 E.74917
;TIME_ELAPSED:753.562927

;LAYER_CHANGE
;:7.2
;HEIGHT:0.2
;BEFORE_LAYER_CHANGE
;7.2
G92 E0

G1 E-.8 F2400
;WIPE_START
G1 F6141.304
G1 X109.468 Y119.806
;WIPE_END
EXCLUDE_OBJECT_END NAME=arm.stl_id_0_copy_0
;_SET_FAN_SPEED_CHANGING_LAYER
; OBJECT_ID: 15
EXCLUDE_OBJECT_START NAME=arm.stl_id_0_copy_0
SET_VELOCITY_LIMIT ACCEL=8000 ACCEL_TO_DECEL=4000
G1 X117.033 Y118.791 Z7.4 F24000
G1 X157.026 Y113.43 Z7.4
G1 Z7.2
G1 E.8 F2400
SET_VELOCITY_LIMIT ACCEL=4000 ACCEL_TO_DECEL=2000 SQUARE_CORNER_VELOCITY=6
;TYPE:Inner wall
G1 F5068
G1 X155.438 Y111.623 E.07818
G1 X161.292 Y106.475 E.25332
G1 X169.081 Y115.334 E.3833
G1 X125.56 Y153.597 E1.88305
G1 X95.901 Y135.012 E1.13734
G1 X91.334 Y135.117 E.14845
G1 X90.67 Y106.329 E.93572
G1 X94.862 Y106.232 E.13626
G1 X135.393 Y135.903 E1.63223
G1 X142.967 Y129.244 E.32773
G1 X141.772 Y127.884 E.05882
G1 X157.544 Y114.018 E.68239
G1 X157.066 Y113.475 E.02353
G1 E-.8 F2400
;WIPE_START
G1 F6141.304
G1 X155.745 Y111.973
;WIPE_END
SET_VELOCITY_LIMIT ACCEL=8000 ACCEL_TO_DECEL=4000 SQUARE_CORNER_VELOCITY=8
G1 X149.864 Y116.838 Z7.6 F24000
G1 X143.695 Y121.941 Z7.6
G1 Z7.2
G1 E.8 F2400
SET_VELOCITY_LIMIT ACCEL=4000 ACCEL_TO_DECEL=2000 SQUARE_CORNER_VELOCITY=6
G1 F5068
G1 X143.418 Y122.184 E.01198
G1 X142.431 Y121.061 E.04861
G1 X142.919 Y120.632 E.02111
G1 X145.037 Y120.761 E.06897
G1 X143.74 Y121.901 E.05612
G1 E-.8 F2400
;WIPE_START
G1 F6141.304
G1 X143.418 Y122.184
G1 X142.431 Y121.061
G1 X142.488 Y121.011
;WIPE_END
SET_VELOCITY_LIMIT ACCEL=8000 ACCEL_TO_DECEL=4000 SQUARE_CORNER_VELOCITY=8
G1 X149.356 Y117.682 Z7.6 F24000
G1 X156.991 Y113.983 Z7.6
G1 Z7.2
G1 E.8 F2400
SET_VELOCITY_LIMIT ACCEL=4000 ACCEL_TO_DECEL=2000 SQUARE_CORNER_VELOCITY=6
;TYPE:Outer wall
;WIDTH:0.42
G1 F5068
G1 X155.399 Y112.173 E.07254
G1 X143.383 Y122.737 E.4816
G1 X141.877 Y121.025 E.06863
G1 X142.781 Y120.23 E.03622
G1 X144.906 Y120.36 E.06407
G1 X161.328 Y105.922 E.65818
G1 X169.634 Y115.37 E.37866
G1 X125.599 Y154.084 E1.76488
G1 X95.792 Y135.406 E1.05877
G1 X90.951 Y135.518 E.14577
G1 X90.269 Y105.946 E.89036
G1 X94.986 Y105.837 E.14203
G1 X135.37 Y135.4 E1.50647
G1 X142.414 Y129.208 E.2823
G1 X141.219 Y127.849 E.05448
G1 X156.945 Y114.023 E.6303
G1 E-.8 F2400
;WIPE_START
G1 F6629.9
G1 X155.663 Y112.488
;WIPE_END
SET_VELOCITY_LIMIT ACCEL=8000 ACCEL_TO_DECEL=4000 SQUARE_CORNER_VELOCITY=8
G1 X155.289 Y111.751 Z7.6 F24000
G1 Z7.2
G1 E.8 F2400
SET_VELOCITY_LIMIT ACCEL=6000 ACCEL_TO_DECEL=3000
;TYPE:Gap infill
;WIDTH:0.430844
G1 F5068
G1 X145.249 Y120.577 E.41395
SET_VELOCITY_LIMIT ACCEL=8000 ACCEL_TO_DECEL=4000
G1 X143.018 Y121.098 F24000
SET_VELOCITY_LIMIT ACCEL=6000 ACCEL_TO_DECEL=3000
;TYPE:Internal solid infill
;WIDTH:0.468625
G1 F5068
G1 X143.456 Y121.596 E.02253
G1 X144.004 Y121.115 E.02478
G1 X143.063 Y121.059 E.03201
G1 E-.8 F2400
;WIPE_START
G1 F5872.611
G1 X144.004 Y121.115
G1 X143.456 Y121.596
G1 X143.239 Y121.349
;WIPE_END
SET_VELOCITY_LIMIT ACCEL=8000 ACCEL_TO_DECEL=4000
G1 X150.169 Y124.548 Z7.6 F24000
G1 X155.353 Y126.94 Z7.6
G1 Z7.2
G1 E.8 F2400
SET_VELOCITY_LIMIT ACCEL=6000 ACCEL_TO_DECEL=3000
;TYPE:Sparse infill
;WIDTH:0.45
G1 F5068
G1 X156.576 Y125.865 E.05291
G1 X150.971 Y120.26 E.25754
G1 X146.887 Y123.852 E.17674
G1 X152.491 Y129.456 E.25754
G1 X148.406 Y133.047 E.17674
G1 X142.802 Y127.443 E.25754
G1 X142.264 Y127.916 E.02328
G1 X143.459 Y129.275 E.05882
G1 X140 Y132.317 E.14968
G1 X144.321 Y136.638 E.19861
G1 X143.098 Y137.713 E.05291
SET_VELOCITY_LIMIT ACCEL=8000 ACCEL_TO_DECEL=4000
G1 X164.745 Y118.682 F24000
SET_VELOCITY_LIMIT ACCEL=6000 ACCEL_TO_DECEL=3000
G1 F5068
G1 X156.881 Y110.818 E.36142
G1 X156.511 Y111.143 E.01601
G1 X155.962 Y111.692 E.02521
G1 X158.035 Y114.05 E.10204
G1 X155.056 Y116.669 E.1289
G1 X160.66 Y122.274 E.25754
G1 X161.253 Y121.753 E.02564
G1 X168.175 Y114.831 E.31808
G1 X165.3 Y111.562 E.14146
G1 X160.965 Y107.227 E.19921
G1 X159.742 Y108.302 E.05291
SET_VELOCITY_LIMIT ACCEL=8000 ACCEL_TO_DECEL=4000
G1 X164.583 Y110.746 F24000
SET_VELOCITY_LIMIT ACCEL=6000 ACCEL_TO_DECEL=3000
G1 F5068
G1 X123.46 Y151.87 E1.88982
G1 X124.84 Y152.734 E.05291
SET_VELOCITY_LIMIT ACCEL=8000 ACCEL_TO_DECEL=4000
G1 X110.882 Y118.391 F24000
SET_VELOCITY_LIMIT ACCEL=6000 ACCEL_TO_DECEL=3000
G1 F5068
G1 X94.58 Y134.694 E.74917
G1 X92.952 Y134.731 E.05291
SET_VELOCITY_LIMIT ACCEL=8000 ACCEL_TO_DECEL=4000
G1 X91.083 Y109.152 F24000
SET_VELOCITY_LIMIT ACCEL=6000 ACCEL_TO_DECEL=3000
G1 F5068
G1 X91.046 Y107.524 E.05291
G1 X91.922 Y106.648 E.04025
G1 X91.317 Y106.662 E.01964
G1 X132.067 Y147.412 E1.87263
G1 X127.982 Y151.003 E.17674
G1 X91.2 Y114.221 E1.6903
G1 X91.219 Y115.027 E.0262
G1 X97.587 Y108.659 E.29266
G1 X102.019 Y111.903 E.17847
G1 X91.392 Y122.53 E.48837
G1 X91.381 Y122.078 E.01469
G1 X117.335 Y148.032 E1.1927
G1 X118.741 Y148.913 E.0539
G1 X133.041 Y134.613 E.65716
G1 X135.413 Y136.349 E.09552
G1 X135.915 Y135.908 E.02172
G1 X140.237 Y140.229 E.19861
G1 X136.152 Y143.821 E.17674
G1 X110.286 Y117.955 E1.18866
G1 X106.451 Y115.147 E.15445
G1 X91.565 Y130.033 E.68408
G1 X91.562 Y129.935 E.00318
G1 X96.777 Y135.15 E.23963
G1 X99.865 Y137.085 E.11842
G1 X115.314 Y121.636 E.70996
G1 X119.746 Y124.88 E.17847
G1 X104.584 Y140.042 E.69676
G1 X109.303 Y142.999 E.18096
G1 X124.178 Y128.124 E.68356
G1 X128.609 Y131.368 E.17847
G1 X114.022 Y145.956 E.67036
G1 X112.642 Y145.091 E.05291
;TIME_ELAPSED:770.419128

;LAYER_CHANGE
;:7.4
;HEIGHT:0.2
;BEFORE_LAYER_CHANGE
;7.4
G92 E0

G1 E-.8 F2400
;WIPE_START
G1 F6141.304
G1 X114.022 Y145.956
G1 X114.285 Y145.693
;WIPE_END
EXCLUDE_OBJECT_END NAME=arm.stl_id_0_copy_0
;_SET_FAN_SPEED_CHANGING_LAYER
; OBJECT_ID: 15
EXCLUDE_OBJECT_START NAME=arm.stl_id_0_copy_0
SET_VELOCITY_LIMIT ACCEL=8000 ACCEL_TO_DECEL=4000
G1 X120.376 Y141.095 Z7.6 F24000
G1 X157.026 Y113.43 Z7.6
G1 Z7.4
G1 E.8 F2400
SET_VELOCITY_LIMIT ACCEL=4000 ACCEL_TO_DECEL=2000 SQUARE_CORNER_VELOCITY=6
;TYPE:Inner wall
G1 F5159
G1 X155.438 Y111.623 E.07818
G1 X161.292 Y106.475 E.25332
G1 X169.081 Y115.334 E.3833
G1 X125.56 Y153.597 E1.88305
G1 X95.901 Y135.012 E1.13734
G1 X91.334 Y135.117 E.14845
M73 P33 R26
G1 X90.67 Y106.329 E.93572
G1 X94.862 Y106.232 E.13626
G1 X135.393 Y135.903 E1.63223
G1 X142.967 Y129.244 E.32773
G1 X141.772 Y127.884 E.05882
G1 X157.544 Y114.018 E.68239
G1 X157.066 Y113.475 E.02353
G1 E-.8 F2400
;WIPE_START
G1 F6141.304
G1 X155.745 Y111.973
;WIPE_END
SET_VELOCITY_LIMIT ACCEL=8000 ACCEL_TO_DECEL=4000 SQUARE_CORNER_VELOCITY=8
G1 X149.864 Y116.838 Z7.8 F24000
G1 X143.695 Y121.941 Z7.8
G1 Z7.4
G1 E.8 F2400
SET_VELOCITY_LIMIT ACCEL=4000 ACCEL_TO_DECEL=2000 SQUARE_CORNER_VELOCITY=6
G1 F5159
G1 X143.418 Y122.184 E.01198
G1 X142.431 Y121.061 E.04861
G1 X142.919 Y120.632 E.02111
G1 X145.037 Y120.761 E.06897
G1 X143.74 Y121.901 E.05612
G1 E-.8 F2400
;WIPE_START
G1 F6141.304
G1 X143.418 Y122.184
G1 X142.431 Y121.061
G1 X142.488 Y121.011
;WIPE_END
SET_VELOCITY_LIMIT ACCEL=8000 ACCEL_TO_DECEL=4000 SQUARE_CORNER_VELOCITY=8
G1 X149.356 Y117.682 Z7.8 F24000
G1 X156.991 Y113.983 Z7.8
G1 Z7.4
G1 E.8 F2400
SET_VELOCITY_LIMIT ACCEL=4000 ACCEL_TO_DECEL=2000 SQUARE_CORNER_VELOCITY=6
;TYPE:Outer wall
;WIDTH:0.42
G1 F5159
G1 X155.399 Y112.173 E.07254
G1 X143.383 Y122.737 E.4816
G1 X141.877 Y121.025 E.06863
G1 X142.781 Y120.23 E.03622
G1 X144.906 Y120.36 E.06407
G1 X161.328 Y105.922 E.65818
G1 X169.634 Y115.37 E.37866
G1 X125.599 Y154.084 E1.76488
G1 X95.792 Y135.406 E1.05877
G1 X90.951 Y135.518 E.14577
G1 X90.269 Y105.946 E.89036
G1 X94.986 Y105.837 E.14203
G1 X135.37 Y135.4 E1.50647
G1 X142.414 Y129.208 E.2823
G1 X141.219 Y127.849 E.05448
G1 X156.945 Y114.023 E.6303
G1 E-.8 F2400
;WIPE_START
G1 F6629.9
M73 P33 R25
G1 X155.663 Y112.488
;WIPE_END
SET_VELOCITY_LIMIT ACCEL=8000 ACCEL_TO_DECEL=4000 SQUARE_CORNER_VELOCITY=8
G1 X155.289 Y111.751 Z7.8 F24000
G1 Z7.4
G1 E.8 F2400
SET_VELOCITY_LIMIT ACCEL=6000 ACCEL_TO_DECEL=3000
;TYPE:Gap infill
;WIDTH:0.430844
G1 F5159
G1 X145.249 Y120.577 E.41395
SET_VELOCITY_LIMIT ACCEL=8000 ACCEL_TO_DECEL=4000
G1 X143.018 Y121.098 F24000
SET_VELOCITY_LIMIT ACCEL=6000 ACCEL_TO_DECEL=3000
;TYPE:Internal solid infill
;WIDTH:0.468625
G1 F5159
G1 X143.456 Y121.596 E.02253
G1 X144.004 Y121.115 E.02478
G1 X143.063 Y121.059 E.03201
G1 E-.8 F2400
;WIPE_START
G1 F5872.611
G1 X144.004 Y121.115
G1 X143.456 Y121.596
G1 X143.239 Y121.349
;WIPE_END
SET_VELOCITY_LIMIT ACCEL=8000 ACCEL_TO_DECEL=4000
G1 X143.173 Y128.982 Z7.8 F24000
G1 X143.098 Y137.713 Z7.8
G1 Z7.4
G1 E.8 F2400
SET_VELOCITY_LIMIT ACCEL=6000 ACCEL_TO_DECEL=3000
;TYPE:Sparse infill
;WIDTH:0.45
G1 F5159
G1 X144.321 Y136.638 E.05291
G1 X140 Y132.317 E.19861
G1 X143.459 Y129.275 E.14968
G1 X142.264 Y127.916 E.05882
G1 X142.802 Y127.443 E.02328
G1 X148.406 Y133.047 E.25754
G1 X152.491 Y129.456 E.17674
G1 X146.887 Y123.852 E.25754
G1 X150.971 Y120.26 E.17674
G1 X156.576 Y125.865 E.25754
G1 X155.353 Y126.94 E.05291
SET_VELOCITY_LIMIT ACCEL=8000 ACCEL_TO_DECEL=4000
G1 X159.742 Y108.302 F24000
SET_VELOCITY_LIMIT ACCEL=6000 ACCEL_TO_DECEL=3000
G1 F5159
G1 X160.965 Y107.227 E.05291
G1 X165.3 Y111.562 E.19921
G1 X168.175 Y114.831 E.14146
G1 X161.253 Y121.753 E.31808
G1 X160.66 Y122.274 E.02564
G1 X155.056 Y116.669 E.25754
G1 X158.035 Y114.05 E.1289
G1 X155.962 Y111.692 E.10204
G1 X156.511 Y111.143 E.02521
G1 X156.881 Y110.818 E.01601
G1 X164.745 Y118.682 E.36142
SET_VELOCITY_LIMIT ACCEL=8000 ACCEL_TO_DECEL=4000
G1 X124.84 Y152.734 F24000
SET_VELOCITY_LIMIT ACCEL=6000 ACCEL_TO_DECEL=3000
G1 F5159
G1 X123.46 Y151.87 E.05291
G1 X164.583 Y110.746 E1.88982
G1 E-.8 F2400
;WIPE_START
G1 F6141.304
G1 X163.169 Y112.16
;WIPE_END
SET_VELOCITY_LIMIT ACCEL=8000 ACCEL_TO_DECEL=4000
G1 X156.775 Y116.328 Z7.8 F24000
G1 X112.642 Y145.091 Z7.8
G1 Z7.4
G1 E.8 F2400
SET_VELOCITY_LIMIT ACCEL=6000 ACCEL_TO_DECEL=3000
G1 F5159
G1 X114.022 Y145.956 E.05291
G1 X128.609 Y131.368 E.67036
G1 X124.178 Y128.124 E.17847
G1 X109.303 Y142.999 E.68356
G1 X104.584 Y140.042 E.18096
G1 X119.746 Y124.88 E.69676
G1 X115.314 Y121.636 E.17847
G1 X99.865 Y137.085 E.70996
G1 X96.777 Y135.15 E.11842
G1 X91.562 Y129.935 E.23963
G1 X91.565 Y130.033 E.00318
G1 X106.451 Y115.147 E.68408
G1 X110.286 Y117.955 E.15445
G1 X136.152 Y143.821 E1.18866
G1 X140.237 Y140.229 E.17674
G1 X135.915 Y135.908 E.19861
G1 X135.413 Y136.349 E.02172
G1 X133.041 Y134.613 E.09552
G1 X118.741 Y148.913 E.65716
G1 X117.335 Y148.032 E.0539
G1 X91.381 Y122.078 E1.1927
G1 X91.392 Y122.53 E.01469
G1 X102.019 Y111.903 E.48837
G1 X97.587 Y108.659 E.17847
G1 X91.219 Y115.027 E.29266
G1 X91.2 Y114.221 E.0262
G1 X127.982 Y151.003 E1.6903
G1 X132.067 Y147.412 E.17674
G1 X91.317 Y106.662 E1.87263
G1 X91.922 Y106.648 E.01964
G1 X91.046 Y107.524 E.04025
G1 X91.083 Y109.152 E.05291
SET_VELOCITY_LIMIT ACCEL=8000 ACCEL_TO_DECEL=4000
G1 X92.952 Y134.731 F24000
SET_VELOCITY_LIMIT ACCEL=6000 ACCEL_TO_DECEL=3000
G1 F5159
G1 X94.58 Y134.694 E.05291
G1 X110.882 Y118.391 E.74917
;TIME_ELAPSED:787.613647

;LAYER_CHANGE
;:7.6
;HEIGHT:0.2
;BEFORE_LAYER_CHANGE
;7.6
G92 E0

G1 E-.8 F2400
;WIPE_START
G1 F6141.304
G1 X109.468 Y119.806
;WIPE_END
EXCLUDE_OBJECT_END NAME=arm.stl_id_0_copy_0
;_SET_FAN_SPEED_CHANGING_LAYER
; OBJECT_ID: 15
EXCLUDE_OBJECT_START NAME=arm.stl_id_0_copy_0
SET_VELOCITY_LIMIT ACCEL=8000 ACCEL_TO_DECEL=4000
G1 X117.033 Y118.791 Z7.8 F24000
G1 X157.026 Y113.43 Z7.8
G1 Z7.6
G1 E.8 F2400
SET_VELOCITY_LIMIT ACCEL=4000 ACCEL_TO_DECEL=2000 SQUARE_CORNER_VELOCITY=6
;TYPE:Inner wall
G1 F5061
G1 X155.438 Y111.623 E.07818
G1 X161.292 Y106.475 E.25332
G1 X169.081 Y115.334 E.3833
G1 X125.56 Y153.597 E1.88305
G1 X95.901 Y135.012 E1.13734
G1 X91.334 Y135.117 E.14845
G1 X90.67 Y106.329 E.93572
G1 X94.862 Y106.232 E.13626
G1 X135.393 Y135.903 E1.63223
G1 X142.967 Y129.244 E.32773
G1 X141.772 Y127.884 E.05882
G1 X157.544 Y114.018 E.68239
G1 X157.066 Y113.475 E.02353
G1 E-.8 F2400
;WIPE_START
G1 F6141.304
G1 X155.745 Y111.973
;WIPE_END
SET_VELOCITY_LIMIT ACCEL=8000 ACCEL_TO_DECEL=4000 SQUARE_CORNER_VELOCITY=8
G1 X149.864 Y116.838 Z8 F24000
G1 X143.695 Y121.941 Z8
G1 Z7.6
G1 E.8 F2400
SET_VELOCITY_LIMIT ACCEL=4000 ACCEL_TO_DECEL=2000 SQUARE_CORNER_VELOCITY=6
G1 F5061
G1 X143.418 Y122.184 E.01198
G1 X142.431 Y121.061 E.04861
G1 X142.919 Y120.632 E.02111
G1 X145.037 Y120.761 E.06897
G1 X143.74 Y121.901 E.05612
G1 E-.8 F2400
;WIPE_START
G1 F6141.304
G1 X143.418 Y122.184
G1 X142.431 Y121.061
G1 X142.488 Y121.011
;WIPE_END
SET_VELOCITY_LIMIT ACCEL=8000 ACCEL_TO_DECEL=4000 SQUARE_CORNER_VELOCITY=8
G1 X149.356 Y117.682 Z8 F24000
G1 X156.991 Y113.983 Z8
G1 Z7.6
G1 E.8 F2400
SET_VELOCITY_LIMIT ACCEL=4000 ACCEL_TO_DECEL=2000 SQUARE_CORNER_VELOCITY=6
;TYPE:Outer wall
;WIDTH:0.42
G1 F5061
G1 X155.399 Y112.173 E.07254
G1 X143.383 Y122.737 E.4816
G1 X141.877 Y121.025 E.06863
G1 X142.781 Y120.23 E.03622
G1 X144.906 Y120.36 E.06407
G1 X161.328 Y105.922 E.65818
G1 X169.634 Y115.37 E.37866
G1 X125.599 Y154.084 E1.76488
G1 X95.792 Y135.406 E1.05877
G1 X90.951 Y135.518 E.14577
G1 X90.269 Y105.946 E.89036
G1 X94.986 Y105.837 E.14203
G1 X135.37 Y135.4 E1.50647
G1 X142.414 Y129.208 E.2823
G1 X141.219 Y127.849 E.05448
M73 P34 R25
G1 X156.945 Y114.023 E.6303
G1 E-.8 F2400
;WIPE_START
G1 F6629.9
G1 X155.663 Y112.488
;WIPE_END
SET_VELOCITY_LIMIT ACCEL=8000 ACCEL_TO_DECEL=4000 SQUARE_CORNER_VELOCITY=8
G1 X155.289 Y111.751 Z8 F24000
G1 Z7.6
G1 E.8 F2400
SET_VELOCITY_LIMIT ACCEL=6000 ACCEL_TO_DECEL=3000
;TYPE:Gap infill
;WIDTH:0.430844
G1 F5061
G1 X145.249 Y120.577 E.41395
SET_VELOCITY_LIMIT ACCEL=8000 ACCEL_TO_DECEL=4000
G1 X143.018 Y121.098 F24000
SET_VELOCITY_LIMIT ACCEL=6000 ACCEL_TO_DECEL=3000
;TYPE:Internal solid infill
;WIDTH:0.468625
G1 F5061
G1 X143.456 Y121.596 E.02253
G1 X144.004 Y121.115 E.02478
G1 X143.063 Y121.059 E.03201
G1 E-.8 F2400
;WIPE_START
G1 F5872.611
G1 X144.004 Y121.115
G1 X143.456 Y121.596
G1 X143.239 Y121.349
;WIPE_END
SET_VELOCITY_LIMIT ACCEL=8000 ACCEL_TO_DECEL=4000
G1 X149.226 Y116.616 Z8 F24000
G1 X159.742 Y108.302 Z8
G1 Z7.6
G1 E.8 F2400
SET_VELOCITY_LIMIT ACCEL=6000 ACCEL_TO_DECEL=3000
;TYPE:Sparse infill
;WIDTH:0.45
G1 F5061
G1 X160.965 Y107.227 E.05291
G1 X165.3 Y111.562 E.19921
G1 X168.175 Y114.831 E.14146
G1 X161.253 Y121.753 E.31808
G1 X160.66 Y122.274 E.02564
G1 X155.056 Y116.669 E.25754
G1 X150.971 Y120.26 E.17674
G1 X156.576 Y125.865 E.25754
G1 X152.491 Y129.456 E.17674
G1 X146.887 Y123.852 E.25754
G1 X142.802 Y127.443 E.17674
G1 X148.406 Y133.047 E.25754
G1 X144.321 Y136.638 E.17674
G1 X140 Y132.317 E.19861
G1 X141.222 Y131.241 E.05291
SET_VELOCITY_LIMIT ACCEL=8000 ACCEL_TO_DECEL=4000
G1 X164.745 Y118.682 F24000
SET_VELOCITY_LIMIT ACCEL=6000 ACCEL_TO_DECEL=3000
G1 F5061
G1 X156.881 Y110.818 E.36142
G1 X156.511 Y111.143 E.01601
G1 X155.962 Y111.692 E.02521
G1 X157.037 Y112.915 E.05291
SET_VELOCITY_LIMIT ACCEL=8000 ACCEL_TO_DECEL=4000
G1 X164.583 Y110.746 F24000
SET_VELOCITY_LIMIT ACCEL=6000 ACCEL_TO_DECEL=3000
G1 F5061
G1 X123.46 Y151.87 E1.88983
G1 X124.84 Y152.734 E.05291
SET_VELOCITY_LIMIT ACCEL=8000 ACCEL_TO_DECEL=4000
G1 X110.882 Y118.391 F24000
SET_VELOCITY_LIMIT ACCEL=6000 ACCEL_TO_DECEL=3000
G1 F5061
G1 X94.58 Y134.694 E.74917
G1 X92.952 Y134.731 E.05291
SET_VELOCITY_LIMIT ACCEL=8000 ACCEL_TO_DECEL=4000
G1 X91.083 Y109.152 F24000
SET_VELOCITY_LIMIT ACCEL=6000 ACCEL_TO_DECEL=3000
G1 F5061
G1 X91.046 Y107.524 E.05291
G1 X91.922 Y106.648 E.04025
G1 X91.317 Y106.662 E.01964
G1 X132.067 Y147.412 E1.87263
G1 X127.982 Y151.003 E.17674
G1 X91.2 Y114.221 E1.6903
G1 X91.219 Y115.027 E.0262
G1 X97.587 Y108.659 E.29266
G1 X102.019 Y111.903 E.17847
G1 X91.392 Y122.53 E.48837
G1 X91.381 Y122.078 E.01469
G1 X117.335 Y148.032 E1.1927
G1 X118.741 Y148.913 E.0539
G1 X133.041 Y134.613 E.65716
G1 X135.413 Y136.349 E.09552
G1 X135.915 Y135.908 E.02172
G1 X140.237 Y140.229 E.19861
G1 X136.152 Y143.821 E.17674
G1 X110.286 Y117.955 E1.18866
G1 X106.451 Y115.147 E.15445
G1 X91.565 Y130.033 E.68408
G1 X91.562 Y129.935 E.00318
G1 X96.777 Y135.15 E.23963
G1 X99.865 Y137.085 E.11842
G1 X115.314 Y121.636 E.70996
G1 X119.746 Y124.88 E.17847
G1 X104.584 Y140.042 E.69676
G1 X109.303 Y142.999 E.18096
G1 X124.178 Y128.124 E.68356
G1 X128.609 Y131.368 E.17847
G1 X114.022 Y145.956 E.67036
G1 X112.642 Y145.091 E.05291
;TIME_ELAPSED:804.433777

;LAYER_CHANGE
;:7.8
;HEIGHT:0.2
;BEFORE_LAYER_CHANGE
;7.8
G92 E0

G1 E-.8 F2400
;WIPE_START
G1 F6141.304
G1 X114.022 Y145.956
G1 X114.285 Y145.693
;WIPE_END
EXCLUDE_OBJECT_END NAME=arm.stl_id_0_copy_0
;_SET_FAN_SPEED_CHANGING_LAYER
; OBJECT_ID: 15
EXCLUDE_OBJECT_START NAME=arm.stl_id_0_copy_0
SET_VELOCITY_LIMIT ACCEL=8000 ACCEL_TO_DECEL=4000
G1 X120.376 Y141.095 Z8 F24000
G1 X157.026 Y113.43 Z8
G1 Z7.8
G1 E.8 F2400
SET_VELOCITY_LIMIT ACCEL=4000 ACCEL_TO_DECEL=2000 SQUARE_CORNER_VELOCITY=6
;TYPE:Inner wall
G1 F5159
G1 X155.438 Y111.623 E.07818
G1 X161.292 Y106.475 E.25332
G1 X169.081 Y115.334 E.3833
G1 X125.56 Y153.597 E1.88305
G1 X95.901 Y135.012 E1.13734
G1 X91.334 Y135.117 E.14845
G1 X90.67 Y106.329 E.93572
G1 X94.862 Y106.232 E.13626
G1 X135.393 Y135.903 E1.63223
G1 X142.967 Y129.244 E.32773
G1 X141.772 Y127.884 E.05882
G1 X157.544 Y114.018 E.68239
G1 X157.066 Y113.475 E.02353
G1 E-.8 F2400
;WIPE_START
G1 F6141.304
G1 X155.745 Y111.973
;WIPE_END
SET_VELOCITY_LIMIT ACCEL=8000 ACCEL_TO_DECEL=4000 SQUARE_CORNER_VELOCITY=8
G1 X149.864 Y116.838 Z8.2 F24000
G1 X143.695 Y121.941 Z8.2
G1 Z7.8
G1 E.8 F2400
SET_VELOCITY_LIMIT ACCEL=4000 ACCEL_TO_DECEL=2000 SQUARE_CORNER_VELOCITY=6
G1 F5159
G1 X143.418 Y122.184 E.01198
G1 X142.431 Y121.061 E.04861
G1 X142.919 Y120.632 E.02111
G1 X145.037 Y120.761 E.06897
G1 X143.74 Y121.901 E.05612
G1 E-.8 F2400
;WIPE_START
G1 F6141.304
G1 X143.418 Y122.184
G1 X142.431 Y121.061
G1 X142.488 Y121.011
;WIPE_END
SET_VELOCITY_LIMIT ACCEL=8000 ACCEL_TO_DECEL=4000 SQUARE_CORNER_VELOCITY=8
G1 X149.356 Y117.682 Z8.2 F24000
G1 X156.991 Y113.983 Z8.2
G1 Z7.8
G1 E.8 F2400
SET_VELOCITY_LIMIT ACCEL=4000 ACCEL_TO_DECEL=2000 SQUARE_CORNER_VELOCITY=6
;TYPE:Outer wall
;WIDTH:0.42
G1 F5159
G1 X155.399 Y112.173 E.07254
G1 X143.383 Y122.737 E.4816
G1 X141.877 Y121.025 E.06863
G1 X142.781 Y120.23 E.03622
G1 X144.906 Y120.36 E.06407
G1 X161.328 Y105.922 E.65818
G1 X169.634 Y115.37 E.37866
G1 X125.599 Y154.084 E1.76488
G1 X95.792 Y135.406 E1.05877
G1 X90.951 Y135.518 E.14577
G1 X90.269 Y105.946 E.89036
G1 X94.986 Y105.837 E.14203
G1 X135.37 Y135.4 E1.50647
G1 X142.414 Y129.208 E.2823
G1 X141.219 Y127.849 E.05448
G1 X156.945 Y114.023 E.6303
G1 E-.8 F2400
;WIPE_START
G1 F6629.9
G1 X155.663 Y112.488
;WIPE_END
SET_VELOCITY_LIMIT ACCEL=8000 ACCEL_TO_DECEL=4000 SQUARE_CORNER_VELOCITY=8
G1 X155.289 Y111.751 Z8.2 F24000
G1 Z7.8
G1 E.8 F2400
SET_VELOCITY_LIMIT ACCEL=6000 ACCEL_TO_DECEL=3000
;TYPE:Gap infill
;WIDTH:0.430844
G1 F5159
G1 X145.249 Y120.577 E.41395
SET_VELOCITY_LIMIT ACCEL=8000 ACCEL_TO_DECEL=4000
G1 X143.018 Y121.098 F24000
SET_VELOCITY_LIMIT ACCEL=6000 ACCEL_TO_DECEL=3000
;TYPE:Internal solid infill
;WIDTH:0.468625
G1 F5159
G1 X143.456 Y121.596 E.02253
G1 X144.004 Y121.115 E.02478
G1 X143.063 Y121.059 E.03201
G1 E-.8 F2400
;WIPE_START
G1 F5872.611
G1 X144.004 Y121.115
G1 X143.456 Y121.596
G1 X143.239 Y121.349
;WIPE_END
SET_VELOCITY_LIMIT ACCEL=8000 ACCEL_TO_DECEL=4000
G1 X143.173 Y128.982 Z8.2 F24000
G1 X143.098 Y137.713 Z8.2
G1 Z7.8
G1 E.8 F2400
SET_VELOCITY_LIMIT ACCEL=6000 ACCEL_TO_DECEL=3000
;TYPE:Sparse infill
;WIDTH:0.45
G1 F5159
G1 X144.321 Y136.638 E.05291
G1 X140 Y132.317 E.19861
G1 X143.459 Y129.275 E.14968
G1 X142.264 Y127.916 E.05882
G1 X142.802 Y127.443 E.02328
G1 X148.406 Y133.047 E.25754
G1 X152.491 Y129.456 E.17674
G1 X146.887 Y123.852 E.25754
G1 X150.971 Y120.26 E.17674
G1 X156.576 Y125.865 E.25754
G1 X155.353 Y126.94 E.05291
SET_VELOCITY_LIMIT ACCEL=8000 ACCEL_TO_DECEL=4000
G1 X159.742 Y108.302 F24000
SET_VELOCITY_LIMIT ACCEL=6000 ACCEL_TO_DECEL=3000
G1 F5159
G1 X160.965 Y107.227 E.05291
G1 X165.3 Y111.562 E.19921
G1 X168.175 Y114.831 E.14146
G1 X161.253 Y121.753 E.31808
G1 X160.66 Y122.274 E.02564
G1 X155.056 Y116.669 E.25754
G1 X158.035 Y114.05 E.1289
G1 X155.962 Y111.692 E.10204
G1 X156.511 Y111.143 E.02521
G1 X156.881 Y110.818 E.01601
G1 X164.745 Y118.682 E.36142
SET_VELOCITY_LIMIT ACCEL=8000 ACCEL_TO_DECEL=4000
G1 X124.84 Y152.734 F24000
SET_VELOCITY_LIMIT ACCEL=6000 ACCEL_TO_DECEL=3000
G1 F5159
G1 X123.46 Y151.87 E.05291
G1 X164.583 Y110.746 E1.88982
G1 E-.8 F2400
;WIPE_START
G1 F6141.304
G1 X163.169 Y112.16
;WIPE_END
SET_VELOCITY_LIMIT ACCEL=8000 ACCEL_TO_DECEL=4000
G1 X156.775 Y116.328 Z8.2 F24000
G1 X112.642 Y145.091 Z8.2
G1 Z7.8
G1 E.8 F2400
SET_VELOCITY_LIMIT ACCEL=6000 ACCEL_TO_DECEL=3000
G1 F5159
G1 X114.022 Y145.956 E.05291
G1 X128.609 Y131.368 E.67036
G1 X124.178 Y128.124 E.17847
G1 X109.303 Y142.999 E.68356
G1 X104.584 Y140.042 E.18096
G1 X119.746 Y124.88 E.69676
G1 X115.314 Y121.636 E.17847
G1 X99.865 Y137.085 E.70996
G1 X96.777 Y135.15 E.11842
G1 X91.562 Y129.935 E.23963
G1 X91.565 Y130.033 E.00318
G1 X106.451 Y115.147 E.68408
G1 X110.286 Y117.955 E.15445
G1 X136.152 Y143.821 E1.18866
G1 X140.237 Y140.229 E.17674
G1 X135.915 Y135.908 E.19861
M73 P35 R25
G1 X135.413 Y136.349 E.02172
G1 X133.041 Y134.613 E.09552
G1 X118.741 Y148.913 E.65716
G1 X117.335 Y148.032 E.0539
G1 X91.381 Y122.078 E1.1927
G1 X91.392 Y122.53 E.01469
G1 X102.019 Y111.903 E.48837
G1 X97.587 Y108.659 E.17847
G1 X91.219 Y115.027 E.29266
G1 X91.2 Y114.221 E.0262
G1 X127.982 Y151.003 E1.6903
G1 X132.067 Y147.412 E.17674
G1 X91.317 Y106.662 E1.87263
G1 X91.922 Y106.648 E.01964
G1 X91.046 Y107.524 E.04025
G1 X91.083 Y109.152 E.05291
SET_VELOCITY_LIMIT ACCEL=8000 ACCEL_TO_DECEL=4000
G1 X92.952 Y134.731 F24000
SET_VELOCITY_LIMIT ACCEL=6000 ACCEL_TO_DECEL=3000
G1 F5159
G1 X94.58 Y134.694 E.05291
G1 X110.882 Y118.391 E.74917
;TIME_ELAPSED:821.628723

;LAYER_CHANGE
;:8
;HEIGHT:0.2
;BEFORE_LAYER_CHANGE
;8
G92 E0

G1 E-.8 F2400
;WIPE_START
G1 F6141.304
G1 X109.468 Y119.806
;WIPE_END
EXCLUDE_OBJECT_END NAME=arm.stl_id_0_copy_0
;_SET_FAN_SPEED_CHANGING_LAYER
; OBJECT_ID: 15
EXCLUDE_OBJECT_START NAME=arm.stl_id_0_copy_0
SET_VELOCITY_LIMIT ACCEL=8000 ACCEL_TO_DECEL=4000
G1 X117.033 Y118.791 Z8.2 F24000
G1 X157.026 Y113.43 Z8.2
G1 Z8
G1 E.8 F2400
SET_VELOCITY_LIMIT ACCEL=4000 ACCEL_TO_DECEL=2000 SQUARE_CORNER_VELOCITY=6
;TYPE:Inner wall
G1 F5068
G1 X155.438 Y111.623 E.07818
G1 X161.292 Y106.475 E.25332
G1 X169.081 Y115.334 E.3833
G1 X125.56 Y153.597 E1.88305
G1 X95.901 Y135.012 E1.13734
G1 X91.334 Y135.117 E.14845
G1 X90.67 Y106.329 E.93572
G1 X94.862 Y106.232 E.13626
G1 X135.393 Y135.903 E1.63223
G1 X142.967 Y129.244 E.32773
G1 X141.772 Y127.884 E.05882
G1 X157.544 Y114.018 E.68239
G1 X157.066 Y113.475 E.02353
G1 E-.8 F2400
;WIPE_START
G1 F6141.304
G1 X155.745 Y111.973
;WIPE_END
SET_VELOCITY_LIMIT ACCEL=8000 ACCEL_TO_DECEL=4000 SQUARE_CORNER_VELOCITY=8
G1 X149.864 Y116.838 Z8.4 F24000
G1 X143.695 Y121.941 Z8.4
G1 Z8
G1 E.8 F2400
SET_VELOCITY_LIMIT ACCEL=4000 ACCEL_TO_DECEL=2000 SQUARE_CORNER_VELOCITY=6
G1 F5068
G1 X143.418 Y122.184 E.01198
G1 X142.431 Y121.061 E.04861
G1 X142.919 Y120.632 E.02111
G1 X145.037 Y120.761 E.06897
G1 X143.74 Y121.901 E.05612
G1 E-.8 F2400
;WIPE_START
G1 F6141.304
G1 X143.418 Y122.184
G1 X142.431 Y121.061
G1 X142.488 Y121.011
;WIPE_END
SET_VELOCITY_LIMIT ACCEL=8000 ACCEL_TO_DECEL=4000 SQUARE_CORNER_VELOCITY=8
G1 X149.356 Y117.682 Z8.4 F24000
G1 X156.991 Y113.983 Z8.4
G1 Z8
G1 E.8 F2400
SET_VELOCITY_LIMIT ACCEL=4000 ACCEL_TO_DECEL=2000 SQUARE_CORNER_VELOCITY=6
;TYPE:Outer wall
;WIDTH:0.42
G1 F5068
G1 X155.399 Y112.173 E.07254
G1 X143.383 Y122.737 E.4816
G1 X141.877 Y121.025 E.06863
G1 X142.781 Y120.23 E.03622
G1 X144.906 Y120.36 E.06407
G1 X161.328 Y105.922 E.65818
G1 X169.634 Y115.37 E.37866
G1 X125.599 Y154.084 E1.76488
G1 X95.792 Y135.406 E1.05877
G1 X90.951 Y135.518 E.14577
G1 X90.269 Y105.946 E.89036
G1 X94.986 Y105.837 E.14203
G1 X135.37 Y135.4 E1.50647
G1 X142.414 Y129.208 E.2823
G1 X141.219 Y127.849 E.05448
G1 X156.945 Y114.023 E.6303
G1 E-.8 F2400
;WIPE_START
G1 F6629.9
G1 X155.663 Y112.488
;WIPE_END
SET_VELOCITY_LIMIT ACCEL=8000 ACCEL_TO_DECEL=4000 SQUARE_CORNER_VELOCITY=8
G1 X155.289 Y111.751 Z8.4 F24000
G1 Z8
G1 E.8 F2400
SET_VELOCITY_LIMIT ACCEL=6000 ACCEL_TO_DECEL=3000
;TYPE:Gap infill
;WIDTH:0.430844
G1 F5068
G1 X145.249 Y120.577 E.41395
SET_VELOCITY_LIMIT ACCEL=8000 ACCEL_TO_DECEL=4000
G1 X143.018 Y121.098 F24000
SET_VELOCITY_LIMIT ACCEL=6000 ACCEL_TO_DECEL=3000
;TYPE:Internal solid infill
;WIDTH:0.468625
G1 F5068
G1 X143.456 Y121.596 E.02253
G1 X144.004 Y121.115 E.02478
G1 X143.063 Y121.059 E.03201
G1 E-.8 F2400
;WIPE_START
G1 F5872.611
G1 X144.004 Y121.115
G1 X143.456 Y121.596
G1 X143.239 Y121.349
;WIPE_END
SET_VELOCITY_LIMIT ACCEL=8000 ACCEL_TO_DECEL=4000
G1 X150.169 Y124.548 Z8.4 F24000
G1 X155.353 Y126.94 Z8.4
G1 Z8
G1 E.8 F2400
SET_VELOCITY_LIMIT ACCEL=6000 ACCEL_TO_DECEL=3000
;TYPE:Sparse infill
;WIDTH:0.45
G1 F5068
G1 X156.576 Y125.865 E.05291
G1 X150.971 Y120.26 E.25754
G1 X146.887 Y123.852 E.17674
G1 X152.491 Y129.456 E.25754
G1 X148.406 Y133.047 E.17674
G1 X142.802 Y127.443 E.25754
G1 X142.264 Y127.916 E.02328
G1 X143.459 Y129.275 E.05882
G1 X140 Y132.317 E.14968
G1 X144.321 Y136.638 E.19861
G1 X143.098 Y137.713 E.05291
SET_VELOCITY_LIMIT ACCEL=8000 ACCEL_TO_DECEL=4000
G1 X164.745 Y118.682 F24000
SET_VELOCITY_LIMIT ACCEL=6000 ACCEL_TO_DECEL=3000
G1 F5068
G1 X156.881 Y110.818 E.36142
G1 X156.511 Y111.143 E.01601
G1 X155.962 Y111.692 E.02521
G1 X158.035 Y114.05 E.10204
G1 X155.056 Y116.669 E.1289
G1 X160.66 Y122.274 E.25754
G1 X161.253 Y121.753 E.02564
G1 X168.175 Y114.831 E.31808
G1 X165.3 Y111.562 E.14146
G1 X160.965 Y107.227 E.19921
G1 X159.742 Y108.302 E.05291
SET_VELOCITY_LIMIT ACCEL=8000 ACCEL_TO_DECEL=4000
G1 X164.583 Y110.746 F24000
SET_VELOCITY_LIMIT ACCEL=6000 ACCEL_TO_DECEL=3000
G1 F5068
G1 X123.46 Y151.87 E1.88982
G1 X124.84 Y152.734 E.05291
SET_VELOCITY_LIMIT ACCEL=8000 ACCEL_TO_DECEL=4000
G1 X110.882 Y118.391 F24000
SET_VELOCITY_LIMIT ACCEL=6000 ACCEL_TO_DECEL=3000
G1 F5068
G1 X94.58 Y134.694 E.74917
G1 X92.952 Y134.731 E.05291
SET_VELOCITY_LIMIT ACCEL=8000 ACCEL_TO_DECEL=4000
G1 X91.083 Y109.152 F24000
SET_VELOCITY_LIMIT ACCEL=6000 ACCEL_TO_DECEL=3000
G1 F5068
G1 X91.046 Y107.524 E.05291
G1 X91.922 Y106.648 E.04025
G1 X91.317 Y106.662 E.01964
G1 X132.067 Y147.412 E1.87263
G1 X127.982 Y151.003 E.17674
G1 X91.2 Y114.221 E1.6903
G1 X91.219 Y115.027 E.0262
G1 X97.587 Y108.659 E.29266
G1 X102.019 Y111.903 E.17847
G1 X91.392 Y122.53 E.48837
G1 X91.381 Y122.078 E.01469
G1 X117.335 Y148.032 E1.1927
G1 X118.741 Y148.913 E.0539
G1 X133.041 Y134.613 E.65716
G1 X135.413 Y136.349 E.09552
G1 X135.915 Y135.908 E.02172
G1 X140.237 Y140.229 E.19861
G1 X136.152 Y143.821 E.17674
G1 X110.286 Y117.955 E1.18866
G1 X106.451 Y115.147 E.15445
G1 X91.565 Y130.033 E.68408
G1 X91.562 Y129.935 E.00318
G1 X96.777 Y135.15 E.23963
G1 X99.865 Y137.085 E.11842
G1 X115.314 Y121.636 E.70996
G1 X119.746 Y124.88 E.17847
G1 X104.584 Y140.042 E.69676
G1 X109.303 Y142.999 E.18096
G1 X124.178 Y128.124 E.68356
G1 X128.609 Y131.368 E.17847
G1 X114.022 Y145.956 E.67036
G1 X112.642 Y145.091 E.05291
;TIME_ELAPSED:838.484863

;LAYER_CHANGE
;:8.2
;HEIGHT:0.2
;BEFORE_LAYER_CHANGE
;8.2
G92 E0

M73 P35 R24
G1 E-.8 F2400
;WIPE_START
G1 F6141.304
G1 X114.022 Y145.956
G1 X114.285 Y145.693
;WIPE_END
EXCLUDE_OBJECT_END NAME=arm.stl_id_0_copy_0
;_SET_FAN_SPEED_CHANGING_LAYER
; OBJECT_ID: 15
EXCLUDE_OBJECT_START NAME=arm.stl_id_0_copy_0
SET_VELOCITY_LIMIT ACCEL=8000 ACCEL_TO_DECEL=4000
G1 X120.376 Y141.095 Z8.4 F24000
G1 X157.026 Y113.43 Z8.4
G1 Z8.2
G1 E.8 F2400
SET_VELOCITY_LIMIT ACCEL=4000 ACCEL_TO_DECEL=2000 SQUARE_CORNER_VELOCITY=6
;TYPE:Inner wall
G1 F5159
G1 X155.438 Y111.623 E.07818
G1 X161.292 Y106.475 E.25332
G1 X169.081 Y115.334 E.3833
G1 X125.56 Y153.597 E1.88305
G1 X95.901 Y135.012 E1.13734
G1 X91.334 Y135.117 E.14845
G1 X90.67 Y106.329 E.93572
G1 X94.862 Y106.232 E.13626
G1 X135.393 Y135.903 E1.63223
G1 X142.967 Y129.244 E.32773
G1 X141.772 Y127.884 E.05882
M73 P36 R24
G1 X157.544 Y114.018 E.68239
G1 X157.066 Y113.475 E.02353
G1 E-.8 F2400
;WIPE_START
G1 F6141.304
G1 X155.745 Y111.973
;WIPE_END
SET_VELOCITY_LIMIT ACCEL=8000 ACCEL_TO_DECEL=4000 SQUARE_CORNER_VELOCITY=8
G1 X149.864 Y116.838 Z8.6 F24000
G1 X143.695 Y121.941 Z8.6
G1 Z8.2
G1 E.8 F2400
SET_VELOCITY_LIMIT ACCEL=4000 ACCEL_TO_DECEL=2000 SQUARE_CORNER_VELOCITY=6
G1 F5159
G1 X143.418 Y122.184 E.01198
G1 X142.431 Y121.061 E.04861
G1 X142.919 Y120.632 E.02111
G1 X145.037 Y120.761 E.06897
G1 X143.74 Y121.901 E.05612
G1 E-.8 F2400
;WIPE_START
G1 F6141.304
G1 X143.418 Y122.184
G1 X142.431 Y121.061
G1 X142.488 Y121.011
;WIPE_END
SET_VELOCITY_LIMIT ACCEL=8000 ACCEL_TO_DECEL=4000 SQUARE_CORNER_VELOCITY=8
G1 X149.356 Y117.682 Z8.6 F24000
G1 X156.991 Y113.983 Z8.6
G1 Z8.2
G1 E.8 F2400
SET_VELOCITY_LIMIT ACCEL=4000 ACCEL_TO_DECEL=2000 SQUARE_CORNER_VELOCITY=6
;TYPE:Outer wall
;WIDTH:0.42
G1 F5159
G1 X155.399 Y112.173 E.07254
G1 X143.383 Y122.737 E.4816
G1 X141.877 Y121.025 E.06863
G1 X142.781 Y120.23 E.03622
G1 X144.906 Y120.36 E.06407
G1 X161.328 Y105.922 E.65818
G1 X169.634 Y115.37 E.37866
G1 X125.599 Y154.084 E1.76488
G1 X95.792 Y135.406 E1.05877
G1 X90.951 Y135.518 E.14577
G1 X90.269 Y105.946 E.89036
G1 X94.986 Y105.837 E.14203
G1 X135.37 Y135.4 E1.50647
G1 X142.414 Y129.208 E.2823
G1 X141.219 Y127.849 E.05448
G1 X156.945 Y114.023 E.6303
G1 E-.8 F2400
;WIPE_START
G1 F6629.9
G1 X155.663 Y112.488
;WIPE_END
SET_VELOCITY_LIMIT ACCEL=8000 ACCEL_TO_DECEL=4000 SQUARE_CORNER_VELOCITY=8
G1 X155.289 Y111.751 Z8.6 F24000
G1 Z8.2
G1 E.8 F2400
SET_VELOCITY_LIMIT ACCEL=6000 ACCEL_TO_DECEL=3000
;TYPE:Gap infill
;WIDTH:0.430844
G1 F5159
G1 X145.249 Y120.577 E.41395
SET_VELOCITY_LIMIT ACCEL=8000 ACCEL_TO_DECEL=4000
G1 X143.018 Y121.098 F24000
SET_VELOCITY_LIMIT ACCEL=6000 ACCEL_TO_DECEL=3000
;TYPE:Internal solid infill
;WIDTH:0.468625
G1 F5159
G1 X143.456 Y121.596 E.02253
G1 X144.004 Y121.115 E.02478
G1 X143.063 Y121.059 E.03201
G1 E-.8 F2400
;WIPE_START
G1 F5872.611
G1 X144.004 Y121.115
G1 X143.456 Y121.596
G1 X143.239 Y121.349
;WIPE_END
SET_VELOCITY_LIMIT ACCEL=8000 ACCEL_TO_DECEL=4000
G1 X143.173 Y128.982 Z8.6 F24000
G1 X143.098 Y137.713 Z8.6
G1 Z8.2
G1 E.8 F2400
SET_VELOCITY_LIMIT ACCEL=6000 ACCEL_TO_DECEL=3000
;TYPE:Sparse infill
;WIDTH:0.45
G1 F5159
G1 X144.321 Y136.638 E.05291
G1 X140 Y132.317 E.19861
G1 X143.459 Y129.275 E.14968
G1 X142.264 Y127.916 E.05882
G1 X142.802 Y127.443 E.02328
G1 X148.406 Y133.047 E.25754
G1 X152.491 Y129.456 E.17674
G1 X146.887 Y123.852 E.25754
G1 X150.971 Y120.26 E.17674
G1 X156.576 Y125.865 E.25754
G1 X155.353 Y126.94 E.05291
SET_VELOCITY_LIMIT ACCEL=8000 ACCEL_TO_DECEL=4000
G1 X159.742 Y108.302 F24000
SET_VELOCITY_LIMIT ACCEL=6000 ACCEL_TO_DECEL=3000
G1 F5159
G1 X160.965 Y107.227 E.05291
G1 X165.3 Y111.562 E.19921
G1 X168.175 Y114.831 E.14146
G1 X161.253 Y121.753 E.31808
G1 X160.66 Y122.274 E.02564
G1 X155.056 Y116.669 E.25754
G1 X158.035 Y114.05 E.1289
G1 X155.962 Y111.692 E.10204
G1 X156.511 Y111.143 E.02521
G1 X156.881 Y110.818 E.01601
G1 X164.745 Y118.682 E.36142
SET_VELOCITY_LIMIT ACCEL=8000 ACCEL_TO_DECEL=4000
G1 X124.84 Y152.734 F24000
SET_VELOCITY_LIMIT ACCEL=6000 ACCEL_TO_DECEL=3000
G1 F5159
G1 X123.46 Y151.87 E.05291
G1 X164.583 Y110.746 E1.88982
G1 E-.8 F2400
;WIPE_START
G1 F6141.304
G1 X163.169 Y112.16
;WIPE_END
SET_VELOCITY_LIMIT ACCEL=8000 ACCEL_TO_DECEL=4000
G1 X156.775 Y116.328 Z8.6 F24000
G1 X112.642 Y145.091 Z8.6
G1 Z8.2
G1 E.8 F2400
SET_VELOCITY_LIMIT ACCEL=6000 ACCEL_TO_DECEL=3000
G1 F5159
G1 X114.022 Y145.956 E.05291
G1 X128.609 Y131.368 E.67036
G1 X124.178 Y128.124 E.17847
G1 X109.303 Y142.999 E.68356
G1 X104.584 Y140.042 E.18096
G1 X119.746 Y124.88 E.69676
G1 X115.314 Y121.636 E.17847
G1 X99.865 Y137.085 E.70996
G1 X96.777 Y135.15 E.11842
G1 X91.562 Y129.935 E.23963
G1 X91.565 Y130.033 E.00318
G1 X106.451 Y115.147 E.68408
G1 X110.286 Y117.955 E.15445
G1 X136.152 Y143.821 E1.18866
G1 X140.237 Y140.229 E.17674
G1 X135.915 Y135.908 E.19861
G1 X135.413 Y136.349 E.02172
G1 X133.041 Y134.613 E.09552
G1 X118.741 Y148.913 E.65716
G1 X117.335 Y148.032 E.0539
G1 X91.381 Y122.078 E1.1927
G1 X91.392 Y122.53 E.01469
G1 X102.019 Y111.903 E.48837
G1 X97.587 Y108.659 E.17847
G1 X91.219 Y115.027 E.29266
G1 X91.2 Y114.221 E.0262
G1 X127.982 Y151.003 E1.6903
G1 X132.067 Y147.412 E.17674
G1 X91.317 Y106.662 E1.87263
G1 X91.922 Y106.648 E.01964
G1 X91.046 Y107.524 E.04025
G1 X91.083 Y109.152 E.05291
SET_VELOCITY_LIMIT ACCEL=8000 ACCEL_TO_DECEL=4000
G1 X92.952 Y134.731 F24000
SET_VELOCITY_LIMIT ACCEL=6000 ACCEL_TO_DECEL=3000
G1 F5159
G1 X94.58 Y134.694 E.05291
G1 X110.882 Y118.391 E.74917
;TIME_ELAPSED:855.679382

;LAYER_CHANGE
;:8.4
;HEIGHT:0.2
;BEFORE_LAYER_CHANGE
;8.4
G92 E0

G1 E-.8 F2400
;WIPE_START
G1 F6141.304
G1 X109.468 Y119.806
;WIPE_END
EXCLUDE_OBJECT_END NAME=arm.stl_id_0_copy_0
;_SET_FAN_SPEED_CHANGING_LAYER
; OBJECT_ID: 15
EXCLUDE_OBJECT_START NAME=arm.stl_id_0_copy_0
SET_VELOCITY_LIMIT ACCEL=8000 ACCEL_TO_DECEL=4000
G1 X117.033 Y118.791 Z8.6 F24000
G1 X157.026 Y113.43 Z8.6
G1 Z8.4
G1 E.8 F2400
SET_VELOCITY_LIMIT ACCEL=4000 ACCEL_TO_DECEL=2000 SQUARE_CORNER_VELOCITY=6
;TYPE:Inner wall
G1 F5068
G1 X155.438 Y111.623 E.07818
G1 X161.292 Y106.475 E.25332
G1 X169.081 Y115.334 E.3833
G1 X125.56 Y153.597 E1.88305
G1 X95.901 Y135.012 E1.13734
G1 X91.334 Y135.117 E.14845
G1 X90.67 Y106.329 E.93572
G1 X94.862 Y106.232 E.13626
G1 X135.393 Y135.903 E1.63223
G1 X142.967 Y129.244 E.32773
G1 X141.772 Y127.884 E.05882
G1 X157.544 Y114.018 E.68239
G1 X157.066 Y113.475 E.02353
G1 E-.8 F2400
;WIPE_START
G1 F6141.304
G1 X155.745 Y111.973
;WIPE_END
SET_VELOCITY_LIMIT ACCEL=8000 ACCEL_TO_DECEL=4000 SQUARE_CORNER_VELOCITY=8
G1 X149.864 Y116.838 Z8.8 F24000
G1 X143.695 Y121.941 Z8.8
G1 Z8.4
G1 E.8 F2400
SET_VELOCITY_LIMIT ACCEL=4000 ACCEL_TO_DECEL=2000 SQUARE_CORNER_VELOCITY=6
G1 F5068
G1 X143.418 Y122.184 E.01198
G1 X142.431 Y121.061 E.04861
G1 X142.919 Y120.632 E.02111
G1 X145.037 Y120.761 E.06897
G1 X143.74 Y121.901 E.05612
G1 E-.8 F2400
;WIPE_START
G1 F6141.304
G1 X143.418 Y122.184
G1 X142.431 Y121.061
G1 X142.488 Y121.011
;WIPE_END
SET_VELOCITY_LIMIT ACCEL=8000 ACCEL_TO_DECEL=4000 SQUARE_CORNER_VELOCITY=8
G1 X149.356 Y117.682 Z8.8 F24000
G1 X156.991 Y113.983 Z8.8
G1 Z8.4
G1 E.8 F2400
SET_VELOCITY_LIMIT ACCEL=4000 ACCEL_TO_DECEL=2000 SQUARE_CORNER_VELOCITY=6
;TYPE:Outer wall
;WIDTH:0.42
G1 F5068
G1 X155.399 Y112.173 E.07254
G1 X143.383 Y122.737 E.4816
G1 X141.877 Y121.025 E.06863
G1 X142.781 Y120.23 E.03622
G1 X144.906 Y120.36 E.06407
G1 X161.328 Y105.922 E.65818
G1 X169.634 Y115.37 E.37866
G1 X125.599 Y154.084 E1.76488
G1 X95.792 Y135.406 E1.05877
G1 X90.951 Y135.518 E.14577
G1 X90.269 Y105.946 E.89036
G1 X94.986 Y105.837 E.14203
G1 X135.37 Y135.4 E1.50647
G1 X142.414 Y129.208 E.2823
G1 X141.219 Y127.849 E.05448
G1 X156.945 Y114.023 E.6303
G1 E-.8 F2400
;WIPE_START
G1 F6629.9
G1 X155.663 Y112.488
;WIPE_END
SET_VELOCITY_LIMIT ACCEL=8000 ACCEL_TO_DECEL=4000 SQUARE_CORNER_VELOCITY=8
G1 X155.289 Y111.751 Z8.8 F24000
G1 Z8.4
G1 E.8 F2400
SET_VELOCITY_LIMIT ACCEL=6000 ACCEL_TO_DECEL=3000
;TYPE:Gap infill
;WIDTH:0.430844
G1 F5068
G1 X145.249 Y120.577 E.41395
SET_VELOCITY_LIMIT ACCEL=8000 ACCEL_TO_DECEL=4000
G1 X143.018 Y121.098 F24000
SET_VELOCITY_LIMIT ACCEL=6000 ACCEL_TO_DECEL=3000
;TYPE:Internal solid infill
;WIDTH:0.468625
G1 F5068
G1 X143.456 Y121.596 E.02253
G1 X144.004 Y121.115 E.02478
G1 X143.063 Y121.059 E.03201
G1 E-.8 F2400
;WIPE_START
G1 F5872.611
G1 X144.004 Y121.115
G1 X143.456 Y121.596
G1 X143.239 Y121.349
;WIPE_END
SET_VELOCITY_LIMIT ACCEL=8000 ACCEL_TO_DECEL=4000
G1 X150.169 Y124.548 Z8.8 F24000
G1 X155.353 Y126.94 Z8.8
G1 Z8.4
G1 E.8 F2400
SET_VELOCITY_LIMIT ACCEL=6000 ACCEL_TO_DECEL=3000
;TYPE:Sparse infill
;WIDTH:0.45
G1 F5068
G1 X156.576 Y125.865 E.05291
G1 X150.971 Y120.26 E.25754
G1 X146.887 Y123.852 E.17674
G1 X152.491 Y129.456 E.25754
G1 X148.406 Y133.047 E.17674
M73 P37 R24
G1 X142.802 Y127.443 E.25754
G1 X142.264 Y127.916 E.02328
G1 X143.459 Y129.275 E.05882
G1 X140 Y132.317 E.14968
G1 X144.321 Y136.638 E.19861
G1 X143.098 Y137.713 E.05291
SET_VELOCITY_LIMIT ACCEL=8000 ACCEL_TO_DECEL=4000
G1 X164.745 Y118.682 F24000
SET_VELOCITY_LIMIT ACCEL=6000 ACCEL_TO_DECEL=3000
G1 F5068
G1 X156.881 Y110.818 E.36142
G1 X156.511 Y111.143 E.01601
G1 X155.962 Y111.692 E.02521
G1 X158.035 Y114.05 E.10204
G1 X155.056 Y116.669 E.1289
G1 X160.66 Y122.274 E.25754
G1 X161.253 Y121.753 E.02564
G1 X168.175 Y114.831 E.31808
G1 X165.3 Y111.562 E.14146
G1 X160.965 Y107.227 E.19921
G1 X159.742 Y108.302 E.05291
SET_VELOCITY_LIMIT ACCEL=8000 ACCEL_TO_DECEL=4000
G1 X164.583 Y110.746 F24000
SET_VELOCITY_LIMIT ACCEL=6000 ACCEL_TO_DECEL=3000
G1 F5068
G1 X123.46 Y151.87 E1.88982
G1 X124.84 Y152.734 E.05291
SET_VELOCITY_LIMIT ACCEL=8000 ACCEL_TO_DECEL=4000
G1 X110.882 Y118.391 F24000
SET_VELOCITY_LIMIT ACCEL=6000 ACCEL_TO_DECEL=3000
G1 F5068
G1 X94.58 Y134.694 E.74917
G1 X92.952 Y134.731 E.05291
SET_VELOCITY_LIMIT ACCEL=8000 ACCEL_TO_DECEL=4000
G1 X91.083 Y109.152 F24000
SET_VELOCITY_LIMIT ACCEL=6000 ACCEL_TO_DECEL=3000
G1 F5068
G1 X91.046 Y107.524 E.05291
G1 X91.922 Y106.648 E.04025
G1 X91.317 Y106.662 E.01964
G1 X132.067 Y147.412 E1.87263
G1 X127.982 Y151.003 E.17674
G1 X91.2 Y114.221 E1.6903
G1 X91.219 Y115.027 E.0262
G1 X97.587 Y108.659 E.29266
G1 X102.019 Y111.903 E.17847
G1 X91.392 Y122.53 E.48837
G1 X91.381 Y122.078 E.01469
G1 X117.335 Y148.032 E1.1927
G1 X118.741 Y148.913 E.0539
G1 X133.041 Y134.613 E.65716
G1 X135.413 Y136.349 E.09552
G1 X135.915 Y135.908 E.02172
G1 X140.237 Y140.229 E.19861
G1 X136.152 Y143.821 E.17674
G1 X110.286 Y117.955 E1.18866
G1 X106.451 Y115.147 E.15445
G1 X91.565 Y130.033 E.68408
G1 X91.562 Y129.935 E.00318
G1 X96.777 Y135.15 E.23963
G1 X99.865 Y137.085 E.11842
G1 X115.314 Y121.636 E.70996
G1 X119.746 Y124.88 E.17847
G1 X104.584 Y140.042 E.69676
G1 X109.303 Y142.999 E.18096
G1 X124.178 Y128.124 E.68356
G1 X128.609 Y131.368 E.17847
G1 X114.022 Y145.956 E.67036
G1 X112.642 Y145.091 E.05291
;TIME_ELAPSED:872.535583

;LAYER_CHANGE
;:8.6
;HEIGHT:0.200001
;BEFORE_LAYER_CHANGE
;8.6
G92 E0

G1 E-.8 F2400
;WIPE_START
G1 F6141.304
G1 X114.022 Y145.956
G1 X114.285 Y145.693
;WIPE_END
EXCLUDE_OBJECT_END NAME=arm.stl_id_0_copy_0
;_SET_FAN_SPEED_CHANGING_LAYER
; OBJECT_ID: 15
EXCLUDE_OBJECT_START NAME=arm.stl_id_0_copy_0
SET_VELOCITY_LIMIT ACCEL=8000 ACCEL_TO_DECEL=4000
G1 X120.376 Y141.095 Z8.8 F24000
G1 X157.026 Y113.43 Z8.8
G1 Z8.6
G1 E.8 F2400
SET_VELOCITY_LIMIT ACCEL=4000 ACCEL_TO_DECEL=2000 SQUARE_CORNER_VELOCITY=6
;TYPE:Inner wall
G1 F5159
G1 X155.438 Y111.623 E.07818
G1 X161.292 Y106.475 E.25332
G1 X169.081 Y115.334 E.3833
G1 X125.56 Y153.597 E1.88305
G1 X95.901 Y135.012 E1.13734
G1 X91.334 Y135.117 E.14845
G1 X90.67 Y106.329 E.93572
G1 X94.862 Y106.232 E.13626
G1 X135.393 Y135.903 E1.63223
G1 X142.967 Y129.244 E.32773
G1 X141.772 Y127.884 E.05882
G1 X157.544 Y114.018 E.68239
G1 X157.066 Y113.475 E.02353
G1 E-.8 F2400
;WIPE_START
G1 F6141.304
G1 X155.745 Y111.973
;WIPE_END
SET_VELOCITY_LIMIT ACCEL=8000 ACCEL_TO_DECEL=4000 SQUARE_CORNER_VELOCITY=8
G1 X149.864 Y116.838 Z9 F24000
G1 X143.695 Y121.941 Z9
G1 Z8.6
G1 E.8 F2400
SET_VELOCITY_LIMIT ACCEL=4000 ACCEL_TO_DECEL=2000 SQUARE_CORNER_VELOCITY=6
G1 F5159
G1 X143.418 Y122.184 E.01198
G1 X142.431 Y121.061 E.04861
G1 X142.919 Y120.632 E.02111
G1 X145.037 Y120.761 E.06897
G1 X143.74 Y121.901 E.05612
G1 E-.8 F2400
;WIPE_START
G1 F6141.304
G1 X143.418 Y122.184
G1 X142.431 Y121.061
G1 X142.488 Y121.011
;WIPE_END
SET_VELOCITY_LIMIT ACCEL=8000 ACCEL_TO_DECEL=4000 SQUARE_CORNER_VELOCITY=8
G1 X149.356 Y117.682 Z9 F24000
G1 X156.991 Y113.983 Z9
G1 Z8.6
G1 E.8 F2400
SET_VELOCITY_LIMIT ACCEL=4000 ACCEL_TO_DECEL=2000 SQUARE_CORNER_VELOCITY=6
;TYPE:Outer wall
;WIDTH:0.42
G1 F5159
G1 X155.399 Y112.173 E.07254
G1 X143.383 Y122.737 E.4816
G1 X141.877 Y121.025 E.06863
G1 X142.781 Y120.23 E.03622
G1 X144.906 Y120.36 E.06407
G1 X161.328 Y105.922 E.65818
G1 X169.634 Y115.37 E.37866
G1 X125.599 Y154.084 E1.76488
G1 X95.792 Y135.406 E1.05877
G1 X90.951 Y135.518 E.14577
G1 X90.269 Y105.946 E.89036
G1 X94.986 Y105.837 E.14203
G1 X135.37 Y135.4 E1.50647
G1 X142.414 Y129.208 E.2823
G1 X141.219 Y127.849 E.05448
G1 X156.945 Y114.023 E.6303
G1 E-.8 F2400
;WIPE_START
G1 F6629.9
G1 X155.663 Y112.488
;WIPE_END
SET_VELOCITY_LIMIT ACCEL=8000 ACCEL_TO_DECEL=4000 SQUARE_CORNER_VELOCITY=8
G1 X155.289 Y111.751 Z9 F24000
G1 Z8.6
G1 E.8 F2400
SET_VELOCITY_LIMIT ACCEL=6000 ACCEL_TO_DECEL=3000
;TYPE:Gap infill
;WIDTH:0.430844
G1 F5159
G1 X145.249 Y120.577 E.41395
SET_VELOCITY_LIMIT ACCEL=8000 ACCEL_TO_DECEL=4000
G1 X143.018 Y121.098 F24000
SET_VELOCITY_LIMIT ACCEL=6000 ACCEL_TO_DECEL=3000
;TYPE:Internal solid infill
;WIDTH:0.468625
G1 F5159
G1 X143.456 Y121.596 E.02253
G1 X144.004 Y121.115 E.02478
G1 X143.063 Y121.059 E.03201
G1 E-.8 F2400
;WIPE_START
G1 F5872.611
G1 X144.004 Y121.115
G1 X143.456 Y121.596
G1 X143.239 Y121.349
;WIPE_END
SET_VELOCITY_LIMIT ACCEL=8000 ACCEL_TO_DECEL=4000
G1 X143.173 Y128.982 Z9 F24000
G1 X143.098 Y137.713 Z9
G1 Z8.6
G1 E.8 F2400
SET_VELOCITY_LIMIT ACCEL=6000 ACCEL_TO_DECEL=3000
;TYPE:Sparse infill
;WIDTH:0.45
G1 F5159
G1 X144.321 Y136.638 E.05291
G1 X140 Y132.317 E.19861
G1 X143.459 Y129.275 E.14968
G1 X142.264 Y127.916 E.05882
G1 X142.802 Y127.443 E.02328
G1 X148.406 Y133.047 E.25754
G1 X152.491 Y129.456 E.17674
G1 X146.887 Y123.852 E.25754
G1 X150.971 Y120.26 E.17674
G1 X156.576 Y125.865 E.25754
G1 X155.353 Y126.94 E.05291
SET_VELOCITY_LIMIT ACCEL=8000 ACCEL_TO_DECEL=4000
G1 X159.742 Y108.302 F24000
SET_VELOCITY_LIMIT ACCEL=6000 ACCEL_TO_DECEL=3000
G1 F5159
G1 X160.965 Y107.227 E.05291
G1 X165.3 Y111.562 E.19921
G1 X168.175 Y114.831 E.14146
G1 X161.253 Y121.753 E.31808
G1 X160.66 Y122.274 E.02564
G1 X155.056 Y116.669 E.25754
G1 X158.035 Y114.05 E.1289
G1 X155.962 Y111.692 E.10204
G1 X156.511 Y111.143 E.02521
G1 X156.881 Y110.818 E.01601
G1 X164.745 Y118.682 E.36142
SET_VELOCITY_LIMIT ACCEL=8000 ACCEL_TO_DECEL=4000
G1 X124.84 Y152.734 F24000
SET_VELOCITY_LIMIT ACCEL=6000 ACCEL_TO_DECEL=3000
G1 F5159
G1 X123.46 Y151.87 E.05291
G1 X164.583 Y110.746 E1.88982
G1 E-.8 F2400
;WIPE_START
G1 F6141.304
G1 X163.169 Y112.16
;WIPE_END
SET_VELOCITY_LIMIT ACCEL=8000 ACCEL_TO_DECEL=4000
G1 X156.775 Y116.328 Z9 F24000
G1 X112.642 Y145.091 Z9
G1 Z8.6
G1 E.8 F2400
SET_VELOCITY_LIMIT ACCEL=6000 ACCEL_TO_DECEL=3000
G1 F5159
G1 X114.022 Y145.956 E.05291
G1 X128.609 Y131.368 E.67036
G1 X124.178 Y128.124 E.17847
G1 X109.303 Y142.999 E.68356
G1 X104.584 Y140.042 E.18096
G1 X119.746 Y124.88 E.69676
G1 X115.314 Y121.636 E.17847
G1 X99.865 Y137.085 E.70996
G1 X96.777 Y135.15 E.11842
G1 X91.562 Y129.935 E.23963
G1 X91.565 Y130.033 E.00318
G1 X106.451 Y115.147 E.68408
G1 X110.286 Y117.955 E.15445
G1 X136.152 Y143.821 E1.18866
G1 X140.237 Y140.229 E.17674
G1 X135.915 Y135.908 E.19861
G1 X135.413 Y136.349 E.02172
G1 X133.041 Y134.613 E.09552
G1 X118.741 Y148.913 E.65716
G1 X117.335 Y148.032 E.0539
G1 X91.381 Y122.078 E1.1927
G1 X91.392 Y122.53 E.01469
G1 X102.019 Y111.903 E.48837
G1 X97.587 Y108.659 E.17847
G1 X91.219 Y115.027 E.29266
G1 X91.2 Y114.221 E.0262
G1 X127.982 Y151.003 E1.6903
G1 X132.067 Y147.412 E.17674
G1 X91.317 Y106.662 E1.87263
M73 P38 R24
G1 X91.922 Y106.648 E.01964
G1 X91.046 Y107.524 E.04025
G1 X91.083 Y109.152 E.05291
SET_VELOCITY_LIMIT ACCEL=8000 ACCEL_TO_DECEL=4000
G1 X92.952 Y134.731 F24000
SET_VELOCITY_LIMIT ACCEL=6000 ACCEL_TO_DECEL=3000
G1 F5159
G1 X94.58 Y134.694 E.05291
G1 X110.882 Y118.391 E.74917
;TIME_ELAPSED:889.730103

;LAYER_CHANGE
;:8.8
;HEIGHT:0.2
;BEFORE_LAYER_CHANGE
;8.8
G92 E0

G1 E-.8 F2400
;WIPE_START
G1 F6141.304
G1 X109.468 Y119.806
;WIPE_END
EXCLUDE_OBJECT_END NAME=arm.stl_id_0_copy_0
;_SET_FAN_SPEED_CHANGING_LAYER
; OBJECT_ID: 15
EXCLUDE_OBJECT_START NAME=arm.stl_id_0_copy_0
SET_VELOCITY_LIMIT ACCEL=8000 ACCEL_TO_DECEL=4000
G1 X117.033 Y118.791 Z9 F24000
G1 X157.026 Y113.43 Z9
G1 Z8.8
G1 E.8 F2400
SET_VELOCITY_LIMIT ACCEL=4000 ACCEL_TO_DECEL=2000 SQUARE_CORNER_VELOCITY=6
;TYPE:Inner wall
G1 F5068
G1 X155.438 Y111.623 E.07818
G1 X161.292 Y106.475 E.25332
G1 X169.081 Y115.334 E.3833
G1 X125.56 Y153.597 E1.88305
G1 X95.901 Y135.012 E1.13734
G1 X91.334 Y135.117 E.14845
G1 X90.67 Y106.329 E.93572
G1 X94.862 Y106.232 E.13626
G1 X135.393 Y135.903 E1.63223
G1 X142.967 Y129.244 E.32773
G1 X141.772 Y127.884 E.05882
G1 X157.544 Y114.018 E.68239
G1 X157.066 Y113.475 E.02353
G1 E-.8 F2400
;WIPE_START
G1 F6141.304
G1 X155.745 Y111.973
;WIPE_END
SET_VELOCITY_LIMIT ACCEL=8000 ACCEL_TO_DECEL=4000 SQUARE_CORNER_VELOCITY=8
G1 X149.864 Y116.838 Z9.2 F24000
G1 X143.695 Y121.941 Z9.2
G1 Z8.8
G1 E.8 F2400
SET_VELOCITY_LIMIT ACCEL=4000 ACCEL_TO_DECEL=2000 SQUARE_CORNER_VELOCITY=6
G1 F5068
G1 X143.418 Y122.184 E.01198
G1 X142.431 Y121.061 E.04861
G1 X142.919 Y120.632 E.02111
G1 X145.037 Y120.761 E.06897
G1 X143.74 Y121.901 E.05612
G1 E-.8 F2400
;WIPE_START
G1 F6141.304
G1 X143.418 Y122.184
G1 X142.431 Y121.061
G1 X142.488 Y121.011
;WIPE_END
SET_VELOCITY_LIMIT ACCEL=8000 ACCEL_TO_DECEL=4000 SQUARE_CORNER_VELOCITY=8
G1 X149.356 Y117.682 Z9.2 F24000
G1 X156.991 Y113.983 Z9.2
G1 Z8.8
G1 E.8 F2400
SET_VELOCITY_LIMIT ACCEL=4000 ACCEL_TO_DECEL=2000 SQUARE_CORNER_VELOCITY=6
;TYPE:Outer wall
;WIDTH:0.42
G1 F5068
G1 X155.399 Y112.173 E.07254
G1 X143.383 Y122.737 E.4816
G1 X141.877 Y121.025 E.06863
G1 X142.781 Y120.23 E.03622
G1 X144.906 Y120.36 E.06407
G1 X161.328 Y105.922 E.65818
G1 X169.634 Y115.37 E.37866
G1 X125.599 Y154.084 E1.76488
G1 X95.792 Y135.406 E1.05877
G1 X90.951 Y135.518 E.14577
G1 X90.269 Y105.946 E.89036
G1 X94.986 Y105.837 E.14203
G1 X135.37 Y135.4 E1.50647
G1 X142.414 Y129.208 E.2823
G1 X141.219 Y127.849 E.05448
G1 X156.945 Y114.023 E.6303
G1 E-.8 F2400
;WIPE_START
G1 F6629.9
G1 X155.663 Y112.488
;WIPE_END
SET_VELOCITY_LIMIT ACCEL=8000 ACCEL_TO_DECEL=4000 SQUARE_CORNER_VELOCITY=8
G1 X155.289 Y111.751 Z9.2 F24000
G1 Z8.8
G1 E.8 F2400
SET_VELOCITY_LIMIT ACCEL=6000 ACCEL_TO_DECEL=3000
;TYPE:Gap infill
;WIDTH:0.430844
G1 F5068
G1 X145.249 Y120.577 E.41395
SET_VELOCITY_LIMIT ACCEL=8000 ACCEL_TO_DECEL=4000
G1 X143.018 Y121.098 F24000
SET_VELOCITY_LIMIT ACCEL=6000 ACCEL_TO_DECEL=3000
;TYPE:Internal solid infill
;WIDTH:0.468625
G1 F5068
G1 X143.456 Y121.596 E.02253
M73 P38 R23
G1 X144.004 Y121.115 E.02478
G1 X143.063 Y121.059 E.03201
G1 E-.8 F2400
;WIPE_START
G1 F5872.611
G1 X144.004 Y121.115
G1 X143.456 Y121.596
G1 X143.239 Y121.349
;WIPE_END
SET_VELOCITY_LIMIT ACCEL=8000 ACCEL_TO_DECEL=4000
G1 X150.169 Y124.548 Z9.2 F24000
G1 X155.353 Y126.94 Z9.2
G1 Z8.8
G1 E.8 F2400
SET_VELOCITY_LIMIT ACCEL=6000 ACCEL_TO_DECEL=3000
;TYPE:Sparse infill
;WIDTH:0.45
G1 F5068
G1 X156.576 Y125.865 E.05291
G1 X150.971 Y120.26 E.25754
G1 X146.887 Y123.852 E.17674
G1 X152.491 Y129.456 E.25754
G1 X148.406 Y133.047 E.17674
G1 X142.802 Y127.443 E.25754
G1 X142.264 Y127.916 E.02328
G1 X143.459 Y129.275 E.05882
G1 X140 Y132.317 E.14968
G1 X144.321 Y136.638 E.19861
G1 X143.098 Y137.713 E.05291
SET_VELOCITY_LIMIT ACCEL=8000 ACCEL_TO_DECEL=4000
G1 X164.745 Y118.682 F24000
SET_VELOCITY_LIMIT ACCEL=6000 ACCEL_TO_DECEL=3000
G1 F5068
G1 X156.881 Y110.818 E.36142
G1 X156.511 Y111.143 E.01601
G1 X155.962 Y111.692 E.02521
G1 X158.035 Y114.05 E.10204
G1 X155.056 Y116.669 E.1289
G1 X160.66 Y122.274 E.25754
G1 X161.253 Y121.753 E.02564
G1 X168.175 Y114.831 E.31808
G1 X165.3 Y111.562 E.14146
G1 X160.965 Y107.227 E.19921
G1 X159.742 Y108.302 E.05291
SET_VELOCITY_LIMIT ACCEL=8000 ACCEL_TO_DECEL=4000
G1 X164.583 Y110.746 F24000
SET_VELOCITY_LIMIT ACCEL=6000 ACCEL_TO_DECEL=3000
G1 F5068
G1 X123.46 Y151.87 E1.88982
G1 X124.84 Y152.734 E.05291
SET_VELOCITY_LIMIT ACCEL=8000 ACCEL_TO_DECEL=4000
G1 X110.882 Y118.391 F24000
SET_VELOCITY_LIMIT ACCEL=6000 ACCEL_TO_DECEL=3000
G1 F5068
G1 X94.58 Y134.694 E.74917
G1 X92.952 Y134.731 E.05291
SET_VELOCITY_LIMIT ACCEL=8000 ACCEL_TO_DECEL=4000
G1 X91.083 Y109.152 F24000
SET_VELOCITY_LIMIT ACCEL=6000 ACCEL_TO_DECEL=3000
G1 F5068
G1 X91.046 Y107.524 E.05291
G1 X91.922 Y106.648 E.04025
G1 X91.317 Y106.662 E.01964
G1 X132.067 Y147.412 E1.87263
G1 X127.982 Y151.003 E.17674
G1 X91.2 Y114.221 E1.6903
G1 X91.219 Y115.027 E.0262
G1 X97.587 Y108.659 E.29266
G1 X102.019 Y111.903 E.17847
G1 X91.392 Y122.53 E.48837
G1 X91.381 Y122.078 E.01469
G1 X117.335 Y148.032 E1.1927
G1 X118.741 Y148.913 E.0539
G1 X133.041 Y134.613 E.65716
G1 X135.413 Y136.349 E.09552
G1 X135.915 Y135.908 E.02172
G1 X140.237 Y140.229 E.19861
G1 X136.152 Y143.821 E.17674
G1 X110.286 Y117.955 E1.18866
G1 X106.451 Y115.147 E.15445
G1 X91.565 Y130.033 E.68408
G1 X91.562 Y129.935 E.00318
G1 X96.777 Y135.15 E.23963
G1 X99.865 Y137.085 E.11842
G1 X115.314 Y121.636 E.70996
G1 X119.746 Y124.88 E.17847
G1 X104.584 Y140.042 E.69676
G1 X109.303 Y142.999 E.18096
G1 X124.178 Y128.124 E.68356
G1 X128.609 Y131.368 E.17847
G1 X114.022 Y145.956 E.67036
G1 X112.642 Y145.091 E.05291
;TIME_ELAPSED:906.586304

;LAYER_CHANGE
;:9
;HEIGHT:0.2
;BEFORE_LAYER_CHANGE
;9
G92 E0

G1 E-.8 F2400
;WIPE_START
G1 F6141.304
G1 X114.022 Y145.956
G1 X114.285 Y145.693
;WIPE_END
EXCLUDE_OBJECT_END NAME=arm.stl_id_0_copy_0
;_SET_FAN_SPEED_CHANGING_LAYER
; OBJECT_ID: 15
EXCLUDE_OBJECT_START NAME=arm.stl_id_0_copy_0
SET_VELOCITY_LIMIT ACCEL=8000 ACCEL_TO_DECEL=4000
G1 X120.376 Y141.095 Z9.2 F24000
G1 X157.026 Y113.43 Z9.2
G1 Z9
G1 E.8 F2400
SET_VELOCITY_LIMIT ACCEL=4000 ACCEL_TO_DECEL=2000 SQUARE_CORNER_VELOCITY=6
;TYPE:Inner wall
G1 F5159
G1 X155.438 Y111.623 E.07818
G1 X161.292 Y106.475 E.25332
G1 X169.081 Y115.334 E.3833
G1 X125.56 Y153.597 E1.88305
G1 X95.901 Y135.012 E1.13734
G1 X91.334 Y135.117 E.14845
G1 X90.67 Y106.329 E.93572
G1 X94.862 Y106.232 E.13626
G1 X135.393 Y135.903 E1.63223
G1 X142.967 Y129.244 E.32773
G1 X141.772 Y127.884 E.05882
G1 X157.544 Y114.018 E.68239
G1 X157.066 Y113.475 E.02353
G1 E-.8 F2400
;WIPE_START
G1 F6141.304
G1 X155.745 Y111.973
;WIPE_END
SET_VELOCITY_LIMIT ACCEL=8000 ACCEL_TO_DECEL=4000 SQUARE_CORNER_VELOCITY=8
G1 X149.864 Y116.838 Z9.4 F24000
G1 X143.695 Y121.941 Z9.4
G1 Z9
G1 E.8 F2400
SET_VELOCITY_LIMIT ACCEL=4000 ACCEL_TO_DECEL=2000 SQUARE_CORNER_VELOCITY=6
G1 F5159
G1 X143.418 Y122.184 E.01198
G1 X142.431 Y121.061 E.04861
G1 X142.919 Y120.632 E.02111
G1 X145.037 Y120.761 E.06897
G1 X143.74 Y121.901 E.05612
G1 E-.8 F2400
;WIPE_START
G1 F6141.304
G1 X143.418 Y122.184
G1 X142.431 Y121.061
G1 X142.488 Y121.011
;WIPE_END
SET_VELOCITY_LIMIT ACCEL=8000 ACCEL_TO_DECEL=4000 SQUARE_CORNER_VELOCITY=8
G1 X149.356 Y117.682 Z9.4 F24000
G1 X156.991 Y113.983 Z9.4
G1 Z9
G1 E.8 F2400
SET_VELOCITY_LIMIT ACCEL=4000 ACCEL_TO_DECEL=2000 SQUARE_CORNER_VELOCITY=6
;TYPE:Outer wall
;WIDTH:0.42
G1 F5159
G1 X155.399 Y112.173 E.07254
G1 X143.383 Y122.737 E.4816
G1 X141.877 Y121.025 E.06863
G1 X142.781 Y120.23 E.03622
G1 X144.906 Y120.36 E.06407
G1 X161.328 Y105.922 E.65818
G1 X169.634 Y115.37 E.37866
G1 X125.599 Y154.084 E1.76488
M73 P39 R23
G1 X95.792 Y135.406 E1.05877
G1 X90.951 Y135.518 E.14577
G1 X90.269 Y105.946 E.89036
G1 X94.986 Y105.837 E.14203
G1 X135.37 Y135.4 E1.50647
G1 X142.414 Y129.208 E.2823
G1 X141.219 Y127.849 E.05448
G1 X156.945 Y114.023 E.6303
G1 E-.8 F2400
;WIPE_START
G1 F6629.9
G1 X155.663 Y112.488
;WIPE_END
SET_VELOCITY_LIMIT ACCEL=8000 ACCEL_TO_DECEL=4000 SQUARE_CORNER_VELOCITY=8
G1 X155.289 Y111.751 Z9.4 F24000
G1 Z9
G1 E.8 F2400
SET_VELOCITY_LIMIT ACCEL=6000 ACCEL_TO_DECEL=3000
;TYPE:Gap infill
;WIDTH:0.430844
G1 F5159
G1 X145.249 Y120.577 E.41395
SET_VELOCITY_LIMIT ACCEL=8000 ACCEL_TO_DECEL=4000
G1 X143.018 Y121.098 F24000
SET_VELOCITY_LIMIT ACCEL=6000 ACCEL_TO_DECEL=3000
;TYPE:Internal solid infill
;WIDTH:0.468625
G1 F5159
G1 X143.456 Y121.596 E.02253
G1 X144.004 Y121.115 E.02478
G1 X143.063 Y121.059 E.03201
G1 E-.8 F2400
;WIPE_START
G1 F5872.611
G1 X144.004 Y121.115
G1 X143.456 Y121.596
G1 X143.239 Y121.349
;WIPE_END
SET_VELOCITY_LIMIT ACCEL=8000 ACCEL_TO_DECEL=4000
G1 X143.173 Y128.982 Z9.4 F24000
G1 X143.098 Y137.713 Z9.4
G1 Z9
G1 E.8 F2400
SET_VELOCITY_LIMIT ACCEL=6000 ACCEL_TO_DECEL=3000
;TYPE:Sparse infill
;WIDTH:0.45
G1 F5159
G1 X144.321 Y136.638 E.05291
G1 X140 Y132.317 E.19861
G1 X143.459 Y129.275 E.14968
G1 X142.264 Y127.916 E.05882
G1 X142.802 Y127.443 E.02328
G1 X148.406 Y133.047 E.25754
G1 X152.491 Y129.456 E.17674
G1 X146.887 Y123.852 E.25754
G1 X150.971 Y120.26 E.17674
G1 X156.576 Y125.865 E.25754
G1 X155.353 Y126.94 E.05291
SET_VELOCITY_LIMIT ACCEL=8000 ACCEL_TO_DECEL=4000
G1 X159.742 Y108.302 F24000
SET_VELOCITY_LIMIT ACCEL=6000 ACCEL_TO_DECEL=3000
G1 F5159
G1 X160.965 Y107.227 E.05291
G1 X165.3 Y111.562 E.19921
G1 X168.175 Y114.831 E.14146
G1 X161.253 Y121.753 E.31808
G1 X160.66 Y122.274 E.02564
G1 X155.056 Y116.669 E.25754
G1 X158.035 Y114.05 E.1289
G1 X155.962 Y111.692 E.10204
G1 X156.511 Y111.143 E.02521
G1 X156.881 Y110.818 E.01601
G1 X164.745 Y118.682 E.36142
SET_VELOCITY_LIMIT ACCEL=8000 ACCEL_TO_DECEL=4000
G1 X124.84 Y152.734 F24000
SET_VELOCITY_LIMIT ACCEL=6000 ACCEL_TO_DECEL=3000
G1 F5159
G1 X123.46 Y151.87 E.05291
G1 X164.583 Y110.746 E1.88982
G1 E-.8 F2400
;WIPE_START
G1 F6141.304
G1 X163.169 Y112.16
;WIPE_END
SET_VELOCITY_LIMIT ACCEL=8000 ACCEL_TO_DECEL=4000
G1 X156.775 Y116.328 Z9.4 F24000
G1 X112.642 Y145.091 Z9.4
G1 Z9
G1 E.8 F2400
SET_VELOCITY_LIMIT ACCEL=6000 ACCEL_TO_DECEL=3000
G1 F5159
G1 X114.022 Y145.956 E.05291
G1 X128.609 Y131.368 E.67036
G1 X124.178 Y128.124 E.17847
G1 X109.303 Y142.999 E.68356
G1 X104.584 Y140.042 E.18096
G1 X119.746 Y124.88 E.69676
G1 X115.314 Y121.636 E.17847
G1 X99.865 Y137.085 E.70996
G1 X96.777 Y135.15 E.11842
G1 X91.562 Y129.935 E.23963
G1 X91.565 Y130.033 E.00318
G1 X106.451 Y115.147 E.68408
G1 X110.286 Y117.955 E.15445
G1 X136.152 Y143.821 E1.18866
G1 X140.237 Y140.229 E.17674
G1 X135.915 Y135.908 E.19861
G1 X135.413 Y136.349 E.02172
G1 X133.041 Y134.613 E.09552
G1 X118.741 Y148.913 E.65716
G1 X117.335 Y148.032 E.0539
G1 X91.381 Y122.078 E1.1927
G1 X91.392 Y122.53 E.01469
G1 X102.019 Y111.903 E.48837
G1 X97.587 Y108.659 E.17847
G1 X91.219 Y115.027 E.29266
G1 X91.2 Y114.221 E.0262
G1 X127.982 Y151.003 E1.6903
G1 X132.067 Y147.412 E.17674
G1 X91.317 Y106.662 E1.87263
G1 X91.922 Y106.648 E.01964
G1 X91.046 Y107.524 E.04025
G1 X91.083 Y109.152 E.05291
SET_VELOCITY_LIMIT ACCEL=8000 ACCEL_TO_DECEL=4000
G1 X92.952 Y134.731 F24000
SET_VELOCITY_LIMIT ACCEL=6000 ACCEL_TO_DECEL=3000
G1 F5159
G1 X94.58 Y134.694 E.05291
G1 X110.882 Y118.391 E.74917
;TIME_ELAPSED:923.780823

;LAYER_CHANGE
;:9.2
;HEIGHT:0.2
;BEFORE_LAYER_CHANGE
;9.2
G92 E0

G1 E-.8 F2400
;WIPE_START
G1 F6141.304
G1 X109.468 Y119.806
;WIPE_END
EXCLUDE_OBJECT_END NAME=arm.stl_id_0_copy_0
;_SET_FAN_SPEED_CHANGING_LAYER
; OBJECT_ID: 15
EXCLUDE_OBJECT_START NAME=arm.stl_id_0_copy_0
SET_VELOCITY_LIMIT ACCEL=8000 ACCEL_TO_DECEL=4000
G1 X117.033 Y118.791 Z9.4 F24000
G1 X157.026 Y113.43 Z9.4
G1 Z9.2
G1 E.8 F2400
SET_VELOCITY_LIMIT ACCEL=4000 ACCEL_TO_DECEL=2000 SQUARE_CORNER_VELOCITY=6
;TYPE:Inner wall
G1 F5068
G1 X155.438 Y111.623 E.07818
G1 X161.292 Y106.475 E.25332
G1 X169.081 Y115.334 E.3833
G1 X125.56 Y153.597 E1.88305
G1 X95.901 Y135.012 E1.13734
G1 X91.334 Y135.117 E.14845
G1 X90.67 Y106.329 E.93572
G1 X94.862 Y106.232 E.13626
G1 X135.393 Y135.903 E1.63223
G1 X142.967 Y129.244 E.32773
G1 X141.772 Y127.884 E.05882
G1 X157.544 Y114.018 E.68239
G1 X157.066 Y113.475 E.02353
G1 E-.8 F2400
;WIPE_START
G1 F6141.304
G1 X155.745 Y111.973
;WIPE_END
SET_VELOCITY_LIMIT ACCEL=8000 ACCEL_TO_DECEL=4000 SQUARE_CORNER_VELOCITY=8
G1 X149.864 Y116.838 Z9.6 F24000
G1 X143.695 Y121.941 Z9.6
G1 Z9.2
G1 E.8 F2400
SET_VELOCITY_LIMIT ACCEL=4000 ACCEL_TO_DECEL=2000 SQUARE_CORNER_VELOCITY=6
G1 F5068
G1 X143.418 Y122.184 E.01198
G1 X142.431 Y121.061 E.04861
G1 X142.919 Y120.632 E.02111
G1 X145.037 Y120.761 E.06897
G1 X143.74 Y121.901 E.05612
G1 E-.8 F2400
;WIPE_START
G1 F6141.304
G1 X143.418 Y122.184
G1 X142.431 Y121.061
G1 X142.488 Y121.011
;WIPE_END
SET_VELOCITY_LIMIT ACCEL=8000 ACCEL_TO_DECEL=4000 SQUARE_CORNER_VELOCITY=8
G1 X149.356 Y117.682 Z9.6 F24000
G1 X156.991 Y113.983 Z9.6
G1 Z9.2
G1 E.8 F2400
SET_VELOCITY_LIMIT ACCEL=4000 ACCEL_TO_DECEL=2000 SQUARE_CORNER_VELOCITY=6
;TYPE:Outer wall
;WIDTH:0.42
G1 F5068
G1 X155.399 Y112.173 E.07254
G1 X143.383 Y122.737 E.4816
G1 X141.877 Y121.025 E.06863
G1 X142.781 Y120.23 E.03622
G1 X144.906 Y120.36 E.06407
G1 X161.328 Y105.922 E.65818
G1 X169.634 Y115.37 E.37866
G1 X125.599 Y154.084 E1.76488
G1 X95.792 Y135.406 E1.05877
G1 X90.951 Y135.518 E.14577
G1 X90.269 Y105.946 E.89036
G1 X94.986 Y105.837 E.14203
G1 X135.37 Y135.4 E1.50647
G1 X142.414 Y129.208 E.2823
G1 X141.219 Y127.849 E.05448
G1 X156.945 Y114.023 E.6303
G1 E-.8 F2400
;WIPE_START
G1 F6629.9
G1 X155.663 Y112.488
;WIPE_END
SET_VELOCITY_LIMIT ACCEL=8000 ACCEL_TO_DECEL=4000 SQUARE_CORNER_VELOCITY=8
G1 X155.289 Y111.751 Z9.6 F24000
G1 Z9.2
G1 E.8 F2400
SET_VELOCITY_LIMIT ACCEL=6000 ACCEL_TO_DECEL=3000
;TYPE:Gap infill
;WIDTH:0.430844
G1 F5068
G1 X145.249 Y120.577 E.41395
SET_VELOCITY_LIMIT ACCEL=8000 ACCEL_TO_DECEL=4000
G1 X143.018 Y121.098 F24000
SET_VELOCITY_LIMIT ACCEL=6000 ACCEL_TO_DECEL=3000
;TYPE:Internal solid infill
;WIDTH:0.468625
G1 F5068
G1 X143.456 Y121.596 E.02253
G1 X144.004 Y121.115 E.02478
G1 X143.063 Y121.059 E.03201
G1 E-.8 F2400
;WIPE_START
G1 F5872.611
G1 X144.004 Y121.115
G1 X143.456 Y121.596
G1 X143.239 Y121.349
;WIPE_END
SET_VELOCITY_LIMIT ACCEL=8000 ACCEL_TO_DECEL=4000
G1 X150.169 Y124.548 Z9.6 F24000
G1 X155.353 Y126.94 Z9.6
G1 Z9.2
G1 E.8 F2400
SET_VELOCITY_LIMIT ACCEL=6000 ACCEL_TO_DECEL=3000
;TYPE:Sparse infill
;WIDTH:0.45
G1 F5068
G1 X156.576 Y125.865 E.05291
G1 X150.971 Y120.26 E.25754
G1 X146.887 Y123.852 E.17674
G1 X152.491 Y129.456 E.25754
G1 X148.406 Y133.047 E.17674
G1 X142.802 Y127.443 E.25754
G1 X142.264 Y127.916 E.02328
G1 X143.459 Y129.275 E.05882
G1 X140 Y132.317 E.14968
G1 X144.321 Y136.638 E.19861
G1 X143.098 Y137.713 E.05291
SET_VELOCITY_LIMIT ACCEL=8000 ACCEL_TO_DECEL=4000
G1 X164.745 Y118.682 F24000
SET_VELOCITY_LIMIT ACCEL=6000 ACCEL_TO_DECEL=3000
G1 F5068
G1 X156.881 Y110.818 E.36142
G1 X156.511 Y111.143 E.01601
G1 X155.962 Y111.692 E.02521
G1 X158.035 Y114.05 E.10204
G1 X155.056 Y116.669 E.1289
G1 X160.66 Y122.274 E.25754
G1 X161.253 Y121.753 E.02564
G1 X168.175 Y114.831 E.31808
G1 X165.3 Y111.562 E.14146
G1 X160.965 Y107.227 E.19921
G1 X159.742 Y108.302 E.05291
SET_VELOCITY_LIMIT ACCEL=8000 ACCEL_TO_DECEL=4000
G1 X164.583 Y110.746 F24000
SET_VELOCITY_LIMIT ACCEL=6000 ACCEL_TO_DECEL=3000
G1 F5068
G1 X123.46 Y151.87 E1.88982
G1 X124.84 Y152.734 E.05291
SET_VELOCITY_LIMIT ACCEL=8000 ACCEL_TO_DECEL=4000
G1 X110.882 Y118.391 F24000
SET_VELOCITY_LIMIT ACCEL=6000 ACCEL_TO_DECEL=3000
M73 P40 R23
G1 F5068
G1 X94.58 Y134.694 E.74917
G1 X92.952 Y134.731 E.05291
SET_VELOCITY_LIMIT ACCEL=8000 ACCEL_TO_DECEL=4000
G1 X91.083 Y109.152 F24000
SET_VELOCITY_LIMIT ACCEL=6000 ACCEL_TO_DECEL=3000
G1 F5068
G1 X91.046 Y107.524 E.05291
G1 X91.922 Y106.648 E.04025
G1 X91.317 Y106.662 E.01964
G1 X132.067 Y147.412 E1.87263
G1 X127.982 Y151.003 E.17674
G1 X91.2 Y114.221 E1.6903
G1 X91.219 Y115.027 E.0262
G1 X97.587 Y108.659 E.29266
G1 X102.019 Y111.903 E.17847
G1 X91.392 Y122.53 E.48837
G1 X91.381 Y122.078 E.01469
G1 X117.335 Y148.032 E1.1927
G1 X118.741 Y148.913 E.0539
G1 X133.041 Y134.613 E.65716
G1 X135.413 Y136.349 E.09552
G1 X135.915 Y135.908 E.02172
G1 X140.237 Y140.229 E.19861
G1 X136.152 Y143.821 E.17674
G1 X110.286 Y117.955 E1.18866
G1 X106.451 Y115.147 E.15445
G1 X91.565 Y130.033 E.68408
G1 X91.562 Y129.935 E.00318
G1 X96.777 Y135.15 E.23963
G1 X99.865 Y137.085 E.11842
G1 X115.314 Y121.636 E.70996
G1 X119.746 Y124.88 E.17847
G1 X104.584 Y140.042 E.69676
G1 X109.303 Y142.999 E.18096
G1 X124.178 Y128.124 E.68356
G1 X128.609 Y131.368 E.17847
G1 X114.022 Y145.956 E.67036
G1 X112.642 Y145.091 E.05291
;TIME_ELAPSED:940.637024

;LAYER_CHANGE
;:9.4
;HEIGHT:0.2
;BEFORE_LAYER_CHANGE
;9.4
G92 E0

G1 E-.8 F2400
;WIPE_START
G1 F6141.304
G1 X114.022 Y145.956
G1 X114.285 Y145.693
;WIPE_END
EXCLUDE_OBJECT_END NAME=arm.stl_id_0_copy_0
;_SET_FAN_SPEED_CHANGING_LAYER
; OBJECT_ID: 15
EXCLUDE_OBJECT_START NAME=arm.stl_id_0_copy_0
SET_VELOCITY_LIMIT ACCEL=8000 ACCEL_TO_DECEL=4000
G1 X120.376 Y141.095 Z9.6 F24000
G1 X157.026 Y113.43 Z9.6
G1 Z9.4
G1 E.8 F2400
SET_VELOCITY_LIMIT ACCEL=4000 ACCEL_TO_DECEL=2000 SQUARE_CORNER_VELOCITY=6
;TYPE:Inner wall
G1 F5142
G1 X155.438 Y111.623 E.07818
G1 X161.292 Y106.475 E.25332
G1 X169.081 Y115.334 E.3833
G1 X125.56 Y153.597 E1.88305
G1 X95.901 Y135.012 E1.13734
G1 X91.334 Y135.117 E.14845
G1 X90.67 Y106.329 E.93572
G1 X94.862 Y106.232 E.13626
G1 X135.393 Y135.903 E1.63223
G1 X142.967 Y129.244 E.32773
G1 X141.772 Y127.884 E.05882
G1 X157.544 Y114.018 E.68239
G1 X157.066 Y113.475 E.02353
G1 E-.8 F2400
;WIPE_START
G1 F6141.304
G1 X155.745 Y111.973
;WIPE_END
SET_VELOCITY_LIMIT ACCEL=8000 ACCEL_TO_DECEL=4000 SQUARE_CORNER_VELOCITY=8
G1 X149.864 Y116.838 Z9.8 F24000
G1 X143.695 Y121.941 Z9.8
G1 Z9.4
G1 E.8 F2400
SET_VELOCITY_LIMIT ACCEL=4000 ACCEL_TO_DECEL=2000 SQUARE_CORNER_VELOCITY=6
G1 F5142
G1 X143.418 Y122.184 E.01198
G1 X142.431 Y121.061 E.04861
G1 X142.919 Y120.632 E.02111
G1 X145.037 Y120.761 E.06897
G1 X143.74 Y121.901 E.05612
G1 E-.8 F2400
;WIPE_START
G1 F6141.304
G1 X143.418 Y122.184
G1 X142.431 Y121.061
G1 X142.488 Y121.011
;WIPE_END
SET_VELOCITY_LIMIT ACCEL=8000 ACCEL_TO_DECEL=4000 SQUARE_CORNER_VELOCITY=8
G1 X149.356 Y117.682 Z9.8 F24000
G1 X156.991 Y113.983 Z9.8
G1 Z9.4
G1 E.8 F2400
SET_VELOCITY_LIMIT ACCEL=4000 ACCEL_TO_DECEL=2000 SQUARE_CORNER_VELOCITY=6
;TYPE:Outer wall
;WIDTH:0.42
G1 F5142
G1 X155.399 Y112.173 E.07254
G1 X143.383 Y122.737 E.4816
G1 X141.877 Y121.025 E.06863
G1 X142.781 Y120.23 E.03622
G1 X144.906 Y120.36 E.06407
G1 X161.328 Y105.922 E.65818
G1 X169.634 Y115.37 E.37866
G1 X125.599 Y154.084 E1.76488
G1 X95.792 Y135.406 E1.05877
G1 X90.951 Y135.518 E.14577
G1 X90.269 Y105.946 E.89036
G1 X94.986 Y105.837 E.14203
G1 X135.37 Y135.4 E1.50647
G1 X142.414 Y129.208 E.2823
G1 X141.219 Y127.849 E.05448
G1 X156.945 Y114.023 E.6303
G1 E-.8 F2400
;WIPE_START
G1 F6629.9
G1 X155.663 Y112.488
;WIPE_END
SET_VELOCITY_LIMIT ACCEL=8000 ACCEL_TO_DECEL=4000 SQUARE_CORNER_VELOCITY=8
G1 X155.289 Y111.751 Z9.8 F24000
G1 Z9.4
G1 E.8 F2400
SET_VELOCITY_LIMIT ACCEL=6000 ACCEL_TO_DECEL=3000
;TYPE:Gap infill
;WIDTH:0.430844
G1 F5142
G1 X145.249 Y120.577 E.41395
SET_VELOCITY_LIMIT ACCEL=8000 ACCEL_TO_DECEL=4000
G1 X143.018 Y121.098 F24000
SET_VELOCITY_LIMIT ACCEL=6000 ACCEL_TO_DECEL=3000
;TYPE:Internal solid infill
;WIDTH:0.468626
G1 F5142
G1 X143.456 Y121.596 E.02253
G1 X144.004 Y121.115 E.02478
G1 X143.063 Y121.059 E.03201
G1 E-.8 F2400
;WIPE_START
G1 F5872.597
G1 X144.004 Y121.115
G1 X143.456 Y121.596
G1 X143.239 Y121.349
;WIPE_END
SET_VELOCITY_LIMIT ACCEL=8000 ACCEL_TO_DECEL=4000
G1 X142.866 Y128.601 Z9.8 F24000
G1 Z9.4
G1 E.8 F2400
SET_VELOCITY_LIMIT ACCEL=6000 ACCEL_TO_DECEL=3000
;TYPE:Sparse infill
;WIDTH:0.45
G1 F5142
G1 X142.264 Y127.916 E.02963
G1 X142.802 Y127.443 E.02328
G1 X148.406 Y133.047 E.25754
G1 X144.321 Y136.638 E.17674
G1 X140 Y132.317 E.19861
G1 X141.222 Y131.241 E.05291
SET_VELOCITY_LIMIT ACCEL=8000 ACCEL_TO_DECEL=4000
G1 X151.268 Y130.531 F24000
SET_VELOCITY_LIMIT ACCEL=6000 ACCEL_TO_DECEL=3000
G1 F5142
G1 X152.491 Y129.456 E.05291
G1 X146.887 Y123.852 E.25754
G1 X150.971 Y120.26 E.17674
G1 X156.576 Y125.865 E.25754
G1 X155.353 Y126.94 E.05291
SET_VELOCITY_LIMIT ACCEL=8000 ACCEL_TO_DECEL=4000
G1 X159.742 Y108.302 F24000
SET_VELOCITY_LIMIT ACCEL=6000 ACCEL_TO_DECEL=3000
G1 F5142
G1 X160.965 Y107.227 E.05291
G1 X165.3 Y111.562 E.19921
G1 X168.175 Y114.831 E.14146
G1 X161.253 Y121.753 E.31808
G1 X160.66 Y122.274 E.02564
G1 X155.056 Y116.669 E.25754
G1 X158.035 Y114.05 E.1289
G1 X155.962 Y111.692 E.10204
G1 X156.511 Y111.143 E.02521
G1 X156.881 Y110.818 E.01601
G1 X164.745 Y118.682 E.36142
SET_VELOCITY_LIMIT ACCEL=8000 ACCEL_TO_DECEL=4000
G1 X124.84 Y152.734 F24000
SET_VELOCITY_LIMIT ACCEL=6000 ACCEL_TO_DECEL=3000
G1 F5142
G1 X123.46 Y151.87 E.05291
G1 X164.584 Y110.746 E1.88983
G1 E-.8 F2400
;WIPE_START
G1 F6141.304
G1 X163.169 Y112.16
;WIPE_END
SET_VELOCITY_LIMIT ACCEL=8000 ACCEL_TO_DECEL=4000
G1 X156.775 Y116.328 Z9.8 F24000
G1 X112.642 Y145.091 Z9.8
G1 Z9.4
G1 E.8 F2400
SET_VELOCITY_LIMIT ACCEL=6000 ACCEL_TO_DECEL=3000
G1 F5142
G1 X114.022 Y145.956 E.05291
G1 X128.609 Y131.368 E.67036
G1 X124.178 Y128.124 E.17847
G1 X109.303 Y142.999 E.68356
G1 X104.584 Y140.042 E.18096
G1 X119.746 Y124.88 E.69676
G1 X115.314 Y121.636 E.17847
G1 X99.865 Y137.085 E.70996
G1 X96.777 Y135.15 E.11842
G1 X91.562 Y129.935 E.23963
G1 X91.565 Y130.033 E.00318
G1 X106.451 Y115.147 E.68408
G1 X110.286 Y117.955 E.15445
G1 X136.152 Y143.821 E1.18866
G1 X140.237 Y140.229 E.17674
G1 X135.915 Y135.908 E.19861
G1 X135.413 Y136.349 E.02172
G1 X133.041 Y134.613 E.09552
G1 X118.741 Y148.913 E.65716
G1 X117.335 Y148.032 E.0539
G1 X91.381 Y122.078 E1.1927
G1 X91.392 Y122.53 E.01469
G1 X102.019 Y111.903 E.48837
G1 X97.587 Y108.659 E.17847
G1 X91.219 Y115.027 E.29266
G1 X91.2 Y114.221 E.0262
G1 X127.982 Y151.003 E1.6903
G1 X132.067 Y147.412 E.17674
G1 X91.317 Y106.662 E1.87263
G1 X91.922 Y106.648 E.01964
G1 X91.046 Y107.524 E.04025
G1 X91.083 Y109.152 E.05291
SET_VELOCITY_LIMIT ACCEL=8000 ACCEL_TO_DECEL=4000
G1 X92.952 Y134.731 F24000
SET_VELOCITY_LIMIT ACCEL=6000 ACCEL_TO_DECEL=3000
G1 F5142
G1 X94.58 Y134.694 E.05291
G1 X110.882 Y118.391 E.74917
;TIME_ELAPSED:957.870361

;LAYER_CHANGE
;:9.6
;HEIGHT:0.200001
;BEFORE_LAYER_CHANGE
;9.6
G92 E0

G1 E-.8 F2400
;WIPE_START
G1 F6141.304
G1 X109.468 Y119.806
;WIPE_END
EXCLUDE_OBJECT_END NAME=arm.stl_id_0_copy_0
;_SET_FAN_SPEED_CHANGING_LAYER
; OBJECT_ID: 15
EXCLUDE_OBJECT_START NAME=arm.stl_id_0_copy_0
SET_VELOCITY_LIMIT ACCEL=8000 ACCEL_TO_DECEL=4000
G1 X117.033 Y118.791 Z9.8 F24000
G1 X157.026 Y113.43 Z9.8
G1 Z9.6
G1 E.8 F2400
SET_VELOCITY_LIMIT ACCEL=4000 ACCEL_TO_DECEL=2000 SQUARE_CORNER_VELOCITY=6
;TYPE:Inner wall
G1 F5061
M73 P40 R22
G1 X155.438 Y111.623 E.07818
M73 P41 R22
G1 X161.292 Y106.475 E.25332
G1 X169.081 Y115.334 E.3833
G1 X125.56 Y153.597 E1.88305
G1 X95.901 Y135.012 E1.13734
G1 X91.334 Y135.117 E.14845
G1 X90.67 Y106.329 E.93572
G1 X94.862 Y106.232 E.13626
G1 X135.393 Y135.903 E1.63223
G1 X142.967 Y129.244 E.32773
G1 X141.772 Y127.884 E.05882
G1 X157.544 Y114.018 E.68239
G1 X157.066 Y113.475 E.02353
G1 E-.8 F2400
;WIPE_START
G1 F6141.304
G1 X155.745 Y111.973
;WIPE_END
SET_VELOCITY_LIMIT ACCEL=8000 ACCEL_TO_DECEL=4000 SQUARE_CORNER_VELOCITY=8
G1 X149.864 Y116.838 Z10 F24000
G1 X143.695 Y121.941 Z10
G1 Z9.6
G1 E.8 F2400
SET_VELOCITY_LIMIT ACCEL=4000 ACCEL_TO_DECEL=2000 SQUARE_CORNER_VELOCITY=6
G1 F5061
G1 X143.418 Y122.184 E.01198
G1 X142.431 Y121.061 E.04861
G1 X142.919 Y120.632 E.02111
G1 X145.037 Y120.761 E.06897
G1 X143.74 Y121.901 E.05612
G1 E-.8 F2400
;WIPE_START
G1 F6141.304
G1 X143.418 Y122.184
G1 X142.431 Y121.061
G1 X142.488 Y121.011
;WIPE_END
SET_VELOCITY_LIMIT ACCEL=8000 ACCEL_TO_DECEL=4000 SQUARE_CORNER_VELOCITY=8
G1 X149.356 Y117.682 Z10 F24000
G1 X156.991 Y113.983 Z10
G1 Z9.6
G1 E.8 F2400
SET_VELOCITY_LIMIT ACCEL=4000 ACCEL_TO_DECEL=2000 SQUARE_CORNER_VELOCITY=6
;TYPE:Outer wall
;WIDTH:0.42
G1 F5061
G1 X155.399 Y112.173 E.07254
G1 X143.383 Y122.737 E.4816
G1 X141.877 Y121.025 E.06863
G1 X142.781 Y120.23 E.03622
G1 X144.906 Y120.36 E.06407
G1 X161.328 Y105.922 E.65818
G1 X169.634 Y115.37 E.37866
G1 X125.599 Y154.084 E1.76488
G1 X95.792 Y135.406 E1.05877
G1 X90.951 Y135.518 E.14577
G1 X90.269 Y105.946 E.89036
G1 X94.986 Y105.837 E.14203
G1 X135.37 Y135.4 E1.50647
G1 X142.414 Y129.208 E.2823
G1 X141.219 Y127.849 E.05448
G1 X156.945 Y114.023 E.6303
G1 E-.8 F2400
;WIPE_START
G1 F6629.9
G1 X155.663 Y112.488
;WIPE_END
SET_VELOCITY_LIMIT ACCEL=8000 ACCEL_TO_DECEL=4000 SQUARE_CORNER_VELOCITY=8
G1 X155.289 Y111.751 Z10 F24000
G1 Z9.6
G1 E.8 F2400
SET_VELOCITY_LIMIT ACCEL=6000 ACCEL_TO_DECEL=3000
;TYPE:Gap infill
;WIDTH:0.430844
G1 F5061
G1 X145.249 Y120.577 E.41395
SET_VELOCITY_LIMIT ACCEL=8000 ACCEL_TO_DECEL=4000
G1 X143.018 Y121.098 F24000
SET_VELOCITY_LIMIT ACCEL=6000 ACCEL_TO_DECEL=3000
;TYPE:Internal solid infill
;WIDTH:0.468625
G1 F5061
G1 X143.456 Y121.596 E.02253
G1 X144.004 Y121.115 E.02478
G1 X143.063 Y121.059 E.03201
G1 E-.8 F2400
;WIPE_START
G1 F5872.611
G1 X144.004 Y121.115
G1 X143.456 Y121.596
G1 X143.239 Y121.349
;WIPE_END
SET_VELOCITY_LIMIT ACCEL=8000 ACCEL_TO_DECEL=4000
G1 X149.226 Y116.616 Z10 F24000
G1 X159.742 Y108.302 Z10
G1 Z9.6
G1 E.8 F2400
SET_VELOCITY_LIMIT ACCEL=6000 ACCEL_TO_DECEL=3000
;TYPE:Sparse infill
;WIDTH:0.45
G1 F5061
G1 X160.965 Y107.227 E.05291
G1 X165.3 Y111.562 E.19921
G1 X168.175 Y114.831 E.14146
G1 X161.253 Y121.753 E.31808
G1 X160.66 Y122.274 E.02564
G1 X155.056 Y116.669 E.25754
G1 X150.971 Y120.26 E.17674
G1 X156.576 Y125.865 E.25754
G1 X152.491 Y129.456 E.17674
G1 X146.887 Y123.852 E.25754
G1 X142.802 Y127.443 E.17674
G1 X148.406 Y133.047 E.25754
G1 X144.321 Y136.638 E.17674
G1 X140 Y132.317 E.19861
G1 X141.222 Y131.241 E.05291
SET_VELOCITY_LIMIT ACCEL=8000 ACCEL_TO_DECEL=4000
G1 X164.745 Y118.682 F24000
SET_VELOCITY_LIMIT ACCEL=6000 ACCEL_TO_DECEL=3000
G1 F5061
G1 X156.881 Y110.818 E.36142
G1 X156.511 Y111.143 E.01601
G1 X155.962 Y111.692 E.02521
G1 X157.037 Y112.915 E.05291
SET_VELOCITY_LIMIT ACCEL=8000 ACCEL_TO_DECEL=4000
G1 X164.583 Y110.746 F24000
SET_VELOCITY_LIMIT ACCEL=6000 ACCEL_TO_DECEL=3000
G1 F5061
G1 X123.46 Y151.87 E1.88983
G1 X124.84 Y152.734 E.05291
SET_VELOCITY_LIMIT ACCEL=8000 ACCEL_TO_DECEL=4000
G1 X110.882 Y118.391 F24000
SET_VELOCITY_LIMIT ACCEL=6000 ACCEL_TO_DECEL=3000
G1 F5061
G1 X94.58 Y134.694 E.74917
G1 X92.952 Y134.731 E.05291
SET_VELOCITY_LIMIT ACCEL=8000 ACCEL_TO_DECEL=4000
G1 X91.083 Y109.152 F24000
SET_VELOCITY_LIMIT ACCEL=6000 ACCEL_TO_DECEL=3000
G1 F5061
G1 X91.046 Y107.524 E.05291
G1 X91.922 Y106.648 E.04025
G1 X91.317 Y106.662 E.01964
G1 X132.067 Y147.412 E1.87263
G1 X127.982 Y151.003 E.17674
G1 X91.2 Y114.221 E1.6903
G1 X91.219 Y115.027 E.0262
G1 X97.587 Y108.659 E.29266
G1 X102.019 Y111.903 E.17847
G1 X91.392 Y122.53 E.48837
G1 X91.381 Y122.078 E.01469
G1 X117.335 Y148.032 E1.1927
G1 X118.741 Y148.913 E.0539
G1 X133.041 Y134.613 E.65716
G1 X135.413 Y136.349 E.09552
G1 X135.915 Y135.908 E.02172
G1 X140.237 Y140.229 E.19861
G1 X136.152 Y143.821 E.17674
G1 X110.286 Y117.955 E1.18866
G1 X106.451 Y115.147 E.15445
G1 X91.565 Y130.033 E.68408
G1 X91.562 Y129.935 E.00318
G1 X96.777 Y135.15 E.23963
G1 X99.865 Y137.085 E.11842
G1 X115.314 Y121.636 E.70996
G1 X119.746 Y124.88 E.17847
G1 X104.584 Y140.042 E.69676
G1 X109.303 Y142.999 E.18096
G1 X124.178 Y128.124 E.68356
G1 X128.609 Y131.368 E.17847
G1 X114.022 Y145.956 E.67036
G1 X112.642 Y145.091 E.05291
;TIME_ELAPSED:974.691345

;LAYER_CHANGE
;:9.8
;HEIGHT:0.2
;BEFORE_LAYER_CHANGE
;9.8
G92 E0

G1 E-.8 F2400
;WIPE_START
G1 F6141.304
G1 X114.022 Y145.956
G1 X114.285 Y145.693
;WIPE_END
EXCLUDE_OBJECT_END NAME=arm.stl_id_0_copy_0
;_SET_FAN_SPEED_CHANGING_LAYER
; OBJECT_ID: 15
EXCLUDE_OBJECT_START NAME=arm.stl_id_0_copy_0
SET_VELOCITY_LIMIT ACCEL=8000 ACCEL_TO_DECEL=4000
G1 X120.376 Y141.095 Z10 F24000
G1 X157.026 Y113.43 Z10
G1 Z9.8
G1 E.8 F2400
SET_VELOCITY_LIMIT ACCEL=4000 ACCEL_TO_DECEL=2000 SQUARE_CORNER_VELOCITY=6
;TYPE:Inner wall
G1 F5159
G1 X155.438 Y111.623 E.07818
G1 X161.292 Y106.475 E.25332
G1 X169.081 Y115.334 E.3833
G1 X125.56 Y153.597 E1.88305
G1 X95.901 Y135.012 E1.13734
G1 X91.334 Y135.117 E.14845
G1 X90.67 Y106.329 E.93572
G1 X94.862 Y106.232 E.13626
G1 X135.393 Y135.903 E1.63223
G1 X142.967 Y129.244 E.32773
G1 X141.772 Y127.884 E.05882
G1 X157.544 Y114.018 E.68239
G1 X157.066 Y113.475 E.02353
G1 E-.8 F2400
;WIPE_START
G1 F6141.304
G1 X155.745 Y111.973
;WIPE_END
SET_VELOCITY_LIMIT ACCEL=8000 ACCEL_TO_DECEL=4000 SQUARE_CORNER_VELOCITY=8
G1 X149.864 Y116.838 Z10.2 F24000
G1 X143.695 Y121.941 Z10.2
G1 Z9.8
G1 E.8 F2400
SET_VELOCITY_LIMIT ACCEL=4000 ACCEL_TO_DECEL=2000 SQUARE_CORNER_VELOCITY=6
G1 F5159
G1 X143.418 Y122.184 E.01198
G1 X142.431 Y121.061 E.04861
G1 X142.919 Y120.632 E.02111
G1 X145.037 Y120.761 E.06897
G1 X143.74 Y121.901 E.05612
G1 E-.8 F2400
;WIPE_START
G1 F6141.304
G1 X143.418 Y122.184
G1 X142.431 Y121.061
G1 X142.488 Y121.011
;WIPE_END
SET_VELOCITY_LIMIT ACCEL=8000 ACCEL_TO_DECEL=4000 SQUARE_CORNER_VELOCITY=8
G1 X149.356 Y117.682 Z10.2 F24000
G1 X156.991 Y113.983 Z10.2
G1 Z9.8
G1 E.8 F2400
SET_VELOCITY_LIMIT ACCEL=4000 ACCEL_TO_DECEL=2000 SQUARE_CORNER_VELOCITY=6
;TYPE:Outer wall
;WIDTH:0.42
G1 F5159
G1 X155.399 Y112.173 E.07254
G1 X143.383 Y122.737 E.4816
G1 X141.877 Y121.025 E.06863
G1 X142.781 Y120.23 E.03622
G1 X144.906 Y120.36 E.06407
G1 X161.328 Y105.922 E.65818
G1 X169.634 Y115.37 E.37866
G1 X125.599 Y154.084 E1.76488
G1 X95.792 Y135.406 E1.05877
G1 X90.951 Y135.518 E.14577
G1 X90.269 Y105.946 E.89036
G1 X94.986 Y105.837 E.14203
G1 X135.37 Y135.4 E1.50647
G1 X142.414 Y129.208 E.2823
G1 X141.219 Y127.849 E.05448
M73 P42 R22
G1 X156.945 Y114.023 E.6303
G1 E-.8 F2400
;WIPE_START
G1 F6629.9
G1 X155.663 Y112.488
;WIPE_END
SET_VELOCITY_LIMIT ACCEL=8000 ACCEL_TO_DECEL=4000 SQUARE_CORNER_VELOCITY=8
G1 X155.289 Y111.751 Z10.2 F24000
G1 Z9.8
G1 E.8 F2400
SET_VELOCITY_LIMIT ACCEL=6000 ACCEL_TO_DECEL=3000
;TYPE:Gap infill
;WIDTH:0.430844
G1 F5159
G1 X145.249 Y120.577 E.41395
SET_VELOCITY_LIMIT ACCEL=8000 ACCEL_TO_DECEL=4000
G1 X143.018 Y121.098 F24000
SET_VELOCITY_LIMIT ACCEL=6000 ACCEL_TO_DECEL=3000
;TYPE:Internal solid infill
;WIDTH:0.468624
G1 F5159
G1 X143.456 Y121.596 E.02253
G1 X144.004 Y121.115 E.02478
G1 X143.063 Y121.059 E.03201
G1 E-.8 F2400
;WIPE_START
G1 F5872.625
G1 X144.004 Y121.115
G1 X143.456 Y121.596
G1 X143.239 Y121.349
;WIPE_END
SET_VELOCITY_LIMIT ACCEL=8000 ACCEL_TO_DECEL=4000
G1 X143.173 Y128.982 Z10.2 F24000
G1 X143.098 Y137.713 Z10.2
G1 Z9.8
G1 E.8 F2400
SET_VELOCITY_LIMIT ACCEL=6000 ACCEL_TO_DECEL=3000
;TYPE:Sparse infill
;WIDTH:0.45
G1 F5159
G1 X144.321 Y136.638 E.05291
G1 X140 Y132.317 E.19861
G1 X143.459 Y129.275 E.14968
G1 X142.264 Y127.916 E.05882
G1 X142.802 Y127.443 E.02328
G1 X148.406 Y133.047 E.25754
G1 X152.491 Y129.456 E.17674
G1 X146.887 Y123.852 E.25754
G1 X150.971 Y120.26 E.17674
G1 X156.576 Y125.865 E.25754
G1 X155.353 Y126.94 E.05291
SET_VELOCITY_LIMIT ACCEL=8000 ACCEL_TO_DECEL=4000
G1 X159.742 Y108.302 F24000
SET_VELOCITY_LIMIT ACCEL=6000 ACCEL_TO_DECEL=3000
G1 F5159
G1 X160.965 Y107.227 E.05291
G1 X165.3 Y111.562 E.19921
G1 X168.175 Y114.831 E.14146
G1 X161.253 Y121.753 E.31808
G1 X160.66 Y122.274 E.02564
G1 X155.056 Y116.669 E.25754
G1 X158.035 Y114.05 E.1289
G1 X155.962 Y111.692 E.10204
G1 X156.511 Y111.143 E.02521
G1 X156.881 Y110.818 E.01601
G1 X164.745 Y118.682 E.36142
SET_VELOCITY_LIMIT ACCEL=8000 ACCEL_TO_DECEL=4000
G1 X124.84 Y152.734 F24000
SET_VELOCITY_LIMIT ACCEL=6000 ACCEL_TO_DECEL=3000
G1 F5159
G1 X123.46 Y151.87 E.05291
G1 X164.583 Y110.746 E1.88982
G1 E-.8 F2400
;WIPE_START
G1 F6141.304
G1 X163.169 Y112.16
;WIPE_END
SET_VELOCITY_LIMIT ACCEL=8000 ACCEL_TO_DECEL=4000
G1 X156.775 Y116.328 Z10.2 F24000
G1 X112.642 Y145.091 Z10.2
G1 Z9.8
G1 E.8 F2400
SET_VELOCITY_LIMIT ACCEL=6000 ACCEL_TO_DECEL=3000
G1 F5159
G1 X114.022 Y145.956 E.05291
G1 X128.609 Y131.368 E.67036
G1 X124.178 Y128.124 E.17847
G1 X109.303 Y142.999 E.68356
G1 X104.584 Y140.042 E.18096
G1 X119.746 Y124.88 E.69676
G1 X115.314 Y121.636 E.17847
G1 X99.865 Y137.085 E.70996
G1 X96.777 Y135.15 E.11842
G1 X91.562 Y129.935 E.23963
G1 X91.565 Y130.033 E.00318
G1 X106.451 Y115.147 E.68408
G1 X110.286 Y117.955 E.15445
G1 X136.152 Y143.821 E1.18866
G1 X140.237 Y140.229 E.17674
G1 X135.915 Y135.908 E.19861
G1 X135.413 Y136.349 E.02172
G1 X133.041 Y134.613 E.09552
G1 X118.741 Y148.913 E.65716
G1 X117.335 Y148.032 E.0539
G1 X91.381 Y122.078 E1.1927
G1 X91.392 Y122.53 E.01469
G1 X102.019 Y111.903 E.48837
G1 X97.587 Y108.659 E.17847
G1 X91.219 Y115.027 E.29266
G1 X91.2 Y114.221 E.0262
G1 X127.982 Y151.003 E1.6903
G1 X132.067 Y147.412 E.17674
G1 X91.317 Y106.662 E1.87263
G1 X91.922 Y106.648 E.01964
G1 X91.046 Y107.524 E.04025
G1 X91.083 Y109.152 E.05291
SET_VELOCITY_LIMIT ACCEL=8000 ACCEL_TO_DECEL=4000
G1 X92.952 Y134.731 F24000
SET_VELOCITY_LIMIT ACCEL=6000 ACCEL_TO_DECEL=3000
G1 F5159
G1 X94.58 Y134.694 E.05291
G1 X110.882 Y118.391 E.74917
;TIME_ELAPSED:991.886230

;LAYER_CHANGE
;:10
;HEIGHT:0.2
;BEFORE_LAYER_CHANGE
;10
G92 E0

G1 E-.8 F2400
;WIPE_START
G1 F6141.304
G1 X109.468 Y119.806
;WIPE_END
EXCLUDE_OBJECT_END NAME=arm.stl_id_0_copy_0
;_SET_FAN_SPEED_CHANGING_LAYER
; OBJECT_ID: 15
EXCLUDE_OBJECT_START NAME=arm.stl_id_0_copy_0
SET_VELOCITY_LIMIT ACCEL=8000 ACCEL_TO_DECEL=4000
G1 X117.033 Y118.791 Z10.2 F24000
G1 X157.026 Y113.43 Z10.2
G1 Z10
G1 E.8 F2400
SET_VELOCITY_LIMIT ACCEL=4000 ACCEL_TO_DECEL=2000 SQUARE_CORNER_VELOCITY=6
;TYPE:Inner wall
G1 F5196
G1 X156.851 Y113.23 E.00862
G1 X157.208 Y112.916 E.01546
G1 X155.795 Y111.309 E.06956
G1 X161.292 Y106.475 E.23787
G1 X169.081 Y115.334 E.3833
G1 X125.56 Y153.597 E1.88305
G1 X95.901 Y135.012 E1.13734
G1 X91.334 Y135.117 E.14845
G1 X90.67 Y106.329 E.93572
G1 X94.862 Y106.232 E.13626
G1 X135.393 Y135.903 E1.63223
G1 X142.967 Y129.244 E.32773
G1 X141.772 Y127.884 E.05882
G1 X157.544 Y114.018 E.68239
G1 X157.066 Y113.475 E.02353
SET_VELOCITY_LIMIT ACCEL=8000 ACCEL_TO_DECEL=4000 SQUARE_CORNER_VELOCITY=8
G1 X156.991 Y113.983 F24000
SET_VELOCITY_LIMIT ACCEL=4000 ACCEL_TO_DECEL=2000 SQUARE_CORNER_VELOCITY=6
;TYPE:Outer wall
;WIDTH:0.42
G1 F5196
G1 X155.399 Y112.173 E.07254
G1 X143.383 Y122.737 E.4816
G1 X141.877 Y121.025 E.06863
G1 X142.781 Y120.23 E.03622
G1 X144.906 Y120.36 E.06406
G1 X161.328 Y105.922 E.65819
G1 X169.634 Y115.37 E.37866
G1 X125.599 Y154.084 E1.76488
G1 X95.792 Y135.406 E1.05877
G1 X90.951 Y135.518 E.14577
G1 X90.269 Y105.946 E.89036
G1 X94.986 Y105.837 E.14203
G1 X135.37 Y135.4 E1.50647
G1 X142.414 Y129.208 E.2823
G1 X141.219 Y127.849 E.05448
G1 X156.945 Y114.023 E.6303
SET_VELOCITY_LIMIT ACCEL=8000 ACCEL_TO_DECEL=4000 SQUARE_CORNER_VELOCITY=8
G1 X156.574 Y113.047 F24000
SET_VELOCITY_LIMIT ACCEL=6000 ACCEL_TO_DECEL=3000
;TYPE:Internal solid infill
;WIDTH:0.38292
G1 F5196
G1 X156.666 Y112.931 E.00402
SET_VELOCITY_LIMIT ACCEL=8000 ACCEL_TO_DECEL=4000
G1 X155.985 Y112.674 F24000
SET_VELOCITY_LIMIT ACCEL=2000 ACCEL_TO_DECEL=1000
;TYPE:Top surface
;WIDTH:0.421463
G1 F5196
G1 X156.435 Y112.225 E.0192
SET_VELOCITY_LIMIT ACCEL=8000 ACCEL_TO_DECEL=4000
G1 X156.184 Y111.94 F24000
SET_VELOCITY_LIMIT ACCEL=2000 ACCEL_TO_DECEL=1000
G1 F5196
G1 X155.735 Y112.389 E.0192
SET_VELOCITY_LIMIT ACCEL=8000 ACCEL_TO_DECEL=4000
G1 X155.484 Y112.104 F24000
SET_VELOCITY_LIMIT ACCEL=2000 ACCEL_TO_DECEL=1000
G1 F5196
G1 X155.934 Y111.655 E.0192
SET_VELOCITY_LIMIT ACCEL=8000 ACCEL_TO_DECEL=4000
G1 X155.683 Y111.37 F24000
SET_VELOCITY_LIMIT ACCEL=2000 ACCEL_TO_DECEL=1000
G1 F5196
G1 X152.31 Y114.743 E.14413
G1 E-.8 F2400
;WIPE_START
G1 F6604.27
G1 X153.725 Y113.329
;WIPE_END
SET_VELOCITY_LIMIT ACCEL=8000 ACCEL_TO_DECEL=4000
G1 X148.075 Y118.461 Z10.4 F24000
G1 X147.88 Y118.638 Z10.4
G1 Z10
G1 E.8 F2400
SET_VELOCITY_LIMIT ACCEL=2000 ACCEL_TO_DECEL=1000
G1 F5196
G1 X154.065 Y112.453 E.26431
G1 E-.8 F2400
;WIPE_START
G1 F6604.27
G1 X152.651 Y113.867
;WIPE_END
SET_VELOCITY_LIMIT ACCEL=8000 ACCEL_TO_DECEL=4000
G1 X149.635 Y116.347 Z10.4 F24000
G1 Z10
G1 E.8 F2400
SET_VELOCITY_LIMIT ACCEL=2000 ACCEL_TO_DECEL=1000
G1 F5196
G1 X143.45 Y122.533 E.26432
SET_VELOCITY_LIMIT ACCEL=8000 ACCEL_TO_DECEL=4000
G1 X143.146 Y122.302 F24000
SET_VELOCITY_LIMIT ACCEL=2000 ACCEL_TO_DECEL=1000
G1 F5196
G1 X145.205 Y120.242 E.08803
SET_VELOCITY_LIMIT ACCEL=8000 ACCEL_TO_DECEL=4000
G1 X144.469 Y120.443 F24000
SET_VELOCITY_LIMIT ACCEL=2000 ACCEL_TO_DECEL=1000
G1 F5196
G1 X142.895 Y122.017 E.06726
SET_VELOCITY_LIMIT ACCEL=8000 ACCEL_TO_DECEL=4000
G1 X142.645 Y121.732 F24000
SET_VELOCITY_LIMIT ACCEL=2000 ACCEL_TO_DECEL=1000
G1 F5196
G1 X143.965 Y120.412 E.0564
SET_VELOCITY_LIMIT ACCEL=8000 ACCEL_TO_DECEL=4000
G1 X143.46 Y120.381 F24000
SET_VELOCITY_LIMIT ACCEL=2000 ACCEL_TO_DECEL=1000
G1 F5196
G1 X142.394 Y121.447 E.04555
G1 E-.8 F2400
;WIPE_START
G1 F6604.27
G1 X143.46 Y120.381
;WIPE_END
SET_VELOCITY_LIMIT ACCEL=8000 ACCEL_TO_DECEL=4000
G1 X149.579 Y115.819 Z10.4 F24000
G1 X154.91 Y111.844 Z10.4
G1 Z10
G1 E.8 F2400
SET_VELOCITY_LIMIT ACCEL=6000 ACCEL_TO_DECEL=3000
;TYPE:Gap infill
;WIDTH:0.103454
G1 F5196
G1 X154.535 Y112.196 E.00248
;WIDTH:0.11874
G1 X154.16 Y112.548 E.00311
G1 E-.8 F2400
;WIPE_START
G1 F15000
G1 X154.535 Y112.196
;WIPE_END
SET_VELOCITY_LIMIT ACCEL=8000 ACCEL_TO_DECEL=4000
G1 X152.215 Y114.648 Z10.4 F24000
G1 Z10
G1 E.8 F2400
SET_VELOCITY_LIMIT ACCEL=6000 ACCEL_TO_DECEL=3000
;WIDTH:0.134026
G1 F5196
G1 X151.84 Y114.999 E.00374
;WIDTH:0.11874
G1 X151.466 Y115.351 E.00311
SET_VELOCITY_LIMIT ACCEL=8000 ACCEL_TO_DECEL=4000
G1 X150.48 Y115.739 F24000
SET_VELOCITY_LIMIT ACCEL=6000 ACCEL_TO_DECEL=3000
;WIDTH:0.103454
G1 F5196
G1 X150.105 Y116.091 E.00248
;WIDTH:0.11874
G1 X149.73 Y116.442 E.00311
G1 E-.8 F2400
;WIPE_START
G1 F15000
G1 X150.105 Y116.091
;WIPE_END
SET_VELOCITY_LIMIT ACCEL=8000 ACCEL_TO_DECEL=4000
G1 X147.785 Y118.543 Z10.4 F24000
G1 Z10
G1 E.8 F2400
SET_VELOCITY_LIMIT ACCEL=6000 ACCEL_TO_DECEL=3000
;WIDTH:0.134025
G1 F5196
G1 X147.41 Y118.894 E.00374
;WIDTH:0.118739
G1 X147.035 Y119.246 E.00311
SET_VELOCITY_LIMIT ACCEL=8000 ACCEL_TO_DECEL=4000
G1 X146.05 Y119.634 F24000
SET_VELOCITY_LIMIT ACCEL=6000 ACCEL_TO_DECEL=3000
;WIDTH:0.103454
G1 F5196
G1 X145.675 Y119.985 E.00248
;WIDTH:0.118739
G1 X145.3 Y120.337 E.00311
G1 E-.8 F2400
;WIPE_START
G1 F15000
G1 X145.675 Y119.985
;WIPE_END
SET_VELOCITY_LIMIT ACCEL=8000 ACCEL_TO_DECEL=4000
G1 X142.994 Y120.432 Z10.4 F24000
G1 Z10
G1 E.8 F2400
SET_VELOCITY_LIMIT ACCEL=6000 ACCEL_TO_DECEL=3000
;WIDTH:0.26025
G1 F5196
G1 X142.234 Y121.145 E.01808
G1 E-.8 F2400
;WIPE_START
G1 F11503.284
G1 X142.994 Y120.432
;WIPE_END
SET_VELOCITY_LIMIT ACCEL=8000 ACCEL_TO_DECEL=4000
G1 X149.748 Y123.988 Z10.4 F24000
G1 X155.353 Y126.94 Z10.4
G1 Z10
G1 E.8 F2400
SET_VELOCITY_LIMIT ACCEL=6000 ACCEL_TO_DECEL=3000
;TYPE:Sparse infill
;WIDTH:0.45
G1 F5196
G1 X156.576 Y125.865 E.05291
G1 X150.971 Y120.26 E.25754
G1 X146.887 Y123.852 E.17674
G1 X152.491 Y129.456 E.25754
G1 X148.406 Y133.047 E.17674
G1 X142.802 Y127.443 E.25754
G1 X142.264 Y127.916 E.02328
G1 X143.459 Y129.275 E.05882
G1 X140 Y132.317 E.14968
G1 X144.321 Y136.638 E.19861
G1 X143.098 Y137.713 E.05291
SET_VELOCITY_LIMIT ACCEL=8000 ACCEL_TO_DECEL=4000
G1 X164.745 Y118.682 F24000
SET_VELOCITY_LIMIT ACCEL=6000 ACCEL_TO_DECEL=3000
G1 F5196
G1 X156.881 Y110.818 E.36142
G1 X156.429 Y111.225 E.01975
G1 X156.831 Y111.682 E.01977
G1 X156.814 Y111.94 E.00843
G1 X157.7 Y112.948 E.04359
G1 X157.343 Y113.262 E.01546
G1 X158.035 Y114.05 E.0341
G1 X155.056 Y116.669 E.1289
G1 X160.66 Y122.274 E.25754
G1 X161.253 Y121.753 E.02564
G1 X168.175 Y114.831 E.31808
G1 X165.3 Y111.562 E.14146
G1 X160.965 Y107.227 E.19921
G1 X159.742 Y108.302 E.05291
SET_VELOCITY_LIMIT ACCEL=8000 ACCEL_TO_DECEL=4000
G1 X164.583 Y110.746 F24000
SET_VELOCITY_LIMIT ACCEL=6000 ACCEL_TO_DECEL=3000
G1 F5196
G1 X123.46 Y151.87 E1.88983
G1 X124.84 Y152.734 E.05291
SET_VELOCITY_LIMIT ACCEL=8000 ACCEL_TO_DECEL=4000
G1 X110.882 Y118.391 F24000
SET_VELOCITY_LIMIT ACCEL=6000 ACCEL_TO_DECEL=3000
G1 F5196
G1 X94.58 Y134.694 E.74917
G1 X92.952 Y134.731 E.05291
SET_VELOCITY_LIMIT ACCEL=8000 ACCEL_TO_DECEL=4000
G1 X91.083 Y109.152 F24000
SET_VELOCITY_LIMIT ACCEL=6000 ACCEL_TO_DECEL=3000
G1 F5196
M73 P43 R22
G1 X91.046 Y107.524 E.05291
G1 X91.922 Y106.648 E.04025
G1 X91.317 Y106.662 E.01964
G1 X132.067 Y147.412 E1.87263
G1 X127.982 Y151.003 E.17674
G1 X91.2 Y114.221 E1.6903
G1 X91.219 Y115.027 E.0262
G1 X97.587 Y108.659 E.29266
G1 X102.019 Y111.903 E.17847
G1 X91.392 Y122.53 E.48837
G1 X91.381 Y122.078 E.01469
G1 X117.335 Y148.032 E1.1927
G1 X118.741 Y148.913 E.0539
G1 X133.041 Y134.613 E.65716
G1 X135.413 Y136.349 E.09552
G1 X135.915 Y135.908 E.02172
G1 X140.237 Y140.229 E.19861
G1 X136.152 Y143.821 E.17674
G1 X110.286 Y117.955 E1.18866
G1 X106.451 Y115.147 E.15445
G1 X91.565 Y130.033 E.68408
G1 X91.562 Y129.935 E.00318
G1 X96.777 Y135.15 E.23963
G1 X99.865 Y137.085 E.11842
G1 X115.314 Y121.636 E.70996
G1 X119.746 Y124.88 E.17847
G1 X104.584 Y140.042 E.69676
G1 X109.303 Y142.999 E.18096
G1 X124.178 Y128.124 E.68356
G1 X128.609 Y131.368 E.17847
G1 X114.022 Y145.956 E.67036
G1 X112.642 Y145.091 E.05291
;TIME_ELAPSED:1010.080261

;LAYER_CHANGE
;:10.2
;HEIGHT:0.2
;BEFORE_LAYER_CHANGE
;10.2
G92 E0

G1 E-.8 F2400
;WIPE_START
G1 F6141.304
G1 X114.022 Y145.956
G1 X114.285 Y145.693
;WIPE_END
EXCLUDE_OBJECT_END NAME=arm.stl_id_0_copy_0
;_SET_FAN_SPEED_CHANGING_LAYER
; OBJECT_ID: 15
EXCLUDE_OBJECT_START NAME=arm.stl_id_0_copy_0
SET_VELOCITY_LIMIT ACCEL=8000 ACCEL_TO_DECEL=4000
G1 X120.376 Y141.095 Z10.4 F24000
G1 X157.026 Y113.43 Z10.4
G1 Z10.2
G1 E.8 F2400
SET_VELOCITY_LIMIT ACCEL=4000 ACCEL_TO_DECEL=2000 SQUARE_CORNER_VELOCITY=6
;TYPE:Inner wall
G1 F4780
G1 X155.438 Y111.623 E.07818
G1 X161.292 Y106.475 E.25332
G1 X169.081 Y115.334 E.3833
G1 X125.56 Y153.597 E1.88305
G1 X95.901 Y135.012 E1.13734
G1 X91.334 Y135.117 E.14845
G1 X90.67 Y106.329 E.93572
G1 X94.862 Y106.232 E.13626
G1 X135.393 Y135.903 E1.63223
G1 X142.967 Y129.244 E.32773
G1 X141.772 Y127.884 E.05882
G1 X157.544 Y114.018 E.68239
G1 X157.066 Y113.475 E.02353
SET_VELOCITY_LIMIT ACCEL=8000 ACCEL_TO_DECEL=4000 SQUARE_CORNER_VELOCITY=8
G1 X156.991 Y113.983 F24000
SET_VELOCITY_LIMIT ACCEL=4000 ACCEL_TO_DECEL=2000 SQUARE_CORNER_VELOCITY=6
;TYPE:Outer wall
;WIDTH:0.42
G1 F4780
G1 X154.884 Y111.587 E.09602
G1 X161.328 Y105.922 E.25826
G1 X169.634 Y115.37 E.37866
G1 X125.599 Y154.084 E1.76488
G1 X95.792 Y135.406 E1.05877
G1 X90.951 Y135.518 E.14577
G1 X90.269 Y105.946 E.89036
G1 X94.986 Y105.837 E.14203
G1 X135.37 Y135.4 E1.50647
G1 X142.414 Y129.208 E.2823
G1 X141.219 Y127.849 E.05448
G1 X156.945 Y114.023 E.6303
SET_VELOCITY_LIMIT ACCEL=8000 ACCEL_TO_DECEL=4000 SQUARE_CORNER_VELOCITY=8
G1 X157.037 Y112.915 F24000
SET_VELOCITY_LIMIT ACCEL=6000 ACCEL_TO_DECEL=3000
;TYPE:Sparse infill
;WIDTH:0.45
G1 F4780
G1 X155.962 Y111.692 E.05291
G1 X156.511 Y111.143 E.02521
G1 X156.881 Y110.818 E.01601
G1 X164.745 Y118.682 E.36142
SET_VELOCITY_LIMIT ACCEL=8000 ACCEL_TO_DECEL=4000
G1 X155.353 Y126.94 F24000
SET_VELOCITY_LIMIT ACCEL=6000 ACCEL_TO_DECEL=3000
G1 F4780
G1 X156.576 Y125.865 E.05291
G1 X150.971 Y120.26 E.25754
G1 X155.056 Y116.669 E.17674
G1 X160.66 Y122.274 E.25754
G1 X161.253 Y121.753 E.02564
G1 X168.175 Y114.831 E.31808
G1 X165.3 Y111.562 E.14146
G1 X160.965 Y107.227 E.19921
G1 X159.742 Y108.302 E.05291
G1 E-.8 F2400
;WIPE_START
G1 F6141.304
G1 X160.965 Y107.227
G1 X161.228 Y107.489
;WIPE_END
SET_VELOCITY_LIMIT ACCEL=8000 ACCEL_TO_DECEL=4000
G1 X157.302 Y114.035 Z10.6 F24000
G1 X143.098 Y137.713 Z10.6
G1 Z10.2
G1 E.8 F2400
SET_VELOCITY_LIMIT ACCEL=6000 ACCEL_TO_DECEL=3000
M73 P43 R21
G1 F4780
G1 X144.321 Y136.638 E.05291
G1 X140 Y132.317 E.19861
G1 X143.459 Y129.275 E.14968
G1 X142.264 Y127.916 E.05882
G1 X142.802 Y127.443 E.02328
G1 X148.406 Y133.047 E.25754
G1 X152.491 Y129.456 E.17674
G1 X146.887 Y123.852 E.25754
G1 X145.664 Y124.927 E.05291
SET_VELOCITY_LIMIT ACCEL=8000 ACCEL_TO_DECEL=4000
G1 X124.84 Y152.734 F24000
SET_VELOCITY_LIMIT ACCEL=6000 ACCEL_TO_DECEL=3000
G1 F4780
G1 X123.46 Y151.87 E.05291
G1 X164.583 Y110.746 E1.88982
G1 E-.8 F2400
;WIPE_START
G1 F6141.304
G1 X163.169 Y112.16
;WIPE_END
SET_VELOCITY_LIMIT ACCEL=8000 ACCEL_TO_DECEL=4000
G1 X156.775 Y116.328 Z10.6 F24000
G1 X112.642 Y145.091 Z10.6
G1 Z10.2
G1 E.8 F2400
SET_VELOCITY_LIMIT ACCEL=6000 ACCEL_TO_DECEL=3000
G1 F4780
G1 X114.022 Y145.956 E.05291
G1 X128.609 Y131.368 E.67036
G1 X124.178 Y128.124 E.17847
G1 X109.303 Y142.999 E.68356
G1 X104.584 Y140.042 E.18096
G1 X119.746 Y124.88 E.69676
G1 X115.314 Y121.636 E.17847
G1 X99.865 Y137.085 E.70996
G1 X96.777 Y135.15 E.11842
G1 X91.562 Y129.935 E.23963
G1 X91.565 Y130.033 E.00318
G1 X106.451 Y115.147 E.68408
G1 X110.286 Y117.955 E.15445
G1 X136.152 Y143.821 E1.18866
G1 X140.237 Y140.229 E.17674
G1 X135.915 Y135.908 E.19861
G1 X135.413 Y136.349 E.02172
G1 X133.041 Y134.613 E.09552
G1 X118.741 Y148.913 E.65716
G1 X117.335 Y148.032 E.0539
G1 X91.381 Y122.078 E1.1927
G1 X91.392 Y122.53 E.01469
G1 X102.019 Y111.903 E.48837
G1 X97.587 Y108.659 E.17847
G1 X91.219 Y115.027 E.29266
G1 X91.2 Y114.221 E.0262
G1 X127.982 Y151.003 E1.6903
G1 X132.067 Y147.412 E.17674
G1 X91.317 Y106.662 E1.87263
G1 X91.922 Y106.648 E.01964
G1 X91.046 Y107.524 E.04025
G1 X91.083 Y109.152 E.05291
SET_VELOCITY_LIMIT ACCEL=8000 ACCEL_TO_DECEL=4000
G1 X92.952 Y134.731 F24000
SET_VELOCITY_LIMIT ACCEL=6000 ACCEL_TO_DECEL=3000
G1 F4780
G1 X94.58 Y134.694 E.05291
G1 X110.882 Y118.391 E.74917
;TIME_ELAPSED:1026.065186

;LAYER_CHANGE
;:10.4
;HEIGHT:0.2
;BEFORE_LAYER_CHANGE
;10.4
G92 E0

G1 E-.8 F2400
;WIPE_START
G1 F6141.304
G1 X109.468 Y119.806
;WIPE_END
EXCLUDE_OBJECT_END NAME=arm.stl_id_0_copy_0
;_SET_FAN_SPEED_CHANGING_LAYER
; OBJECT_ID: 15
EXCLUDE_OBJECT_START NAME=arm.stl_id_0_copy_0
SET_VELOCITY_LIMIT ACCEL=8000 ACCEL_TO_DECEL=4000
G1 X117.033 Y118.791 Z10.6 F24000
G1 X157.026 Y113.43 Z10.6
G1 Z10.4
G1 E.8 F2400
SET_VELOCITY_LIMIT ACCEL=4000 ACCEL_TO_DECEL=2000 SQUARE_CORNER_VELOCITY=6
;TYPE:Inner wall
G1 F4705
G1 X155.438 Y111.623 E.07818
G1 X161.292 Y106.475 E.25332
G1 X169.081 Y115.334 E.3833
G1 X125.56 Y153.597 E1.88305
G1 X95.901 Y135.012 E1.13734
G1 X91.334 Y135.117 E.14845
G1 X90.67 Y106.329 E.93572
G1 X94.862 Y106.232 E.13626
G1 X135.393 Y135.903 E1.63223
M73 P44 R21
G1 X142.967 Y129.244 E.32773
G1 X141.772 Y127.884 E.05882
G1 X157.544 Y114.018 E.68239
G1 X157.066 Y113.475 E.02353
SET_VELOCITY_LIMIT ACCEL=8000 ACCEL_TO_DECEL=4000 SQUARE_CORNER_VELOCITY=8
G1 X156.991 Y113.983 F24000
SET_VELOCITY_LIMIT ACCEL=4000 ACCEL_TO_DECEL=2000 SQUARE_CORNER_VELOCITY=6
;TYPE:Outer wall
;WIDTH:0.42
G1 F4705
G1 X154.884 Y111.587 E.09602
G1 X161.328 Y105.922 E.25826
G1 X169.634 Y115.37 E.37866
G1 X125.599 Y154.084 E1.76488
G1 X95.792 Y135.406 E1.05877
G1 X90.951 Y135.518 E.14577
G1 X90.269 Y105.946 E.89036
G1 X94.986 Y105.837 E.14203
G1 X135.37 Y135.4 E1.50647
G1 X142.414 Y129.208 E.2823
G1 X141.219 Y127.849 E.05448
G1 X156.945 Y114.023 E.6303
G1 E-.8 F2400
;WIPE_START
G1 F6629.9
G1 X155.653 Y112.496
;WIPE_END
SET_VELOCITY_LIMIT ACCEL=8000 ACCEL_TO_DECEL=4000 SQUARE_CORNER_VELOCITY=8
G1 X159.742 Y108.302 Z10.8 F24000
G1 Z10.4
G1 E.8 F2400
SET_VELOCITY_LIMIT ACCEL=6000 ACCEL_TO_DECEL=3000
;TYPE:Sparse infill
;WIDTH:0.45
G1 F4705
G1 X160.965 Y107.227 E.05291
G1 X165.3 Y111.562 E.19921
G1 X168.175 Y114.831 E.14146
G1 X161.253 Y121.753 E.31808
G1 X160.66 Y122.274 E.02564
G1 X155.056 Y116.669 E.25754
G1 X150.971 Y120.26 E.17674
G1 X156.576 Y125.865 E.25754
G1 X155.353 Y126.94 E.05291
SET_VELOCITY_LIMIT ACCEL=8000 ACCEL_TO_DECEL=4000
G1 X145.664 Y124.927 F24000
SET_VELOCITY_LIMIT ACCEL=6000 ACCEL_TO_DECEL=3000
G1 F4705
G1 X146.887 Y123.852 E.05291
G1 X152.491 Y129.456 E.25754
G1 X148.406 Y133.047 E.17674
G1 X142.802 Y127.443 E.25754
G1 X142.264 Y127.916 E.02328
G1 X143.459 Y129.275 E.05882
G1 X140 Y132.317 E.14968
G1 X144.321 Y136.638 E.19861
G1 X143.098 Y137.713 E.05291
SET_VELOCITY_LIMIT ACCEL=8000 ACCEL_TO_DECEL=4000
G1 X164.745 Y118.682 F24000
SET_VELOCITY_LIMIT ACCEL=6000 ACCEL_TO_DECEL=3000
G1 F4705
G1 X156.881 Y110.818 E.36142
G1 X156.511 Y111.143 E.01601
G1 X155.962 Y111.692 E.02521
G1 X157.037 Y112.915 E.05291
SET_VELOCITY_LIMIT ACCEL=8000 ACCEL_TO_DECEL=4000
G1 X164.583 Y110.746 F24000
SET_VELOCITY_LIMIT ACCEL=6000 ACCEL_TO_DECEL=3000
G1 F4705
G1 X123.46 Y151.87 E1.88982
G1 X124.84 Y152.734 E.05291
SET_VELOCITY_LIMIT ACCEL=8000 ACCEL_TO_DECEL=4000
G1 X110.882 Y118.391 F24000
SET_VELOCITY_LIMIT ACCEL=6000 ACCEL_TO_DECEL=3000
G1 F4705
G1 X94.58 Y134.694 E.74917
G1 X92.952 Y134.731 E.05291
SET_VELOCITY_LIMIT ACCEL=8000 ACCEL_TO_DECEL=4000
G1 X91.083 Y109.152 F24000
SET_VELOCITY_LIMIT ACCEL=6000 ACCEL_TO_DECEL=3000
G1 F4705
G1 X91.046 Y107.524 E.05291
G1 X91.922 Y106.648 E.04025
G1 X91.317 Y106.662 E.01964
G1 X132.067 Y147.412 E1.87263
G1 X127.982 Y151.003 E.17674
G1 X91.2 Y114.221 E1.6903
G1 X91.219 Y115.027 E.0262
G1 X97.587 Y108.659 E.29266
G1 X102.019 Y111.903 E.17847
G1 X91.392 Y122.53 E.48837
G1 X91.381 Y122.078 E.01469
G1 X117.335 Y148.032 E1.1927
G1 X118.741 Y148.913 E.0539
G1 X133.041 Y134.613 E.65716
G1 X135.413 Y136.349 E.09552
G1 X135.915 Y135.908 E.02172
G1 X140.237 Y140.229 E.19861
G1 X136.152 Y143.821 E.17674
G1 X110.286 Y117.955 E1.18866
G1 X106.451 Y115.147 E.15445
G1 X91.565 Y130.033 E.68408
G1 X91.562 Y129.935 E.00318
G1 X96.777 Y135.15 E.23963
G1 X99.865 Y137.085 E.11842
G1 X115.314 Y121.636 E.70996
G1 X119.746 Y124.88 E.17847
G1 X104.584 Y140.042 E.69676
G1 X109.303 Y142.999 E.18096
G1 X124.178 Y128.124 E.68356
G1 X128.609 Y131.368 E.17847
G1 X114.022 Y145.956 E.67036
G1 X112.642 Y145.091 E.05291
;TIME_ELAPSED:1041.785400

;LAYER_CHANGE
;:10.6
;HEIGHT:0.200001
;BEFORE_LAYER_CHANGE
;10.6
G92 E0

G1 E-.8 F2400
;WIPE_START
G1 F6141.304
G1 X114.022 Y145.956
G1 X114.285 Y145.693
;WIPE_END
EXCLUDE_OBJECT_END NAME=arm.stl_id_0_copy_0
;_SET_FAN_SPEED_CHANGING_LAYER
; OBJECT_ID: 15
EXCLUDE_OBJECT_START NAME=arm.stl_id_0_copy_0
SET_VELOCITY_LIMIT ACCEL=8000 ACCEL_TO_DECEL=4000
G1 X120.376 Y141.095 Z10.8 F24000
G1 X157.026 Y113.43 Z10.8
G1 Z10.6
G1 E.8 F2400
SET_VELOCITY_LIMIT ACCEL=4000 ACCEL_TO_DECEL=2000 SQUARE_CORNER_VELOCITY=6
;TYPE:Inner wall
G1 F4780
G1 X155.438 Y111.623 E.07818
G1 X161.292 Y106.475 E.25332
G1 X169.081 Y115.334 E.3833
G1 X125.56 Y153.597 E1.88305
G1 X95.901 Y135.012 E1.13734
G1 X91.334 Y135.117 E.14845
G1 X90.67 Y106.329 E.93572
G1 X94.862 Y106.232 E.13626
G1 X135.393 Y135.903 E1.63223
G1 X142.967 Y129.244 E.32773
G1 X141.772 Y127.884 E.05882
G1 X157.544 Y114.018 E.68239
G1 X157.066 Y113.475 E.02353
SET_VELOCITY_LIMIT ACCEL=8000 ACCEL_TO_DECEL=4000 SQUARE_CORNER_VELOCITY=8
G1 X156.991 Y113.983 F24000
SET_VELOCITY_LIMIT ACCEL=4000 ACCEL_TO_DECEL=2000 SQUARE_CORNER_VELOCITY=6
;TYPE:Outer wall
;WIDTH:0.42
G1 F4780
G1 X154.884 Y111.587 E.09602
G1 X161.328 Y105.922 E.25826
G1 X169.634 Y115.37 E.37866
G1 X125.599 Y154.084 E1.76488
G1 X95.792 Y135.406 E1.05877
G1 X90.951 Y135.518 E.14577
G1 X90.269 Y105.946 E.89036
G1 X94.986 Y105.837 E.14203
G1 X135.37 Y135.4 E1.50647
G1 X142.414 Y129.208 E.2823
G1 X141.219 Y127.849 E.05448
G1 X156.945 Y114.023 E.6303
SET_VELOCITY_LIMIT ACCEL=8000 ACCEL_TO_DECEL=4000 SQUARE_CORNER_VELOCITY=8
G1 X157.037 Y112.915 F24000
SET_VELOCITY_LIMIT ACCEL=6000 ACCEL_TO_DECEL=3000
;TYPE:Sparse infill
;WIDTH:0.45
G1 F4780
G1 X155.962 Y111.692 E.05291
G1 X156.511 Y111.143 E.02521
G1 X156.881 Y110.818 E.01601
G1 X164.745 Y118.682 E.36142
SET_VELOCITY_LIMIT ACCEL=8000 ACCEL_TO_DECEL=4000
G1 X155.353 Y126.94 F24000
SET_VELOCITY_LIMIT ACCEL=6000 ACCEL_TO_DECEL=3000
G1 F4780
G1 X156.576 Y125.865 E.05291
G1 X150.971 Y120.26 E.25754
G1 X155.056 Y116.669 E.17674
G1 X160.66 Y122.274 E.25754
G1 X161.253 Y121.753 E.02564
G1 X168.175 Y114.831 E.31808
G1 X165.3 Y111.562 E.14146
G1 X160.965 Y107.227 E.19921
G1 X159.742 Y108.302 E.05291
G1 E-.8 F2400
;WIPE_START
G1 F6141.304
G1 X160.965 Y107.227
G1 X161.228 Y107.489
;WIPE_END
SET_VELOCITY_LIMIT ACCEL=8000 ACCEL_TO_DECEL=4000
G1 X157.302 Y114.035 Z11 F24000
G1 X143.098 Y137.713 Z11
G1 Z10.6
G1 E.8 F2400
SET_VELOCITY_LIMIT ACCEL=6000 ACCEL_TO_DECEL=3000
G1 F4780
G1 X144.321 Y136.638 E.05291
G1 X140 Y132.317 E.19861
G1 X143.459 Y129.275 E.14968
G1 X142.264 Y127.916 E.05882
G1 X142.802 Y127.443 E.02328
G1 X148.406 Y133.047 E.25754
G1 X152.491 Y129.456 E.17674
G1 X146.887 Y123.852 E.25754
G1 X145.664 Y124.927 E.05291
SET_VELOCITY_LIMIT ACCEL=8000 ACCEL_TO_DECEL=4000
G1 X124.84 Y152.734 F24000
SET_VELOCITY_LIMIT ACCEL=6000 ACCEL_TO_DECEL=3000
G1 F4780
G1 X123.46 Y151.87 E.05291
G1 X164.583 Y110.746 E1.88982
G1 E-.8 F2400
;WIPE_START
G1 F6141.304
G1 X163.169 Y112.16
;WIPE_END
SET_VELOCITY_LIMIT ACCEL=8000 ACCEL_TO_DECEL=4000
G1 X156.775 Y116.328 Z11 F24000
G1 X112.642 Y145.091 Z11
G1 Z10.6
G1 E.8 F2400
SET_VELOCITY_LIMIT ACCEL=6000 ACCEL_TO_DECEL=3000
M73 P45 R21
G1 F4780
G1 X114.022 Y145.956 E.05291
G1 X128.609 Y131.368 E.67036
G1 X124.178 Y128.124 E.17847
G1 X109.303 Y142.999 E.68356
G1 X104.584 Y140.042 E.18096
G1 X119.746 Y124.88 E.69676
G1 X115.314 Y121.636 E.17847
G1 X99.865 Y137.085 E.70996
G1 X96.777 Y135.15 E.11842
G1 X91.562 Y129.935 E.23963
G1 X91.565 Y130.033 E.00318
G1 X106.451 Y115.147 E.68408
G1 X110.286 Y117.955 E.15445
G1 X136.152 Y143.821 E1.18866
G1 X140.237 Y140.229 E.17674
G1 X135.915 Y135.908 E.19861
G1 X135.413 Y136.349 E.02172
G1 X133.041 Y134.613 E.09552
G1 X118.741 Y148.913 E.65716
G1 X117.335 Y148.032 E.0539
G1 X91.381 Y122.078 E1.1927
G1 X91.392 Y122.53 E.01469
G1 X102.019 Y111.903 E.48837
G1 X97.587 Y108.659 E.17847
G1 X91.219 Y115.027 E.29266
G1 X91.2 Y114.221 E.0262
G1 X127.982 Y151.003 E1.6903
G1 X132.067 Y147.412 E.17674
G1 X91.317 Y106.662 E1.87263
G1 X91.922 Y106.648 E.01964
G1 X91.046 Y107.524 E.04025
G1 X91.083 Y109.152 E.05291
SET_VELOCITY_LIMIT ACCEL=8000 ACCEL_TO_DECEL=4000
G1 X92.952 Y134.731 F24000
SET_VELOCITY_LIMIT ACCEL=6000 ACCEL_TO_DECEL=3000
G1 F4780
G1 X94.58 Y134.694 E.05291
G1 X110.882 Y118.391 E.74917
;TIME_ELAPSED:1057.799072

;LAYER_CHANGE
;:10.8
;HEIGHT:0.2
;BEFORE_LAYER_CHANGE
;10.8
G92 E0

G1 E-.8 F2400
;WIPE_START
G1 F6141.304
G1 X109.468 Y119.806
;WIPE_END
EXCLUDE_OBJECT_END NAME=arm.stl_id_0_copy_0
;_SET_FAN_SPEED_CHANGING_LAYER
; OBJECT_ID: 15
EXCLUDE_OBJECT_START NAME=arm.stl_id_0_copy_0
SET_VELOCITY_LIMIT ACCEL=8000 ACCEL_TO_DECEL=4000
G1 X117.033 Y118.791 Z11 F24000
G1 X157.026 Y113.43 Z11
G1 Z10.8
G1 E.8 F2400
SET_VELOCITY_LIMIT ACCEL=4000 ACCEL_TO_DECEL=2000 SQUARE_CORNER_VELOCITY=6
;TYPE:Inner wall
G1 F4705
G1 X155.438 Y111.623 E.07818
G1 X161.292 Y106.475 E.25332
G1 X169.081 Y115.334 E.3833
G1 X125.56 Y153.597 E1.88305
G1 X95.901 Y135.012 E1.13734
G1 X91.334 Y135.117 E.14845
G1 X90.67 Y106.329 E.93572
G1 X94.862 Y106.232 E.13626
G1 X135.393 Y135.903 E1.63223
G1 X142.967 Y129.244 E.32773
G1 X141.772 Y127.884 E.05882
G1 X157.544 Y114.018 E.68239
G1 X157.066 Y113.475 E.02353
SET_VELOCITY_LIMIT ACCEL=8000 ACCEL_TO_DECEL=4000 SQUARE_CORNER_VELOCITY=8
G1 X156.991 Y113.983 F24000
SET_VELOCITY_LIMIT ACCEL=4000 ACCEL_TO_DECEL=2000 SQUARE_CORNER_VELOCITY=6
;TYPE:Outer wall
;WIDTH:0.42
G1 F4705
G1 X154.884 Y111.587 E.09602
G1 X161.328 Y105.922 E.25826
G1 X169.634 Y115.37 E.37866
G1 X125.599 Y154.084 E1.76488
G1 X95.792 Y135.406 E1.05877
G1 X90.951 Y135.518 E.14577
G1 X90.269 Y105.946 E.89036
G1 X94.986 Y105.837 E.14203
G1 X135.37 Y135.4 E1.50647
G1 X142.414 Y129.208 E.2823
G1 X141.219 Y127.849 E.05448
G1 X156.945 Y114.023 E.6303
G1 E-.8 F2400
;WIPE_START
G1 F6629.9
G1 X155.653 Y112.496
;WIPE_END
SET_VELOCITY_LIMIT ACCEL=8000 ACCEL_TO_DECEL=4000 SQUARE_CORNER_VELOCITY=8
G1 X159.742 Y108.302 Z11.2 F24000
G1 Z10.8
G1 E.8 F2400
SET_VELOCITY_LIMIT ACCEL=6000 ACCEL_TO_DECEL=3000
;TYPE:Sparse infill
;WIDTH:0.45
G1 F4705
G1 X160.965 Y107.227 E.05291
G1 X165.3 Y111.562 E.19921
G1 X168.175 Y114.831 E.14146
G1 X161.253 Y121.753 E.31808
G1 X160.66 Y122.274 E.02564
G1 X155.056 Y116.669 E.25754
G1 X150.971 Y120.26 E.17674
G1 X156.576 Y125.865 E.25754
G1 X155.353 Y126.94 E.05291
SET_VELOCITY_LIMIT ACCEL=8000 ACCEL_TO_DECEL=4000
G1 X145.664 Y124.927 F24000
SET_VELOCITY_LIMIT ACCEL=6000 ACCEL_TO_DECEL=3000
G1 F4705
G1 X146.887 Y123.852 E.05291
G1 X152.491 Y129.456 E.25754
G1 X148.406 Y133.047 E.17674
G1 X142.802 Y127.443 E.25754
G1 X142.264 Y127.916 E.02328
G1 X143.459 Y129.275 E.05882
G1 X140 Y132.317 E.14968
G1 X144.321 Y136.638 E.19861
G1 X143.098 Y137.713 E.05291
SET_VELOCITY_LIMIT ACCEL=8000 ACCEL_TO_DECEL=4000
G1 X164.745 Y118.682 F24000
SET_VELOCITY_LIMIT ACCEL=6000 ACCEL_TO_DECEL=3000
G1 F4705
G1 X156.881 Y110.818 E.36142
G1 X156.511 Y111.143 E.01601
G1 X155.962 Y111.692 E.02521
G1 X157.037 Y112.915 E.05291
SET_VELOCITY_LIMIT ACCEL=8000 ACCEL_TO_DECEL=4000
G1 X164.583 Y110.746 F24000
SET_VELOCITY_LIMIT ACCEL=6000 ACCEL_TO_DECEL=3000
G1 F4705
G1 X123.46 Y151.87 E1.88982
G1 X124.84 Y152.734 E.05291
SET_VELOCITY_LIMIT ACCEL=8000 ACCEL_TO_DECEL=4000
G1 X110.882 Y118.391 F24000
SET_VELOCITY_LIMIT ACCEL=6000 ACCEL_TO_DECEL=3000
G1 F4705
G1 X94.58 Y134.694 E.74917
G1 X92.952 Y134.731 E.05291
SET_VELOCITY_LIMIT ACCEL=8000 ACCEL_TO_DECEL=4000
G1 X91.083 Y109.152 F24000
SET_VELOCITY_LIMIT ACCEL=6000 ACCEL_TO_DECEL=3000
G1 F4705
G1 X91.046 Y107.524 E.05291
G1 X91.922 Y106.648 E.04025
G1 X91.317 Y106.662 E.01964
G1 X132.067 Y147.412 E1.87263
G1 X127.982 Y151.003 E.17674
G1 X91.2 Y114.221 E1.6903
G1 X91.219 Y115.027 E.0262
G1 X97.587 Y108.659 E.29266
G1 X102.019 Y111.903 E.17847
G1 X91.392 Y122.53 E.48837
G1 X91.381 Y122.078 E.01469
G1 X117.335 Y148.032 E1.1927
G1 X118.741 Y148.913 E.0539
G1 X133.041 Y134.613 E.65716
G1 X135.413 Y136.349 E.09552
G1 X135.915 Y135.908 E.02172
G1 X140.237 Y140.229 E.19861
G1 X136.152 Y143.821 E.17674
G1 X110.286 Y117.955 E1.18866
G1 X106.451 Y115.147 E.15445
G1 X91.565 Y130.033 E.68408
G1 X91.562 Y129.935 E.00318
G1 X96.777 Y135.15 E.23963
G1 X99.865 Y137.085 E.11842
G1 X115.314 Y121.636 E.70996
G1 X119.746 Y124.88 E.17847
G1 X104.584 Y140.042 E.69676
G1 X109.303 Y142.999 E.18096
G1 X124.178 Y128.124 E.68356
G1 X128.609 Y131.368 E.17847
G1 X114.022 Y145.956 E.67036
G1 X112.642 Y145.091 E.05291
;TIME_ELAPSED:1073.519287

;LAYER_CHANGE
;:11
;HEIGHT:0.2
;BEFORE_LAYER_CHANGE
;11
G92 E0

G1 E-.8 F2400
;WIPE_START
G1 F6141.304
G1 X114.022 Y145.956
G1 X114.285 Y145.693
;WIPE_END
EXCLUDE_OBJECT_END NAME=arm.stl_id_0_copy_0
;_SET_FAN_SPEED_CHANGING_LAYER
; OBJECT_ID: 15
EXCLUDE_OBJECT_START NAME=arm.stl_id_0_copy_0
SET_VELOCITY_LIMIT ACCEL=8000 ACCEL_TO_DECEL=4000
G1 X120.376 Y141.095 Z11.2 F24000
G1 X157.026 Y113.43 Z11.2
G1 Z11
G1 E.8 F2400
SET_VELOCITY_LIMIT ACCEL=4000 ACCEL_TO_DECEL=2000 SQUARE_CORNER_VELOCITY=6
;TYPE:Inner wall
G1 F4780
G1 X155.438 Y111.623 E.07818
G1 X161.292 Y106.475 E.25332
G1 X169.081 Y115.334 E.3833
G1 X125.56 Y153.597 E1.88305
G1 X95.901 Y135.012 E1.13734
G1 X91.334 Y135.117 E.14845
G1 X90.67 Y106.329 E.93572
M73 P46 R21
G1 X94.862 Y106.232 E.13626
G1 X135.393 Y135.903 E1.63223
G1 X142.967 Y129.244 E.32773
G1 X141.772 Y127.884 E.05882
G1 X157.544 Y114.018 E.68239
G1 X157.066 Y113.475 E.02353
SET_VELOCITY_LIMIT ACCEL=8000 ACCEL_TO_DECEL=4000 SQUARE_CORNER_VELOCITY=8
G1 X156.991 Y113.983 F24000
SET_VELOCITY_LIMIT ACCEL=4000 ACCEL_TO_DECEL=2000 SQUARE_CORNER_VELOCITY=6
;TYPE:Outer wall
;WIDTH:0.42
G1 F4780
G1 X154.884 Y111.587 E.09602
G1 X161.328 Y105.922 E.25826
G1 X169.634 Y115.37 E.37866
G1 X125.599 Y154.084 E1.76488
G1 X95.792 Y135.406 E1.05877
G1 X90.951 Y135.518 E.14577
M73 P46 R20
G1 X90.269 Y105.946 E.89036
G1 X94.986 Y105.837 E.14203
G1 X135.37 Y135.4 E1.50647
G1 X142.414 Y129.208 E.2823
G1 X141.219 Y127.849 E.05448
G1 X156.945 Y114.023 E.6303
SET_VELOCITY_LIMIT ACCEL=8000 ACCEL_TO_DECEL=4000 SQUARE_CORNER_VELOCITY=8
G1 X157.037 Y112.915 F24000
SET_VELOCITY_LIMIT ACCEL=6000 ACCEL_TO_DECEL=3000
;TYPE:Sparse infill
;WIDTH:0.45
G1 F4780
G1 X155.962 Y111.692 E.05291
G1 X156.511 Y111.143 E.02521
G1 X156.881 Y110.818 E.01601
G1 X164.745 Y118.682 E.36142
SET_VELOCITY_LIMIT ACCEL=8000 ACCEL_TO_DECEL=4000
G1 X155.353 Y126.94 F24000
SET_VELOCITY_LIMIT ACCEL=6000 ACCEL_TO_DECEL=3000
G1 F4780
G1 X156.576 Y125.865 E.05291
G1 X150.971 Y120.26 E.25754
G1 X155.056 Y116.669 E.17674
G1 X160.66 Y122.274 E.25754
G1 X161.253 Y121.753 E.02564
G1 X168.175 Y114.831 E.31808
G1 X165.3 Y111.562 E.14146
G1 X160.965 Y107.227 E.19921
G1 X159.742 Y108.302 E.05291
G1 E-.8 F2400
;WIPE_START
G1 F6141.304
G1 X160.965 Y107.227
G1 X161.228 Y107.489
;WIPE_END
SET_VELOCITY_LIMIT ACCEL=8000 ACCEL_TO_DECEL=4000
G1 X157.302 Y114.035 Z11.4 F24000
G1 X143.098 Y137.713 Z11.4
G1 Z11
G1 E.8 F2400
SET_VELOCITY_LIMIT ACCEL=6000 ACCEL_TO_DECEL=3000
G1 F4780
G1 X144.321 Y136.638 E.05291
G1 X140 Y132.317 E.19861
G1 X143.459 Y129.275 E.14968
G1 X142.264 Y127.916 E.05882
G1 X142.802 Y127.443 E.02328
G1 X148.406 Y133.047 E.25754
G1 X152.491 Y129.456 E.17674
G1 X146.887 Y123.852 E.25754
G1 X145.664 Y124.927 E.05291
SET_VELOCITY_LIMIT ACCEL=8000 ACCEL_TO_DECEL=4000
G1 X124.84 Y152.734 F24000
SET_VELOCITY_LIMIT ACCEL=6000 ACCEL_TO_DECEL=3000
G1 F4780
G1 X123.46 Y151.87 E.05291
G1 X164.583 Y110.746 E1.88982
G1 E-.8 F2400
;WIPE_START
G1 F6141.304
G1 X163.169 Y112.16
;WIPE_END
SET_VELOCITY_LIMIT ACCEL=8000 ACCEL_TO_DECEL=4000
G1 X156.775 Y116.328 Z11.4 F24000
G1 X112.642 Y145.091 Z11.4
G1 Z11
G1 E.8 F2400
SET_VELOCITY_LIMIT ACCEL=6000 ACCEL_TO_DECEL=3000
G1 F4780
G1 X114.022 Y145.956 E.05291
G1 X128.609 Y131.368 E.67036
G1 X124.178 Y128.124 E.17847
G1 X109.303 Y142.999 E.68356
G1 X104.584 Y140.042 E.18096
G1 X119.746 Y124.88 E.69676
G1 X115.314 Y121.636 E.17847
G1 X99.865 Y137.085 E.70996
G1 X96.777 Y135.15 E.11842
G1 X91.562 Y129.935 E.23963
G1 X91.565 Y130.033 E.00318
G1 X106.451 Y115.147 E.68408
G1 X110.286 Y117.955 E.15445
G1 X136.152 Y143.821 E1.18866
G1 X140.237 Y140.229 E.17674
G1 X135.915 Y135.908 E.19861
G1 X135.413 Y136.349 E.02172
G1 X133.041 Y134.613 E.09552
G1 X118.741 Y148.913 E.65716
G1 X117.335 Y148.032 E.0539
G1 X91.381 Y122.078 E1.1927
G1 X91.392 Y122.53 E.01469
G1 X102.019 Y111.903 E.48837
G1 X97.587 Y108.659 E.17847
G1 X91.219 Y115.027 E.29266
G1 X91.2 Y114.221 E.0262
G1 X127.982 Y151.003 E1.6903
G1 X132.067 Y147.412 E.17674
G1 X91.317 Y106.662 E1.87263
G1 X91.922 Y106.648 E.01964
G1 X91.046 Y107.524 E.04025
G1 X91.083 Y109.152 E.05291
SET_VELOCITY_LIMIT ACCEL=8000 ACCEL_TO_DECEL=4000
G1 X92.952 Y134.731 F24000
SET_VELOCITY_LIMIT ACCEL=6000 ACCEL_TO_DECEL=3000
G1 F4780
G1 X94.58 Y134.694 E.05291
G1 X110.882 Y118.391 E.74917
;TIME_ELAPSED:1089.533081

;LAYER_CHANGE
;:11.2
;HEIGHT:0.2
;BEFORE_LAYER_CHANGE
;11.2
G92 E0

G1 E-.8 F2400
;WIPE_START
G1 F6141.304
G1 X109.468 Y119.806
;WIPE_END
EXCLUDE_OBJECT_END NAME=arm.stl_id_0_copy_0
;_SET_FAN_SPEED_CHANGING_LAYER
; OBJECT_ID: 15
EXCLUDE_OBJECT_START NAME=arm.stl_id_0_copy_0
SET_VELOCITY_LIMIT ACCEL=8000 ACCEL_TO_DECEL=4000
G1 X117.033 Y118.791 Z11.4 F24000
G1 X157.026 Y113.43 Z11.4
G1 Z11.2
G1 E.8 F2400
SET_VELOCITY_LIMIT ACCEL=4000 ACCEL_TO_DECEL=2000 SQUARE_CORNER_VELOCITY=6
;TYPE:Inner wall
G1 F4705
G1 X155.438 Y111.623 E.07818
G1 X161.292 Y106.475 E.25332
G1 X169.081 Y115.334 E.3833
G1 X125.56 Y153.597 E1.88305
G1 X95.901 Y135.012 E1.13734
G1 X91.334 Y135.117 E.14845
G1 X90.67 Y106.329 E.93572
G1 X94.862 Y106.232 E.13626
G1 X135.393 Y135.903 E1.63223
G1 X142.967 Y129.244 E.32773
G1 X141.772 Y127.884 E.05882
G1 X157.544 Y114.018 E.68239
G1 X157.066 Y113.475 E.02353
SET_VELOCITY_LIMIT ACCEL=8000 ACCEL_TO_DECEL=4000 SQUARE_CORNER_VELOCITY=8
G1 X156.991 Y113.983 F24000
SET_VELOCITY_LIMIT ACCEL=4000 ACCEL_TO_DECEL=2000 SQUARE_CORNER_VELOCITY=6
;TYPE:Outer wall
;WIDTH:0.42
G1 F4705
G1 X154.884 Y111.587 E.09602
G1 X161.328 Y105.922 E.25826
G1 X169.634 Y115.37 E.37866
G1 X125.599 Y154.084 E1.76488
G1 X95.792 Y135.406 E1.05877
G1 X90.951 Y135.518 E.14577
G1 X90.269 Y105.946 E.89036
G1 X94.986 Y105.837 E.14203
G1 X135.37 Y135.4 E1.50647
G1 X142.414 Y129.208 E.2823
G1 X141.219 Y127.849 E.05448
G1 X156.945 Y114.023 E.6303
G1 E-.8 F2400
;WIPE_START
G1 F6629.9
G1 X155.653 Y112.496
;WIPE_END
SET_VELOCITY_LIMIT ACCEL=8000 ACCEL_TO_DECEL=4000 SQUARE_CORNER_VELOCITY=8
G1 X159.742 Y108.302 Z11.6 F24000
G1 Z11.2
G1 E.8 F2400
SET_VELOCITY_LIMIT ACCEL=6000 ACCEL_TO_DECEL=3000
;TYPE:Sparse infill
;WIDTH:0.45
G1 F4705
G1 X160.965 Y107.227 E.05291
G1 X165.3 Y111.562 E.19921
G1 X168.175 Y114.831 E.14146
G1 X161.253 Y121.753 E.31808
G1 X160.66 Y122.274 E.02564
G1 X155.056 Y116.669 E.25754
G1 X150.971 Y120.26 E.17674
G1 X156.576 Y125.865 E.25754
G1 X155.353 Y126.94 E.05291
SET_VELOCITY_LIMIT ACCEL=8000 ACCEL_TO_DECEL=4000
G1 X145.664 Y124.927 F24000
SET_VELOCITY_LIMIT ACCEL=6000 ACCEL_TO_DECEL=3000
G1 F4705
G1 X146.887 Y123.852 E.05291
G1 X152.491 Y129.456 E.25754
G1 X148.406 Y133.047 E.17674
G1 X142.802 Y127.443 E.25754
G1 X142.264 Y127.916 E.02328
G1 X143.459 Y129.275 E.05882
G1 X140 Y132.317 E.14968
G1 X144.321 Y136.638 E.19861
G1 X143.098 Y137.713 E.05291
SET_VELOCITY_LIMIT ACCEL=8000 ACCEL_TO_DECEL=4000
G1 X164.745 Y118.682 F24000
SET_VELOCITY_LIMIT ACCEL=6000 ACCEL_TO_DECEL=3000
G1 F4705
G1 X156.881 Y110.818 E.36142
G1 X156.511 Y111.143 E.01601
G1 X155.962 Y111.692 E.02521
G1 X157.037 Y112.915 E.05291
SET_VELOCITY_LIMIT ACCEL=8000 ACCEL_TO_DECEL=4000
G1 X164.583 Y110.746 F24000
SET_VELOCITY_LIMIT ACCEL=6000 ACCEL_TO_DECEL=3000
G1 F4705
G1 X123.46 Y151.87 E1.88982
G1 X124.84 Y152.734 E.05291
SET_VELOCITY_LIMIT ACCEL=8000 ACCEL_TO_DECEL=4000
G1 X110.882 Y118.391 F24000
SET_VELOCITY_LIMIT ACCEL=6000 ACCEL_TO_DECEL=3000
M73 P47 R20
G1 F4705
G1 X94.58 Y134.694 E.74917
G1 X92.952 Y134.731 E.05291
SET_VELOCITY_LIMIT ACCEL=8000 ACCEL_TO_DECEL=4000
G1 X91.083 Y109.152 F24000
SET_VELOCITY_LIMIT ACCEL=6000 ACCEL_TO_DECEL=3000
G1 F4705
G1 X91.046 Y107.524 E.05291
G1 X91.922 Y106.648 E.04025
G1 X91.317 Y106.662 E.01964
G1 X132.067 Y147.412 E1.87263
G1 X127.982 Y151.003 E.17674
G1 X91.2 Y114.221 E1.6903
G1 X91.219 Y115.027 E.0262
G1 X97.587 Y108.659 E.29266
G1 X102.019 Y111.903 E.17847
G1 X91.392 Y122.53 E.48837
G1 X91.381 Y122.078 E.01469
G1 X117.335 Y148.032 E1.1927
G1 X118.741 Y148.913 E.0539
G1 X133.041 Y134.613 E.65716
G1 X135.413 Y136.349 E.09552
G1 X135.915 Y135.908 E.02172
G1 X140.237 Y140.229 E.19861
G1 X136.152 Y143.821 E.17674
G1 X110.286 Y117.955 E1.18866
G1 X106.451 Y115.147 E.15445
G1 X91.565 Y130.033 E.68408
G1 X91.562 Y129.935 E.00318
G1 X96.777 Y135.15 E.23963
G1 X99.865 Y137.085 E.11842
G1 X115.314 Y121.636 E.70996
G1 X119.746 Y124.88 E.17847
G1 X104.584 Y140.042 E.69676
G1 X109.303 Y142.999 E.18096
G1 X124.178 Y128.124 E.68356
G1 X128.609 Y131.368 E.17847
G1 X114.022 Y145.956 E.67036
G1 X112.642 Y145.091 E.05291
;TIME_ELAPSED:1105.253296

;LAYER_CHANGE
;:11.4
;HEIGHT:0.2
;BEFORE_LAYER_CHANGE
;11.4
G92 E0

G1 E-.8 F2400
;WIPE_START
G1 F6141.304
G1 X114.022 Y145.956
G1 X114.285 Y145.693
;WIPE_END
EXCLUDE_OBJECT_END NAME=arm.stl_id_0_copy_0
;_SET_FAN_SPEED_CHANGING_LAYER
; OBJECT_ID: 15
EXCLUDE_OBJECT_START NAME=arm.stl_id_0_copy_0
SET_VELOCITY_LIMIT ACCEL=8000 ACCEL_TO_DECEL=4000
G1 X120.376 Y141.095 Z11.6 F24000
G1 X157.026 Y113.43 Z11.6
G1 Z11.4
G1 E.8 F2400
SET_VELOCITY_LIMIT ACCEL=4000 ACCEL_TO_DECEL=2000 SQUARE_CORNER_VELOCITY=6
;TYPE:Inner wall
G1 F4780
G1 X155.438 Y111.623 E.07818
G1 X161.292 Y106.475 E.25332
G1 X169.081 Y115.334 E.3833
G1 X125.56 Y153.597 E1.88305
G1 X95.901 Y135.012 E1.13734
G1 X91.334 Y135.117 E.14845
G1 X90.67 Y106.329 E.93572
G1 X94.862 Y106.232 E.13626
G1 X135.393 Y135.903 E1.63223
G1 X142.967 Y129.244 E.32773
G1 X141.772 Y127.884 E.05882
G1 X157.544 Y114.018 E.68239
G1 X157.066 Y113.475 E.02353
SET_VELOCITY_LIMIT ACCEL=8000 ACCEL_TO_DECEL=4000 SQUARE_CORNER_VELOCITY=8
G1 X156.991 Y113.983 F24000
SET_VELOCITY_LIMIT ACCEL=4000 ACCEL_TO_DECEL=2000 SQUARE_CORNER_VELOCITY=6
;TYPE:Outer wall
;WIDTH:0.42
G1 F4780
G1 X154.884 Y111.587 E.09602
G1 X161.328 Y105.922 E.25826
G1 X169.634 Y115.37 E.37866
G1 X125.599 Y154.084 E1.76488
G1 X95.792 Y135.406 E1.05877
G1 X90.951 Y135.518 E.14577
G1 X90.269 Y105.946 E.89036
G1 X94.986 Y105.837 E.14203
G1 X135.37 Y135.4 E1.50647
G1 X142.414 Y129.208 E.2823
G1 X141.219 Y127.849 E.05448
G1 X156.945 Y114.023 E.6303
SET_VELOCITY_LIMIT ACCEL=8000 ACCEL_TO_DECEL=4000 SQUARE_CORNER_VELOCITY=8
G1 X157.037 Y112.915 F24000
SET_VELOCITY_LIMIT ACCEL=6000 ACCEL_TO_DECEL=3000
;TYPE:Sparse infill
;WIDTH:0.45
G1 F4780
G1 X155.962 Y111.692 E.05291
G1 X156.511 Y111.143 E.02521
G1 X156.881 Y110.818 E.01601
G1 X164.745 Y118.682 E.36142
SET_VELOCITY_LIMIT ACCEL=8000 ACCEL_TO_DECEL=4000
G1 X155.353 Y126.94 F24000
SET_VELOCITY_LIMIT ACCEL=6000 ACCEL_TO_DECEL=3000
G1 F4780
G1 X156.576 Y125.865 E.05291
G1 X150.971 Y120.26 E.25754
G1 X155.056 Y116.669 E.17674
G1 X160.66 Y122.274 E.25754
G1 X161.253 Y121.753 E.02564
G1 X168.175 Y114.831 E.31808
G1 X165.3 Y111.562 E.14146
G1 X160.965 Y107.227 E.19921
G1 X159.742 Y108.302 E.05291
G1 E-.8 F2400
;WIPE_START
G1 F6141.304
G1 X160.965 Y107.227
G1 X161.228 Y107.489
;WIPE_END
SET_VELOCITY_LIMIT ACCEL=8000 ACCEL_TO_DECEL=4000
G1 X157.302 Y114.035 Z11.8 F24000
G1 X143.098 Y137.713 Z11.8
G1 Z11.4
G1 E.8 F2400
SET_VELOCITY_LIMIT ACCEL=6000 ACCEL_TO_DECEL=3000
G1 F4780
G1 X144.321 Y136.638 E.05291
G1 X140 Y132.317 E.19861
G1 X143.459 Y129.275 E.14968
G1 X142.264 Y127.916 E.05882
G1 X142.802 Y127.443 E.02328
G1 X148.406 Y133.047 E.25754
G1 X152.491 Y129.456 E.17674
G1 X146.887 Y123.852 E.25754
G1 X145.664 Y124.927 E.05291
SET_VELOCITY_LIMIT ACCEL=8000 ACCEL_TO_DECEL=4000
G1 X124.84 Y152.734 F24000
SET_VELOCITY_LIMIT ACCEL=6000 ACCEL_TO_DECEL=3000
G1 F4780
G1 X123.46 Y151.87 E.05291
G1 X164.583 Y110.746 E1.88982
G1 E-.8 F2400
;WIPE_START
G1 F6141.304
G1 X163.169 Y112.16
;WIPE_END
SET_VELOCITY_LIMIT ACCEL=8000 ACCEL_TO_DECEL=4000
G1 X156.775 Y116.328 Z11.8 F24000
G1 X112.642 Y145.091 Z11.8
G1 Z11.4
G1 E.8 F2400
SET_VELOCITY_LIMIT ACCEL=6000 ACCEL_TO_DECEL=3000
G1 F4780
G1 X114.022 Y145.956 E.05291
G1 X128.609 Y131.368 E.67036
G1 X124.178 Y128.124 E.17847
G1 X109.303 Y142.999 E.68356
G1 X104.584 Y140.042 E.18096
G1 X119.746 Y124.88 E.69676
G1 X115.314 Y121.636 E.17847
G1 X99.865 Y137.085 E.70996
G1 X96.777 Y135.15 E.11842
G1 X91.562 Y129.935 E.23963
G1 X91.565 Y130.033 E.00318
G1 X106.451 Y115.147 E.68408
G1 X110.286 Y117.955 E.15445
G1 X136.152 Y143.821 E1.18866
G1 X140.237 Y140.229 E.17674
G1 X135.915 Y135.908 E.19861
G1 X135.413 Y136.349 E.02172
G1 X133.041 Y134.613 E.09552
G1 X118.741 Y148.913 E.65716
G1 X117.335 Y148.032 E.0539
G1 X91.381 Y122.078 E1.1927
G1 X91.392 Y122.53 E.01469
G1 X102.019 Y111.903 E.48837
G1 X97.587 Y108.659 E.17847
G1 X91.219 Y115.027 E.29266
G1 X91.2 Y114.221 E.0262
G1 X127.982 Y151.003 E1.6903
G1 X132.067 Y147.412 E.17674
G1 X91.317 Y106.662 E1.87263
G1 X91.922 Y106.648 E.01964
G1 X91.046 Y107.524 E.04025
G1 X91.083 Y109.152 E.05291
SET_VELOCITY_LIMIT ACCEL=8000 ACCEL_TO_DECEL=4000
G1 X92.952 Y134.731 F24000
SET_VELOCITY_LIMIT ACCEL=6000 ACCEL_TO_DECEL=3000
G1 F4780
G1 X94.58 Y134.694 E.05291
G1 X110.882 Y118.391 E.74917
;TIME_ELAPSED:1121.266968

;LAYER_CHANGE
;:11.6
;HEIGHT:0.200001
;BEFORE_LAYER_CHANGE
;11.6
G92 E0

G1 E-.8 F2400
;WIPE_START
G1 F6141.304
G1 X109.468 Y119.806
;WIPE_END
EXCLUDE_OBJECT_END NAME=arm.stl_id_0_copy_0
;_SET_FAN_SPEED_CHANGING_LAYER
; OBJECT_ID: 15
EXCLUDE_OBJECT_START NAME=arm.stl_id_0_copy_0
SET_VELOCITY_LIMIT ACCEL=8000 ACCEL_TO_DECEL=4000
G1 X117.033 Y118.791 Z11.8 F24000
G1 X157.026 Y113.43 Z11.8
G1 Z11.6
G1 E.8 F2400
SET_VELOCITY_LIMIT ACCEL=4000 ACCEL_TO_DECEL=2000 SQUARE_CORNER_VELOCITY=6
;TYPE:Inner wall
G1 F4705
G1 X155.438 Y111.623 E.07818
G1 X161.292 Y106.475 E.25332
G1 X169.081 Y115.334 E.3833
G1 X125.56 Y153.597 E1.88305
G1 X95.901 Y135.012 E1.13734
M73 P48 R20
G1 X91.334 Y135.117 E.14845
G1 X90.67 Y106.329 E.93572
G1 X94.862 Y106.232 E.13626
G1 X135.393 Y135.903 E1.63223
G1 X142.967 Y129.244 E.32773
G1 X141.772 Y127.884 E.05882
G1 X157.544 Y114.018 E.68239
G1 X157.066 Y113.475 E.02353
SET_VELOCITY_LIMIT ACCEL=8000 ACCEL_TO_DECEL=4000 SQUARE_CORNER_VELOCITY=8
G1 X156.991 Y113.983 F24000
SET_VELOCITY_LIMIT ACCEL=4000 ACCEL_TO_DECEL=2000 SQUARE_CORNER_VELOCITY=6
;TYPE:Outer wall
;WIDTH:0.42
G1 F4705
G1 X154.884 Y111.587 E.09602
G1 X161.328 Y105.922 E.25826
G1 X169.634 Y115.37 E.37866
G1 X125.599 Y154.084 E1.76488
G1 X95.792 Y135.406 E1.05877
G1 X90.951 Y135.518 E.14577
G1 X90.269 Y105.946 E.89036
G1 X94.986 Y105.837 E.14203
G1 X135.37 Y135.4 E1.50647
G1 X142.414 Y129.208 E.2823
G1 X141.219 Y127.849 E.05448
G1 X156.945 Y114.023 E.6303
G1 E-.8 F2400
;WIPE_START
G1 F6629.9
G1 X155.653 Y112.496
;WIPE_END
SET_VELOCITY_LIMIT ACCEL=8000 ACCEL_TO_DECEL=4000 SQUARE_CORNER_VELOCITY=8
G1 X159.742 Y108.302 Z12 F24000
G1 Z11.6
G1 E.8 F2400
SET_VELOCITY_LIMIT ACCEL=6000 ACCEL_TO_DECEL=3000
;TYPE:Sparse infill
;WIDTH:0.45
G1 F4705
G1 X160.965 Y107.227 E.05291
G1 X165.3 Y111.562 E.19921
G1 X168.175 Y114.831 E.14146
G1 X161.253 Y121.753 E.31808
G1 X160.66 Y122.274 E.02564
G1 X155.056 Y116.669 E.25754
G1 X150.971 Y120.26 E.17674
G1 X156.576 Y125.865 E.25754
G1 X155.353 Y126.94 E.05291
SET_VELOCITY_LIMIT ACCEL=8000 ACCEL_TO_DECEL=4000
G1 X145.664 Y124.927 F24000
SET_VELOCITY_LIMIT ACCEL=6000 ACCEL_TO_DECEL=3000
G1 F4705
G1 X146.887 Y123.852 E.05291
G1 X152.491 Y129.456 E.25754
G1 X148.406 Y133.047 E.17674
G1 X142.802 Y127.443 E.25754
G1 X142.264 Y127.916 E.02328
G1 X143.459 Y129.275 E.05882
G1 X140 Y132.317 E.14968
G1 X144.321 Y136.638 E.19861
G1 X143.098 Y137.713 E.05291
SET_VELOCITY_LIMIT ACCEL=8000 ACCEL_TO_DECEL=4000
G1 X164.745 Y118.682 F24000
SET_VELOCITY_LIMIT ACCEL=6000 ACCEL_TO_DECEL=3000
G1 F4705
G1 X156.881 Y110.818 E.36142
G1 X156.511 Y111.143 E.01601
G1 X155.962 Y111.692 E.02521
G1 X157.037 Y112.915 E.05291
SET_VELOCITY_LIMIT ACCEL=8000 ACCEL_TO_DECEL=4000
G1 X164.583 Y110.746 F24000
SET_VELOCITY_LIMIT ACCEL=6000 ACCEL_TO_DECEL=3000
G1 F4705
G1 X123.46 Y151.87 E1.88982
G1 X124.84 Y152.734 E.05291
SET_VELOCITY_LIMIT ACCEL=8000 ACCEL_TO_DECEL=4000
G1 X110.882 Y118.391 F24000
SET_VELOCITY_LIMIT ACCEL=6000 ACCEL_TO_DECEL=3000
G1 F4705
G1 X94.58 Y134.694 E.74917
G1 X92.952 Y134.731 E.05291
SET_VELOCITY_LIMIT ACCEL=8000 ACCEL_TO_DECEL=4000
G1 X91.083 Y109.152 F24000
SET_VELOCITY_LIMIT ACCEL=6000 ACCEL_TO_DECEL=3000
G1 F4705
G1 X91.046 Y107.524 E.05291
G1 X91.922 Y106.648 E.04025
G1 X91.317 Y106.662 E.01964
G1 X132.067 Y147.412 E1.87263
G1 X127.982 Y151.003 E.17674
G1 X91.2 Y114.221 E1.6903
G1 X91.219 Y115.027 E.0262
G1 X97.587 Y108.659 E.29266
G1 X102.019 Y111.903 E.17847
G1 X91.392 Y122.53 E.48837
G1 X91.381 Y122.078 E.01469
G1 X117.335 Y148.032 E1.1927
G1 X118.741 Y148.913 E.0539
G1 X133.041 Y134.613 E.65716
G1 X135.413 Y136.349 E.09552
G1 X135.915 Y135.908 E.02172
G1 X140.237 Y140.229 E.19861
G1 X136.152 Y143.821 E.17674
G1 X110.286 Y117.955 E1.18866
G1 X106.451 Y115.147 E.15445
G1 X91.565 Y130.033 E.68408
G1 X91.562 Y129.935 E.00318
G1 X96.777 Y135.15 E.23963
G1 X99.865 Y137.085 E.11842
G1 X115.314 Y121.636 E.70996
G1 X119.746 Y124.88 E.17847
G1 X104.584 Y140.042 E.69676
G1 X109.303 Y142.999 E.18096
G1 X124.178 Y128.124 E.68356
G1 X128.609 Y131.368 E.17847
G1 X114.022 Y145.956 E.67036
G1 X112.642 Y145.091 E.05291
;TIME_ELAPSED:1136.987183

M106 S209
;LAYER_CHANGE
;:11.8
;HEIGHT:0.2
;BEFORE_LAYER_CHANGE
;11.8
G92 E0

G1 E-.8 F2400
;WIPE_START
G1 F6141.304
G1 X114.022 Y145.956
G1 X114.285 Y145.693
;WIPE_END
EXCLUDE_OBJECT_END NAME=arm.stl_id_0_copy_0
;_SET_FAN_SPEED_CHANGING_LAYER
; OBJECT_ID: 15
EXCLUDE_OBJECT_START NAME=arm.stl_id_0_copy_0
SET_VELOCITY_LIMIT ACCEL=8000 ACCEL_TO_DECEL=4000
G1 X120.815 Y141.742 Z12 F24000
G1 X142.45 Y128.655 Z12
G1 Z11.8
G1 E.8 F2400
SET_VELOCITY_LIMIT ACCEL=4000 ACCEL_TO_DECEL=2000 SQUARE_CORNER_VELOCITY=6
;TYPE:Inner wall
M106 S255
G1 F2040
G1 X141.375 Y127.432 E.05291
G1 F840
G1 X141.243 Y127.282 E.00649
SET_VELOCITY_LIMIT ACCEL=2000 ACCEL_TO_DECEL=1000 SQUARE_CORNER_VELOCITY=8
;TYPE:Overhang wall
G1 F900
G1 X139.666 Y125.488 E.0776
G1 X154.835 Y112.152 E.65633
SET_VELOCITY_LIMIT ACCEL=4000 ACCEL_TO_DECEL=2000 SQUARE_CORNER_VELOCITY=6
;TYPE:Inner wall
G1 F840
G1 X154.985 Y112.02 E.00649
M106 S209
M73 P48 R19
G1 F2040
G1 X155.661 Y111.426 E.02924
G1 F6120
G1 X161.069 Y106.672 E.23398
G1 F6141.304
G1 X161.292 Y106.475 E.00967
G1 X169.081 Y115.334 E.38332
G1 X125.56 Y153.597 E1.88306
G1 X95.901 Y135.012 E1.13735
G1 X91.334 Y135.117 E.14844
G1 X90.67 Y106.329 E.93571
G1 X94.862 Y106.232 E.13625
G1 X135.393 Y135.903 E1.63224
G1 X142.967 Y129.244 E.32771
G1 X142.489 Y128.7 E.02353
SET_VELOCITY_LIMIT ACCEL=8000 ACCEL_TO_DECEL=4000 SQUARE_CORNER_VELOCITY=8
G1 X142.414 Y129.208 F24000
SET_VELOCITY_LIMIT ACCEL=4000 ACCEL_TO_DECEL=2000 SQUARE_CORNER_VELOCITY=6
;TYPE:Outer wall
;WIDTH:0.42
G1 F6629.9
G1 X142.056 Y128.8 E.01634
G1 X141.635 Y128.322 E.01917
M106 S255
G1 F2040
G1 X141.08 Y127.691 E.02529
G1 F840
G1 X140.948 Y127.541 E.00601
SET_VELOCITY_LIMIT ACCEL=2000 ACCEL_TO_DECEL=1000 SQUARE_CORNER_VELOCITY=8
;TYPE:Overhang wall
;WIDTH:0.45
G1 F900
G1 X139.113 Y125.453 E.09034
G1 X154.576 Y111.858 E.66907
SET_VELOCITY_LIMIT ACCEL=4000 ACCEL_TO_DECEL=2000 SQUARE_CORNER_VELOCITY=6
;TYPE:Outer wall
;WIDTH:0.42
G1 F840
G1 X154.727 Y111.726 E.00604
M106 S209
G1 F2040
G1 X155.357 Y111.171 E.02527
G1 F6600
G1 X160.855 Y106.338 E.22034
G1 F6629.9
G1 X161.328 Y105.922 E.01896
G1 X169.634 Y115.37 E.37866
G1 X125.599 Y154.084 E1.76487
G1 X95.792 Y135.406 E1.05879
G1 X90.951 Y135.518 E.14575
G1 X90.269 Y105.946 E.89036
G1 X94.986 Y105.837 E.14202
G1 X135.37 Y135.4 E1.50646
G1 X142.369 Y129.248 E.28049
SET_VELOCITY_LIMIT ACCEL=8000 ACCEL_TO_DECEL=4000 SQUARE_CORNER_VELOCITY=8
G1 X142.998 Y128.751 F24000
SET_VELOCITY_LIMIT ACCEL=6000 ACCEL_TO_DECEL=3000
;TYPE:Sparse infill
;WIDTH:0.45
G1 F6141.304
G1 X142.405 Y128.076 E.02919
G1 X142.953 Y127.594 E.02372
G1 X148.406 Y133.047 E.2506
G1 X144.321 Y136.638 E.17674
G1 X140 Y132.317 E.19861
G1 X138.777 Y133.392 E.05291
M73 P49 R19
G1 E-.8 F2400
;WIPE_START
G1 F6141.304
G1 X140 Y132.317
G1 X140.262 Y132.579
;WIPE_END
SET_VELOCITY_LIMIT ACCEL=8000 ACCEL_TO_DECEL=4000
G1 X140.009 Y125.631 Z12.2 F24000
G1 Z11.8
G1 E.8 F2400
SET_VELOCITY_LIMIT ACCEL=2000 ACCEL_TO_DECEL=1000
;TYPE:Bridge
;WIDTH:0.421053
M106 S255
G1 F900
G1 X142.335 Y123.587 E.09346
G1 X154.573 Y112.827 E.49187
G1 X155.206 Y112.271 E.02543
G1 F1800
G1 X155.785 Y111.762 E.02327
G1 X156.035 Y112.046 E.01142
G1 X155.456 Y112.555 E.02327
G1 F900
G1 X154.823 Y113.111 E.02543
G1 X142.428 Y124.008 E.49816
G1 X140.386 Y125.803 E.08206
G1 X140.636 Y126.087 E.01142
G1 X142.393 Y124.542 E.07062
G1 X155.073 Y113.395 E.5096
G1 X155.705 Y112.839 E.02541
G1 F1800
G1 X156.285 Y112.33 E.02329
G1 X156.534 Y112.614 E.0114
G1 X155.955 Y113.123 E.02327
G1 F900
G1 X155.322 Y113.679 E.02543
G1 X142.359 Y125.076 E.521
G1 X140.886 Y126.371 E.0592
G1 X141.135 Y126.655 E.0114
G1 X142.325 Y125.609 E.04782
G1 X155.572 Y113.963 E.5324
G1 X156.205 Y113.407 E.02543
G1 F1800
G1 X156.784 Y112.898 E.02327
G1 X157.034 Y113.182 E.01142
G1 X156.454 Y113.691 E.02329
G1 F900
G1 X155.822 Y114.247 E.02541
G1 X142.29 Y126.143 E.54384
G1 X141.385 Y126.939 E.03638
G1 X141.635 Y127.223 E.01142
G1 F1800
G1 X157.283 Y113.466 E.6289
G1 X157.469 Y113.677 E.00849
G1 X157.46 Y113.813 E.00411
G1 X142.222 Y127.21 E.61243
G1 X141.884 Y127.507 E.01358
G1 X142.134 Y127.791 E.01142
G1 X157.606 Y114.189 E.62182
SET_VELOCITY_LIMIT ACCEL=8000 ACCEL_TO_DECEL=4000
G1 X157.726 Y113.992 F24000
SET_VELOCITY_LIMIT ACCEL=6000 ACCEL_TO_DECEL=3000
;TYPE:Internal solid infill
;WIDTH:0.38292
G1 F7352.941
M106 S209
G1 X157.662 Y114.029 E.002
G1 X157.711 Y114.057 E.00152
SET_VELOCITY_LIMIT ACCEL=8000 ACCEL_TO_DECEL=4000
G1 X159.742 Y108.302 F24000
SET_VELOCITY_LIMIT ACCEL=6000 ACCEL_TO_DECEL=3000
;TYPE:Sparse infill
;WIDTH:0.45
G1 F6141.304
G1 X160.965 Y107.227 E.05291
G1 X165.3 Y111.562 E.19921
G1 X168.175 Y114.831 E.14146
G1 X161.253 Y121.753 E.31808
G1 X160.66 Y122.274 E.02564
G1 X155.207 Y116.82 E.2506
G1 X157.807 Y114.535 E.11247
G1 X157.819 Y114.346 E.00616
G1 X157.966 Y114.216 E.00637
G1 X157.988 Y113.876 E.01107
G1 X157.859 Y113.729 E.00637
G1 X157.871 Y113.54 E.00616
G1 X156.113 Y111.541 E.0865
G1 X156.511 Y111.143 E.01827
G1 X156.881 Y110.818 E.01601
G1 X164.745 Y118.682 E.36142
SET_VELOCITY_LIMIT ACCEL=8000 ACCEL_TO_DECEL=4000
G1 X151.268 Y130.531 F24000
SET_VELOCITY_LIMIT ACCEL=6000 ACCEL_TO_DECEL=3000
G1 F6141.304
G1 X152.491 Y129.456 E.05291
G1 X147.038 Y124.003 E.2506
G1 X151.122 Y120.412 E.17674
G1 X156.576 Y125.865 E.2506
G1 X155.353 Y126.94 E.05291
SET_VELOCITY_LIMIT ACCEL=8000 ACCEL_TO_DECEL=4000
G1 X124.84 Y152.734 F24000
SET_VELOCITY_LIMIT ACCEL=6000 ACCEL_TO_DECEL=3000
G1 F6141.304
G1 X123.46 Y151.87 E.05291
G1 X164.584 Y110.746 E1.88983
G1 E-.8 F2400
;WIPE_START
G1 F6141.304
G1 X163.169 Y112.16
;WIPE_END
SET_VELOCITY_LIMIT ACCEL=8000 ACCEL_TO_DECEL=4000
G1 X156.775 Y116.328 Z12.2 F24000
G1 X112.642 Y145.091 Z12.2
G1 Z11.8
G1 E.8 F2400
SET_VELOCITY_LIMIT ACCEL=6000 ACCEL_TO_DECEL=3000
G1 F6141.304
G1 X114.022 Y145.956 E.05291
G1 X128.609 Y131.368 E.67036
G1 X124.178 Y128.124 E.17847
G1 X109.303 Y142.999 E.68356
G1 X104.584 Y140.042 E.18096
G1 X119.746 Y124.88 E.69676
G1 X115.314 Y121.636 E.17847
G1 X99.865 Y137.085 E.70996
G1 X96.777 Y135.15 E.11842
G1 X91.562 Y129.935 E.23963
G1 X91.565 Y130.033 E.00318
G1 X106.451 Y115.147 E.68408
G1 X110.286 Y117.955 E.15445
G1 X136.152 Y143.821 E1.18866
G1 X140.237 Y140.229 E.17674
G1 X135.915 Y135.908 E.19861
G1 X135.413 Y136.349 E.02172
G1 X133.041 Y134.613 E.09552
G1 X118.741 Y148.913 E.65716
G1 X117.335 Y148.032 E.0539
G1 X91.381 Y122.078 E1.1927
G1 X91.392 Y122.53 E.01469
G1 X102.019 Y111.903 E.48837
G1 X97.587 Y108.659 E.17847
G1 X91.219 Y115.027 E.29266
G1 X91.2 Y114.221 E.0262
G1 X127.982 Y151.003 E1.6903
G1 X132.067 Y147.412 E.17674
G1 X91.317 Y106.662 E1.87263
G1 X91.922 Y106.648 E.01964
G1 X91.046 Y107.524 E.04025
G1 X91.083 Y109.152 E.05291
SET_VELOCITY_LIMIT ACCEL=8000 ACCEL_TO_DECEL=4000
G1 X92.952 Y134.731 F24000
SET_VELOCITY_LIMIT ACCEL=6000 ACCEL_TO_DECEL=3000
G1 F6141.304
G1 X94.58 Y134.694 E.05291
G1 X110.882 Y118.391 E.74917
;TIME_ELAPSED:1163.453857

M106 S227
;LAYER_CHANGE
;:12
;HEIGHT:0.2
;BEFORE_LAYER_CHANGE
;12
G92 E0

G1 E-.8 F2400
;WIPE_START
G1 F6141.304
G1 X109.468 Y119.806
;WIPE_END
EXCLUDE_OBJECT_END NAME=arm.stl_id_0_copy_0
;_SET_FAN_SPEED_CHANGING_LAYER
; OBJECT_ID: 15
EXCLUDE_OBJECT_START NAME=arm.stl_id_0_copy_0
SET_VELOCITY_LIMIT ACCEL=8000 ACCEL_TO_DECEL=4000
G1 X116.84 Y121.784 Z12.2 F24000
G1 X142.45 Y128.655 Z12.2
G1 Z12
G1 E.8 F2400
SET_VELOCITY_LIMIT ACCEL=4000 ACCEL_TO_DECEL=2000 SQUARE_CORNER_VELOCITY=6
;TYPE:Inner wall
G1 F5652
G1 X139.666 Y125.488 E.13699
G1 X161.292 Y106.475 E.93572
G1 X169.081 Y115.334 E.3833
G1 X125.56 Y153.597 E1.88305
G1 X95.901 Y135.012 E1.13734
G1 X91.334 Y135.117 E.14845
G1 X90.67 Y106.329 E.93572
G1 X94.862 Y106.232 E.13626
G1 X135.393 Y135.903 E1.63223
G1 X142.967 Y129.244 E.32773
G1 X142.489 Y128.7 E.02353
SET_VELOCITY_LIMIT ACCEL=8000 ACCEL_TO_DECEL=4000 SQUARE_CORNER_VELOCITY=8
G1 X142.414 Y129.208 F24000
SET_VELOCITY_LIMIT ACCEL=4000 ACCEL_TO_DECEL=2000 SQUARE_CORNER_VELOCITY=6
;TYPE:Outer wall
;WIDTH:0.42
G1 F5652
G1 X139.113 Y125.453 E.1505
G1 X161.328 Y105.922 E.89036
G1 X169.634 Y115.37 E.37866
G1 X125.599 Y154.084 E1.76488
G1 X95.792 Y135.406 E1.05877
G1 X90.951 Y135.518 E.14577
G1 X90.269 Y105.946 E.89036
G1 X94.986 Y105.837 E.14203
G1 X135.37 Y135.4 E1.50647
G1 X142.369 Y129.248 E.28049
G1 E-.8 F2400
;WIPE_START
M73 P50 R19
G1 F6629.9
G1 X141.067 Y127.73
;WIPE_END
SET_VELOCITY_LIMIT ACCEL=8000 ACCEL_TO_DECEL=4000 SQUARE_CORNER_VELOCITY=8
G1 X141.222 Y131.241 Z12.4 F24000
G1 Z12
G1 E.8 F2400
SET_VELOCITY_LIMIT ACCEL=6000 ACCEL_TO_DECEL=3000
;TYPE:Sparse infill
;WIDTH:0.45
G1 F5652
G1 X140 Y132.317 E.05291
G1 X144.321 Y136.638 E.19861
G1 X148.406 Y133.047 E.17674
G1 X142.858 Y127.499 E.25496
G1 X146.943 Y123.908 E.17674
G1 X152.491 Y129.456 E.25496
G1 X156.576 Y125.865 E.17674
G1 X151.027 Y120.317 E.25496
G1 X155.112 Y116.725 E.17674
G1 X160.66 Y122.274 E.25496
G1 X161.253 Y121.753 E.02564
G1 X168.175 Y114.831 E.31808
G1 X165.3 Y111.562 E.14146
G1 X160.965 Y107.227 E.19921
G1 X159.742 Y108.302 E.05291
SET_VELOCITY_LIMIT ACCEL=8000 ACCEL_TO_DECEL=4000
G1 X164.584 Y110.746 F24000
SET_VELOCITY_LIMIT ACCEL=6000 ACCEL_TO_DECEL=3000
G1 F5652
G1 X123.46 Y151.87 E1.88983
G1 X124.84 Y152.734 E.05291
SET_VELOCITY_LIMIT ACCEL=8000 ACCEL_TO_DECEL=4000
G1 X110.882 Y118.391 F24000
SET_VELOCITY_LIMIT ACCEL=6000 ACCEL_TO_DECEL=3000
G1 F5652
G1 X94.58 Y134.694 E.74917
G1 X92.952 Y134.731 E.05291
SET_VELOCITY_LIMIT ACCEL=8000 ACCEL_TO_DECEL=4000
G1 X91.083 Y109.152 F24000
SET_VELOCITY_LIMIT ACCEL=6000 ACCEL_TO_DECEL=3000
G1 F5652
G1 X91.046 Y107.524 E.05291
G1 X91.922 Y106.648 E.04025
G1 X91.317 Y106.662 E.01964
G1 X132.067 Y147.412 E1.87263
G1 X127.982 Y151.003 E.17674
G1 X91.2 Y114.221 E1.6903
G1 X91.219 Y115.027 E.0262
G1 X97.587 Y108.659 E.29266
G1 X102.019 Y111.903 E.17847
G1 X91.392 Y122.53 E.48837
G1 X91.381 Y122.078 E.01469
G1 X117.335 Y148.032 E1.1927
G1 X118.741 Y148.913 E.0539
G1 X133.041 Y134.613 E.65716
G1 X135.413 Y136.349 E.09552
G1 X135.915 Y135.908 E.02172
G1 X140.237 Y140.229 E.19861
G1 X136.152 Y143.821 E.17674
G1 X110.286 Y117.955 E1.18866
G1 X106.451 Y115.147 E.15445
G1 X91.565 Y130.033 E.68408
G1 X91.562 Y129.935 E.00318
G1 X96.777 Y135.15 E.23963
G1 X99.865 Y137.085 E.11842
G1 X115.314 Y121.636 E.70996
G1 X119.746 Y124.88 E.17847
G1 X104.584 Y140.042 E.69676
G1 X109.303 Y142.999 E.18096
G1 X124.178 Y128.124 E.68356
G1 X128.609 Y131.368 E.17847
G1 X114.022 Y145.956 E.67036
G1 X112.642 Y145.091 E.05291
G1 E-.8 F2400
;WIPE_START
G1 F6141.304
G1 X114.022 Y145.956
G1 X114.285 Y145.693
;WIPE_END
SET_VELOCITY_LIMIT ACCEL=8000 ACCEL_TO_DECEL=4000
G1 X120.411 Y141.141 Z12.4 F24000
G1 X157.46 Y113.613 Z12.4
G1 Z12
G1 E.8 F2400
SET_VELOCITY_LIMIT ACCEL=6000 ACCEL_TO_DECEL=3000
;TYPE:Internal solid infill
;WIDTH:0.426862
G1 F5652
G1 X153.105 Y117.968 E.18876
G1 X148.612 Y121.918 E.18337
G1 X157.086 Y113.444 E.36729
G1 X156.832 Y113.155 E.01179
G1 X144.118 Y125.869 E.55104
G1 X142.046 Y127.691 E.08457
G1 X141.909 Y127.535 E.00635
G1 X156.578 Y112.866 E.63579
G1 X156.324 Y112.577 E.01179
G1 X141.655 Y127.246 E.63579
G1 X141.401 Y126.957 E.01179
G1 X156.07 Y112.288 E.63579
G1 X155.816 Y111.999 E.01179
G1 X141.147 Y126.668 E.63579
G1 X140.893 Y126.379 E.01179
G1 X153.519 Y113.753 E.54726
G1 X149.026 Y117.703 E.18337
G1 X140.639 Y126.09 E.36351
G1 X140.385 Y125.801 E.01179
G1 X146.402 Y119.784 E.26081
SET_VELOCITY_LIMIT ACCEL=8000 ACCEL_TO_DECEL=4000
G1 X157.675 Y113.828 F24000
SET_VELOCITY_LIMIT ACCEL=6000 ACCEL_TO_DECEL=3000
;TYPE:Gap infill
;WIDTH:0.415528
G1 F5652
G1 X157.584 Y114.029 E.00654
;WIDTH:0.398398
G1 X157.04 Y114.539 E.02119
;WIDTH:0.35067
G1 X156.495 Y115.05 E.01834
;WIDTH:0.302943
G1 X155.95 Y115.561 E.0155
;WIDTH:0.255215
G1 X155.406 Y116.071 E.01265
;WIDTH:0.207487
G1 X154.861 Y116.582 E.00981
;WIDTH:0.15976
G1 X154.317 Y117.093 E.00696
;WIDTH:0.135896
G1 X153.772 Y117.604 E.00554
SET_VELOCITY_LIMIT ACCEL=8000 ACCEL_TO_DECEL=4000
G1 X155.893 Y111.802 F24000
SET_VELOCITY_LIMIT ACCEL=6000 ACCEL_TO_DECEL=3000
;WIDTH:0.185604
G1 F5652
G1 X155.733 Y111.732 E.00199
G1 X155.692 Y111.758 E.00056
;WIDTH:0.196162
G1 X155.189 Y112.23 E.00843
;WIDTH:0.238018
G1 X154.686 Y112.701 E.01074
;WIDTH:0.279874
G1 X154.184 Y113.173 E.01304
;WIDTH:0.300802
G1 X153.681 Y113.644 E.01419
SET_VELOCITY_LIMIT ACCEL=8000 ACCEL_TO_DECEL=4000
G1 X147.711 Y118.716 F24000
SET_VELOCITY_LIMIT ACCEL=6000 ACCEL_TO_DECEL=3000
;WIDTH:0.105133
G1 F5652
G1 X147.302 Y119.099 E.00278
;WIDTH:0.139064
G1 X146.893 Y119.483 E.0043
;WIDTH:0.156029
G1 X146.484 Y119.866 E.00506
SET_VELOCITY_LIMIT ACCEL=8000 ACCEL_TO_DECEL=4000
G1 X148.471 Y122.048 F24000
SET_VELOCITY_LIMIT ACCEL=6000 ACCEL_TO_DECEL=3000
;WIDTH:0.377403
G1 F5652
G1 X147.944 Y122.542 E.01927
;WIDTH:0.332905
G1 X147.418 Y123.036 E.01671
;WIDTH:0.288408
G1 X146.891 Y123.53 E.01414
;WIDTH:0.24391
G1 X146.365 Y124.023 E.01158
;WIDTH:0.199412
G1 X145.838 Y124.517 E.00902
;WIDTH:0.154915
G1 X145.312 Y125.011 E.00645
;WIDTH:0.132666
G1 X144.785 Y125.504 E.00517
SET_VELOCITY_LIMIT ACCEL=8000 ACCEL_TO_DECEL=4000
G1 X143.218 Y122.666 F24000
SET_VELOCITY_LIMIT ACCEL=6000 ACCEL_TO_DECEL=3000
;WIDTH:0.110376
G1 F5652
G1 X142.691 Y123.16 E.00389
;WIDTH:0.154793
G1 X142.165 Y123.653 E.00644
;WIDTH:0.19921
G1 X141.639 Y124.147 E.009
;WIDTH:0.243627
G1 X141.112 Y124.641 E.01156
;WIDTH:0.288043
G1 X140.586 Y125.134 E.01412
;WIDTH:0.310252
G1 X140.06 Y125.628 E.0154
SET_VELOCITY_LIMIT ACCEL=8000 ACCEL_TO_DECEL=4000
G1 X164.745 Y118.682 F24000
SET_VELOCITY_LIMIT ACCEL=6000 ACCEL_TO_DECEL=3000
;TYPE:Sparse infill
;WIDTH:0.45
G1 F5652
G1 X156.881 Y110.818 E.36142
G1 X156.511 Y111.143 E.01601
G1 X156.018 Y111.636 E.02263
G1 X157.093 Y112.859 E.05291
;TIME_ELAPSED:1180.233154

;LAYER_CHANGE
;:12.2
;HEIGHT:0.2
;BEFORE_LAYER_CHANGE
;12.2
G92 E0

G1 E-.8 F2400
;WIPE_START
G1 F6141.304
G1 X156.018 Y111.636
G1 X156.281 Y111.373
;WIPE_END
EXCLUDE_OBJECT_END NAME=arm.stl_id_0_copy_0
;_SET_FAN_SPEED_CHANGING_LAYER
; OBJECT_ID: 15
EXCLUDE_OBJECT_START NAME=arm.stl_id_0_copy_0
SET_VELOCITY_LIMIT ACCEL=8000 ACCEL_TO_DECEL=4000
G1 X151.512 Y117.332 Z12.4 F24000
G1 X142.45 Y128.655 Z12.4
G1 Z12.2
G1 E.8 F2400
SET_VELOCITY_LIMIT ACCEL=4000 ACCEL_TO_DECEL=2000 SQUARE_CORNER_VELOCITY=6
;TYPE:Inner wall
G1 F5350
G1 X139.666 Y125.488 E.13699
G1 X161.292 Y106.475 E.93572
G1 X169.081 Y115.334 E.3833
G1 X125.56 Y153.597 E1.88305
G1 X95.901 Y135.012 E1.13734
G1 X91.334 Y135.117 E.14845
G1 X90.67 Y106.329 E.93572
G1 X94.862 Y106.232 E.13626
G1 X135.393 Y135.903 E1.63223
G1 X142.967 Y129.244 E.32773
G1 X142.489 Y128.7 E.02353
SET_VELOCITY_LIMIT ACCEL=8000 ACCEL_TO_DECEL=4000 SQUARE_CORNER_VELOCITY=8
G1 X142.414 Y129.208 F24000
SET_VELOCITY_LIMIT ACCEL=4000 ACCEL_TO_DECEL=2000 SQUARE_CORNER_VELOCITY=6
;TYPE:Outer wall
;WIDTH:0.42
G1 F5350
G1 X139.113 Y125.453 E.1505
G1 X161.328 Y105.922 E.89036
G1 X169.634 Y115.37 E.37866
G1 X125.599 Y154.084 E1.76488
G1 X95.792 Y135.406 E1.05877
G1 X90.951 Y135.518 E.14577
G1 X90.269 Y105.946 E.89036
G1 X94.986 Y105.837 E.14203
G1 X135.37 Y135.4 E1.50647
G1 X142.369 Y129.248 E.28049
G1 E-.8 F2400
;WIPE_START
G1 F6629.9
G1 X141.067 Y127.73
;WIPE_END
SET_VELOCITY_LIMIT ACCEL=8000 ACCEL_TO_DECEL=4000 SQUARE_CORNER_VELOCITY=8
G1 X141.361 Y125.597 Z12.6 F24000
G1 Z12.2
G1 E.8 F2400
SET_VELOCITY_LIMIT ACCEL=6000 ACCEL_TO_DECEL=3000
;TYPE:Internal solid infill
;WIDTH:0.529967
G1 F5132.98
G1 X141.683 Y125.963 E.01894
G1 X155.424 Y113.882 E.71136
G1 X155.103 Y113.516 E.01894
G1 X141.406 Y125.558 E.70902
SET_VELOCITY_LIMIT ACCEL=8000 ACCEL_TO_DECEL=4000
G1 X140.752 Y125.558 F24000
SET_VELOCITY_LIMIT ACCEL=6000 ACCEL_TO_DECEL=3000
;WIDTH:0.419999
G1 F5350
G1 X141.644 Y126.573 E.04067
G1 X156.034 Y113.921 E.57675
G1 X155.142 Y112.907 E.04067
G1 X140.797 Y125.519 E.57495
SET_VELOCITY_LIMIT ACCEL=8000 ACCEL_TO_DECEL=4000
G1 X140.219 Y125.524 F24000
SET_VELOCITY_LIMIT ACCEL=6000 ACCEL_TO_DECEL=3000
G1 F5350
G1 X141.609 Y127.105 E.06337
G1 X156.566 Y113.956 E.59945
G1 X155.176 Y112.374 E.06337
G1 X140.264 Y125.484 E.59765
G1 E-.8 F2400
;WIPE_START
G1 F6629.911
G1 X141.767 Y124.164
;WIPE_END
SET_VELOCITY_LIMIT ACCEL=8000 ACCEL_TO_DECEL=4000
G1 X142.513 Y131.76 Z12.6 F24000
G1 X143.098 Y137.713 Z12.6
G1 Z12.2
G1 E.8 F2400
SET_VELOCITY_LIMIT ACCEL=6000 ACCEL_TO_DECEL=3000
;TYPE:Sparse infill
;WIDTH:0.45
G1 F5350
G1 X144.321 Y136.638 E.05291
G1 X140 Y132.317 E.19861
G1 X143.459 Y129.275 E.14968
G1 X141.835 Y127.429 E.0799
G1 X142.342 Y126.983 E.02192
G1 X148.406 Y133.047 E.27867
G1 X152.491 Y129.456 E.17674
G1 X146.427 Y123.392 E.27867
G1 X147.65 Y122.317 E.05291
SET_VELOCITY_LIMIT ACCEL=8000 ACCEL_TO_DECEL=4000
G1 X155.353 Y126.94 F24000
SET_VELOCITY_LIMIT ACCEL=6000 ACCEL_TO_DECEL=3000
G1 F5350
G1 X156.576 Y125.865 E.05291
G1 X150.512 Y119.801 E.27867
G1 X154.596 Y116.21 E.17674
G1 X160.66 Y122.274 E.27867
G1 X161.253 Y121.753 E.02564
G1 X168.175 Y114.831 E.31808
G1 X165.3 Y111.562 E.14146
G1 X160.965 Y107.227 E.19921
G1 X159.742 Y108.302 E.05291
SET_VELOCITY_LIMIT ACCEL=8000 ACCEL_TO_DECEL=4000
G1 X156.577 Y113.374 F24000
SET_VELOCITY_LIMIT ACCEL=6000 ACCEL_TO_DECEL=3000
G1 F5350
G1 X155.502 Y112.151 E.05291
G1 X156.511 Y111.143 E.04634
G1 X156.881 Y110.818 E.01601
G1 X164.745 Y118.682 E.36142
SET_VELOCITY_LIMIT ACCEL=8000 ACCEL_TO_DECEL=4000
G1 X124.84 Y152.734 F24000
SET_VELOCITY_LIMIT ACCEL=6000 ACCEL_TO_DECEL=3000
G1 F5350
G1 X123.46 Y151.87 E.05291
G1 X164.583 Y110.746 E1.88982
G1 E-.8 F2400
;WIPE_START
G1 F6141.304
G1 X163.169 Y112.16
;WIPE_END
SET_VELOCITY_LIMIT ACCEL=8000 ACCEL_TO_DECEL=4000
G1 X156.775 Y116.328 Z12.6 F24000
G1 X112.642 Y145.091 Z12.6
G1 Z12.2
G1 E.8 F2400
SET_VELOCITY_LIMIT ACCEL=6000 ACCEL_TO_DECEL=3000
G1 F5350
G1 X114.022 Y145.956 E.05291
G1 X128.609 Y131.368 E.67036
G1 X124.178 Y128.124 E.17847
G1 X109.303 Y142.999 E.68356
G1 X104.584 Y140.042 E.18096
G1 X119.746 Y124.88 E.69676
G1 X115.314 Y121.636 E.17847
G1 X99.865 Y137.085 E.70996
M73 P51 R19
G1 X96.777 Y135.15 E.11842
G1 X91.562 Y129.935 E.23963
G1 X91.565 Y130.033 E.00318
G1 X106.451 Y115.147 E.68408
G1 X110.286 Y117.955 E.15445
G1 X136.152 Y143.821 E1.18866
G1 X140.237 Y140.229 E.17674
G1 X135.915 Y135.908 E.19861
G1 X135.413 Y136.349 E.02172
G1 X133.041 Y134.613 E.09552
G1 X118.741 Y148.913 E.65716
G1 X117.335 Y148.032 E.0539
G1 X91.381 Y122.078 E1.1927
G1 X91.392 Y122.53 E.01469
G1 X102.019 Y111.903 E.48837
G1 X97.587 Y108.659 E.17847
G1 X91.219 Y115.027 E.29266
G1 X91.2 Y114.221 E.0262
G1 X127.982 Y151.003 E1.6903
G1 X132.067 Y147.412 E.17674
G1 X91.317 Y106.662 E1.87263
G1 X91.922 Y106.648 E.01964
G1 X91.046 Y107.524 E.04025
G1 X91.083 Y109.152 E.05291
SET_VELOCITY_LIMIT ACCEL=8000 ACCEL_TO_DECEL=4000
G1 X92.952 Y134.731 F24000
SET_VELOCITY_LIMIT ACCEL=6000 ACCEL_TO_DECEL=3000
G1 F5350
G1 X94.58 Y134.694 E.05291
G1 X110.882 Y118.391 E.74917
;TIME_ELAPSED:1196.496826

;LAYER_CHANGE
;:12.4
;HEIGHT:0.2
;BEFORE_LAYER_CHANGE
;12.4
G92 E0

G1 E-.8 F2400
;WIPE_START
G1 F6141.304
G1 X109.468 Y119.806
;WIPE_END
EXCLUDE_OBJECT_END NAME=arm.stl_id_0_copy_0
;_SET_FAN_SPEED_CHANGING_LAYER
; OBJECT_ID: 15
EXCLUDE_OBJECT_START NAME=arm.stl_id_0_copy_0
SET_VELOCITY_LIMIT ACCEL=8000 ACCEL_TO_DECEL=4000
G1 X116.84 Y121.784 Z12.6 F24000
G1 X142.45 Y128.655 Z12.6
G1 Z12.4
G1 E.8 F2400
SET_VELOCITY_LIMIT ACCEL=4000 ACCEL_TO_DECEL=2000 SQUARE_CORNER_VELOCITY=6
;TYPE:Inner wall
G1 F4851
G1 X139.666 Y125.488 E.13699
G1 X161.292 Y106.475 E.93572
G1 X169.081 Y115.334 E.3833
G1 X125.56 Y153.597 E1.88305
G1 X95.901 Y135.012 E1.13734
G1 X91.334 Y135.117 E.14845
M73 P51 R18
G1 X90.67 Y106.329 E.93572
G1 X94.862 Y106.232 E.13626
G1 X135.393 Y135.903 E1.63223
G1 X142.967 Y129.244 E.32773
G1 X142.489 Y128.7 E.02353
SET_VELOCITY_LIMIT ACCEL=8000 ACCEL_TO_DECEL=4000 SQUARE_CORNER_VELOCITY=8
G1 X142.414 Y129.208 F24000
SET_VELOCITY_LIMIT ACCEL=4000 ACCEL_TO_DECEL=2000 SQUARE_CORNER_VELOCITY=6
;TYPE:Outer wall
;WIDTH:0.42
G1 F4851
G1 X139.113 Y125.453 E.1505
G1 X161.328 Y105.922 E.89036
G1 X169.634 Y115.37 E.37866
G1 X125.599 Y154.084 E1.76488
G1 X95.792 Y135.406 E1.05877
G1 X90.951 Y135.518 E.14577
G1 X90.269 Y105.946 E.89036
G1 X94.986 Y105.837 E.14203
G1 X135.37 Y135.4 E1.50647
G1 X142.369 Y129.248 E.28049
G1 E-.8 F2400
;WIPE_START
G1 F6629.9
G1 X141.067 Y127.73
;WIPE_END
SET_VELOCITY_LIMIT ACCEL=8000 ACCEL_TO_DECEL=4000 SQUARE_CORNER_VELOCITY=8
G1 X146.11 Y122.001 Z12.8 F24000
G1 X152.796 Y114.409 Z12.8
G1 Z12.4
G1 E.8 F2400
SET_VELOCITY_LIMIT ACCEL=6000 ACCEL_TO_DECEL=3000
;TYPE:Sparse infill
;WIDTH:0.45
G1 F4851
G1 X160.66 Y122.274 E.36142
G1 X161.253 Y121.753 E.02564
G1 X168.175 Y114.831 E.31808
G1 X165.3 Y111.562 E.14146
G1 X160.965 Y107.227 E.19921
G1 X159.742 Y108.302 E.05291
SET_VELOCITY_LIMIT ACCEL=8000 ACCEL_TO_DECEL=4000
G1 X164.583 Y110.746 F24000
SET_VELOCITY_LIMIT ACCEL=6000 ACCEL_TO_DECEL=3000
G1 F4851
G1 X123.46 Y151.87 E1.88982
G1 X125.525 Y153.164 E.07918
G1 X127.982 Y151.003 E.10633
G1 X91.2 Y114.221 E1.6903
G1 X91.219 Y115.027 E.0262
G1 X97.587 Y108.659 E.29266
G1 X102.019 Y111.903 E.17847
G1 X91.392 Y122.53 E.48837
G1 X91.381 Y122.078 E.01469
G1 X117.335 Y148.032 E1.1927
G1 X118.741 Y148.913 E.0539
G1 X133.041 Y134.613 E.65716
G1 X135.413 Y136.349 E.09552
G1 X135.915 Y135.908 E.02172
G1 X140.237 Y140.229 E.19861
G1 X144.321 Y136.638 E.17674
G1 X140 Y132.317 E.19861
G1 X141.222 Y131.241 E.05291
SET_VELOCITY_LIMIT ACCEL=8000 ACCEL_TO_DECEL=4000
G1 X164.745 Y118.682 F24000
SET_VELOCITY_LIMIT ACCEL=6000 ACCEL_TO_DECEL=3000
G1 F4851
G1 X156.881 Y110.818 E.36142
G1 X156.511 Y111.143 E.01601
G1 X141.082 Y126.572 E.70901
G1 X140.158 Y125.52 E.0455
G1 X140.541 Y125.183 E.01661
G1 X148.406 Y133.047 E.36142
G1 X152.491 Y129.456 E.17674
G1 X144.626 Y121.591 E.36142
G1 X148.711 Y118 E.17674
G1 X156.576 Y125.865 E.36142
G1 X155.353 Y126.94 E.05291
G1 E-.8 F2400
;WIPE_START
G1 F6141.304
G1 X156.576 Y125.865
G1 X156.313 Y125.602
;WIPE_END
SET_VELOCITY_LIMIT ACCEL=8000 ACCEL_TO_DECEL=4000
G1 X148.775 Y124.406 Z12.8 F24000
G1 X110.882 Y118.391 Z12.8
G1 Z12.4
G1 E.8 F2400
SET_VELOCITY_LIMIT ACCEL=6000 ACCEL_TO_DECEL=3000
G1 F4851
G1 X94.58 Y134.694 E.74917
G1 X92.952 Y134.731 E.05291
SET_VELOCITY_LIMIT ACCEL=8000 ACCEL_TO_DECEL=4000
G1 X91.083 Y109.152 F24000
SET_VELOCITY_LIMIT ACCEL=6000 ACCEL_TO_DECEL=3000
G1 F4851
G1 X91.046 Y107.524 E.05291
G1 X91.922 Y106.648 E.04025
G1 X91.317 Y106.662 E.01964
G1 X132.067 Y147.412 E1.87263
G1 X136.152 Y143.821 E.17674
G1 X110.286 Y117.955 E1.18866
G1 X106.451 Y115.147 E.15445
G1 X91.565 Y130.033 E.68408
G1 X91.562 Y129.935 E.00318
G1 X96.777 Y135.15 E.23963
G1 X99.865 Y137.085 E.11842
G1 X115.314 Y121.636 E.70996
G1 X119.746 Y124.88 E.17847
G1 X104.584 Y140.042 E.69676
G1 X109.303 Y142.999 E.18096
G1 X124.178 Y128.124 E.68356
G1 X128.609 Y131.368 E.17847
G1 X114.022 Y145.956 E.67036
G1 X112.642 Y145.091 E.05291
;TIME_ELAPSED:1212.305054

;LAYER_CHANGE
;:12.6
;HEIGHT:0.200001
;BEFORE_LAYER_CHANGE
;12.6
G92 E0

G1 E-.8 F2400
;WIPE_START
G1 F6141.304
G1 X114.022 Y145.956
G1 X114.285 Y145.693
;WIPE_END
EXCLUDE_OBJECT_END NAME=arm.stl_id_0_copy_0
;_SET_FAN_SPEED_CHANGING_LAYER
; OBJECT_ID: 15
EXCLUDE_OBJECT_START NAME=arm.stl_id_0_copy_0
SET_VELOCITY_LIMIT ACCEL=8000 ACCEL_TO_DECEL=4000
G1 X120.815 Y141.742 Z12.8 F24000
G1 X142.45 Y128.655 Z12.8
G1 Z12.6
G1 E.8 F2400
SET_VELOCITY_LIMIT ACCEL=4000 ACCEL_TO_DECEL=2000 SQUARE_CORNER_VELOCITY=6
;TYPE:Inner wall
G1 F4832
G1 X139.666 Y125.488 E.13699
G1 X161.292 Y106.475 E.93572
G1 X169.081 Y115.334 E.3833
G1 X125.56 Y153.597 E1.88305
G1 X95.901 Y135.012 E1.13734
G1 X91.334 Y135.117 E.14845
G1 X90.67 Y106.329 E.93572
G1 X94.862 Y106.232 E.13626
G1 X135.393 Y135.903 E1.63223
G1 X142.967 Y129.244 E.32773
G1 X142.489 Y128.7 E.02353
SET_VELOCITY_LIMIT ACCEL=8000 ACCEL_TO_DECEL=4000 SQUARE_CORNER_VELOCITY=8
M73 P52 R18
G1 X142.414 Y129.208 F24000
SET_VELOCITY_LIMIT ACCEL=4000 ACCEL_TO_DECEL=2000 SQUARE_CORNER_VELOCITY=6
;TYPE:Outer wall
;WIDTH:0.42
G1 F4832
G1 X139.113 Y125.453 E.1505
G1 X161.328 Y105.922 E.89036
G1 X169.634 Y115.37 E.37866
G1 X125.599 Y154.084 E1.76488
G1 X95.792 Y135.406 E1.05877
G1 X90.951 Y135.518 E.14577
G1 X90.269 Y105.946 E.89036
G1 X94.986 Y105.837 E.14203
G1 X135.37 Y135.4 E1.50647
G1 X142.369 Y129.248 E.28049
G1 E-.8 F2400
;WIPE_START
G1 F6629.9
G1 X141.067 Y127.73
;WIPE_END
SET_VELOCITY_LIMIT ACCEL=8000 ACCEL_TO_DECEL=4000 SQUARE_CORNER_VELOCITY=8
G1 X148.427 Y129.751 Z13 F24000
G1 X151.268 Y130.531 Z13
G1 Z12.6
G1 E.8 F2400
SET_VELOCITY_LIMIT ACCEL=6000 ACCEL_TO_DECEL=3000
;TYPE:Sparse infill
;WIDTH:0.45
G1 F4832
G1 X152.491 Y129.456 E.05291
G1 X144.626 Y121.591 E.36142
G1 X148.711 Y118 E.17674
G1 X156.576 Y125.865 E.36142
G1 X155.353 Y126.94 E.05291
SET_VELOCITY_LIMIT ACCEL=8000 ACCEL_TO_DECEL=4000
G1 X164.745 Y118.682 F24000
SET_VELOCITY_LIMIT ACCEL=6000 ACCEL_TO_DECEL=3000
G1 F4832
G1 X156.881 Y110.818 E.36142
G1 X156.511 Y111.143 E.01601
G1 X141.082 Y126.572 E.70901
G1 X140.158 Y125.52 E.0455
G1 X140.541 Y125.183 E.01661
G1 X148.406 Y133.047 E.36142
G1 X144.321 Y136.638 E.17674
G1 X140 Y132.317 E.19861
G1 X141.222 Y131.241 E.05291
SET_VELOCITY_LIMIT ACCEL=8000 ACCEL_TO_DECEL=4000
G1 X141.459 Y139.154 F24000
SET_VELOCITY_LIMIT ACCEL=6000 ACCEL_TO_DECEL=3000
G1 F4832
G1 X140.237 Y140.229 E.05291
G1 X135.915 Y135.908 E.19861
G1 X135.413 Y136.349 E.02172
G1 X133.041 Y134.613 E.09552
G1 X118.741 Y148.913 E.65716
G1 X117.335 Y148.032 E.0539
G1 X91.381 Y122.078 E1.1927
G1 X91.392 Y122.53 E.01469
G1 X102.019 Y111.903 E.48837
G1 X97.587 Y108.659 E.17847
G1 X91.219 Y115.027 E.29266
G1 X91.2 Y114.221 E.0262
G1 X127.982 Y151.003 E1.6903
G1 X125.525 Y153.164 E.10633
G1 X123.46 Y151.87 E.07918
G1 X164.584 Y110.746 E1.88983
SET_VELOCITY_LIMIT ACCEL=8000 ACCEL_TO_DECEL=4000
G1 X159.742 Y108.302 F24000
SET_VELOCITY_LIMIT ACCEL=6000 ACCEL_TO_DECEL=3000
G1 F4832
G1 X160.965 Y107.227 E.05291
G1 X165.3 Y111.562 E.19921
G1 X168.175 Y114.831 E.14146
G1 X161.253 Y121.753 E.31808
G1 X160.66 Y122.274 E.02564
G1 X152.796 Y114.409 E.36142
G1 E-.8 F2400
;WIPE_START
G1 F6141.304
G1 X154.21 Y115.823
;WIPE_END
SET_VELOCITY_LIMIT ACCEL=8000 ACCEL_TO_DECEL=4000
G1 X147.969 Y120.217 Z13 F24000
G1 X112.642 Y145.091 Z13
G1 Z12.6
G1 E.8 F2400
SET_VELOCITY_LIMIT ACCEL=6000 ACCEL_TO_DECEL=3000
G1 F4832
G1 X114.022 Y145.956 E.05291
G1 X128.609 Y131.368 E.67036
G1 X124.178 Y128.124 E.17847
G1 X109.303 Y142.999 E.68356
G1 X104.584 Y140.042 E.18096
G1 X119.746 Y124.88 E.69676
G1 X115.314 Y121.636 E.17847
G1 X99.865 Y137.085 E.70996
G1 X96.777 Y135.15 E.11842
G1 X91.562 Y129.935 E.23963
G1 X91.565 Y130.033 E.00318
G1 X106.451 Y115.147 E.68408
G1 X110.286 Y117.955 E.15445
G1 X136.152 Y143.821 E1.18866
G1 X132.067 Y147.412 E.17674
G1 X91.317 Y106.662 E1.87263
G1 X91.922 Y106.648 E.01964
G1 X91.046 Y107.524 E.04025
G1 X91.083 Y109.152 E.05291
SET_VELOCITY_LIMIT ACCEL=8000 ACCEL_TO_DECEL=4000
G1 X92.952 Y134.731 F24000
SET_VELOCITY_LIMIT ACCEL=6000 ACCEL_TO_DECEL=3000
G1 F4832
G1 X94.58 Y134.694 E.05291
G1 X110.882 Y118.391 E.74917
;TIME_ELAPSED:1228.276611

;LAYER_CHANGE
;:12.8
;HEIGHT:0.2
;BEFORE_LAYER_CHANGE
;12.8
G92 E0

G1 E-.8 F2400
;WIPE_START
G1 F6141.304
G1 X109.468 Y119.806
;WIPE_END
EXCLUDE_OBJECT_END NAME=arm.stl_id_0_copy_0
;_SET_FAN_SPEED_CHANGING_LAYER
; OBJECT_ID: 15
EXCLUDE_OBJECT_START NAME=arm.stl_id_0_copy_0
SET_VELOCITY_LIMIT ACCEL=8000 ACCEL_TO_DECEL=4000
G1 X116.84 Y121.784 Z13 F24000
G1 X142.45 Y128.655 Z13
G1 Z12.8
G1 E.8 F2400
SET_VELOCITY_LIMIT ACCEL=4000 ACCEL_TO_DECEL=2000 SQUARE_CORNER_VELOCITY=6
;TYPE:Inner wall
G1 F4851
G1 X139.666 Y125.488 E.13699
G1 X161.292 Y106.475 E.93572
G1 X169.081 Y115.334 E.3833
G1 X125.56 Y153.597 E1.88305
G1 X95.901 Y135.012 E1.13734
G1 X91.334 Y135.117 E.14845
G1 X90.67 Y106.329 E.93572
G1 X94.862 Y106.232 E.13626
G1 X135.393 Y135.903 E1.63223
G1 X142.967 Y129.244 E.32773
G1 X142.489 Y128.7 E.02353
SET_VELOCITY_LIMIT ACCEL=8000 ACCEL_TO_DECEL=4000 SQUARE_CORNER_VELOCITY=8
G1 X142.414 Y129.208 F24000
SET_VELOCITY_LIMIT ACCEL=4000 ACCEL_TO_DECEL=2000 SQUARE_CORNER_VELOCITY=6
;TYPE:Outer wall
;WIDTH:0.42
G1 F4851
G1 X139.113 Y125.453 E.1505
G1 X161.328 Y105.922 E.89036
G1 X169.634 Y115.37 E.37866
G1 X125.599 Y154.084 E1.76488
G1 X95.792 Y135.406 E1.05877
G1 X90.951 Y135.518 E.14577
G1 X90.269 Y105.946 E.89036
G1 X94.986 Y105.837 E.14203
G1 X135.37 Y135.4 E1.50647
G1 X142.369 Y129.248 E.28049
G1 E-.8 F2400
;WIPE_START
G1 F6629.9
G1 X141.067 Y127.73
;WIPE_END
SET_VELOCITY_LIMIT ACCEL=8000 ACCEL_TO_DECEL=4000 SQUARE_CORNER_VELOCITY=8
G1 X146.11 Y122.001 Z13.2 F24000
G1 X152.796 Y114.409 Z13.2
G1 Z12.8
G1 E.8 F2400
SET_VELOCITY_LIMIT ACCEL=6000 ACCEL_TO_DECEL=3000
;TYPE:Sparse infill
;WIDTH:0.45
G1 F4851
G1 X160.66 Y122.274 E.36142
G1 X161.253 Y121.753 E.02564
G1 X168.175 Y114.831 E.31808
G1 X165.3 Y111.562 E.14146
G1 X160.965 Y107.227 E.19921
G1 X159.742 Y108.302 E.05291
SET_VELOCITY_LIMIT ACCEL=8000 ACCEL_TO_DECEL=4000
G1 X164.583 Y110.746 F24000
SET_VELOCITY_LIMIT ACCEL=6000 ACCEL_TO_DECEL=3000
G1 F4851
G1 X123.46 Y151.87 E1.88982
G1 X125.525 Y153.164 E.07918
G1 X127.982 Y151.003 E.10633
G1 X91.2 Y114.221 E1.6903
G1 X91.219 Y115.027 E.0262
G1 X97.587 Y108.659 E.29266
G1 X102.019 Y111.903 E.17847
G1 X91.392 Y122.53 E.48837
G1 X91.381 Y122.078 E.01469
G1 X117.335 Y148.032 E1.1927
G1 X118.741 Y148.913 E.0539
G1 X133.041 Y134.613 E.65716
G1 X135.413 Y136.349 E.09552
G1 X135.915 Y135.908 E.02172
G1 X140.237 Y140.229 E.19861
G1 X144.321 Y136.638 E.17674
G1 X140 Y132.317 E.19861
G1 X141.222 Y131.241 E.05291
SET_VELOCITY_LIMIT ACCEL=8000 ACCEL_TO_DECEL=4000
G1 X164.745 Y118.682 F24000
SET_VELOCITY_LIMIT ACCEL=6000 ACCEL_TO_DECEL=3000
G1 F4851
M73 P53 R18
G1 X156.881 Y110.818 E.36142
G1 X156.511 Y111.143 E.01601
G1 X141.082 Y126.572 E.70901
G1 X140.158 Y125.52 E.0455
G1 X140.541 Y125.183 E.01661
G1 X148.406 Y133.047 E.36142
G1 X152.491 Y129.456 E.17674
G1 X144.626 Y121.591 E.36142
G1 X148.711 Y118 E.17674
G1 X156.576 Y125.865 E.36142
G1 X155.353 Y126.94 E.05291
G1 E-.8 F2400
;WIPE_START
G1 F6141.304
G1 X156.576 Y125.865
G1 X156.313 Y125.602
;WIPE_END
SET_VELOCITY_LIMIT ACCEL=8000 ACCEL_TO_DECEL=4000
G1 X148.775 Y124.406 Z13.2 F24000
G1 X110.882 Y118.391 Z13.2
G1 Z12.8
G1 E.8 F2400
SET_VELOCITY_LIMIT ACCEL=6000 ACCEL_TO_DECEL=3000
G1 F4851
G1 X94.58 Y134.694 E.74917
G1 X92.952 Y134.731 E.05291
SET_VELOCITY_LIMIT ACCEL=8000 ACCEL_TO_DECEL=4000
G1 X91.083 Y109.152 F24000
SET_VELOCITY_LIMIT ACCEL=6000 ACCEL_TO_DECEL=3000
G1 F4851
G1 X91.046 Y107.524 E.05291
G1 X91.922 Y106.648 E.04025
G1 X91.317 Y106.662 E.01964
G1 X132.067 Y147.412 E1.87263
G1 X136.152 Y143.821 E.17674
G1 X110.286 Y117.955 E1.18866
G1 X106.451 Y115.147 E.15445
G1 X91.565 Y130.033 E.68408
G1 X91.562 Y129.935 E.00318
G1 X96.777 Y135.15 E.23963
G1 X99.865 Y137.085 E.11842
G1 X115.314 Y121.636 E.70996
G1 X119.746 Y124.88 E.17847
G1 X104.584 Y140.042 E.69676
G1 X109.303 Y142.999 E.18096
G1 X124.178 Y128.124 E.68356
G1 X128.609 Y131.368 E.17847
G1 X114.022 Y145.956 E.67036
G1 X112.642 Y145.091 E.05291
;TIME_ELAPSED:1244.111328

;LAYER_CHANGE
;:13
;HEIGHT:0.2
;BEFORE_LAYER_CHANGE
;13
G92 E0

G1 E-.8 F2400
;WIPE_START
G1 F6141.304
G1 X114.022 Y145.956
G1 X114.285 Y145.693
;WIPE_END
EXCLUDE_OBJECT_END NAME=arm.stl_id_0_copy_0
;_SET_FAN_SPEED_CHANGING_LAYER
; OBJECT_ID: 15
EXCLUDE_OBJECT_START NAME=arm.stl_id_0_copy_0
SET_VELOCITY_LIMIT ACCEL=8000 ACCEL_TO_DECEL=4000
G1 X120.815 Y141.742 Z13.2 F24000
G1 X142.45 Y128.655 Z13.2
G1 Z13
G1 E.8 F2400
SET_VELOCITY_LIMIT ACCEL=4000 ACCEL_TO_DECEL=2000 SQUARE_CORNER_VELOCITY=6
;TYPE:Inner wall
G1 F4835
G1 X139.666 Y125.488 E.13699
G1 X161.292 Y106.475 E.93572
G1 X169.081 Y115.334 E.3833
G1 X125.56 Y153.597 E1.88305
G1 X95.901 Y135.012 E1.13734
G1 X91.334 Y135.117 E.14845
G1 X90.67 Y106.329 E.93572
G1 X94.862 Y106.232 E.13626
G1 X135.393 Y135.903 E1.63223
G1 X142.967 Y129.244 E.32773
G1 X142.489 Y128.7 E.02353
SET_VELOCITY_LIMIT ACCEL=8000 ACCEL_TO_DECEL=4000 SQUARE_CORNER_VELOCITY=8
G1 X142.414 Y129.208 F24000
SET_VELOCITY_LIMIT ACCEL=4000 ACCEL_TO_DECEL=2000 SQUARE_CORNER_VELOCITY=6
;TYPE:Outer wall
;WIDTH:0.42
G1 F4835
G1 X139.113 Y125.453 E.1505
G1 X161.328 Y105.922 E.89036
G1 X169.634 Y115.37 E.37866
G1 X125.599 Y154.084 E1.76488
G1 X95.792 Y135.406 E1.05877
G1 X90.951 Y135.518 E.14577
G1 X90.269 Y105.946 E.89036
G1 X94.986 Y105.837 E.14203
G1 X135.37 Y135.4 E1.50647
G1 X142.369 Y129.248 E.28049
G1 E-.8 F2400
;WIPE_START
G1 F6629.9
G1 X141.067 Y127.73
;WIPE_END
SET_VELOCITY_LIMIT ACCEL=8000 ACCEL_TO_DECEL=4000 SQUARE_CORNER_VELOCITY=8
G1 X141.222 Y131.241 Z13.4 F24000
G1 Z13
G1 E.8 F2400
SET_VELOCITY_LIMIT ACCEL=6000 ACCEL_TO_DECEL=3000
;TYPE:Sparse infill
;WIDTH:0.45
G1 F4835
G1 X140 Y132.317 E.05291
G1 X144.321 Y136.638 E.19861
G1 X140.237 Y140.229 E.17674
G1 X135.915 Y135.908 E.19861
G1 X135.413 Y136.349 E.02172
G1 X133.041 Y134.613 E.09552
G1 X118.741 Y148.913 E.65716
G1 X117.335 Y148.032 E.0539
G1 X91.381 Y122.078 E1.1927
G1 X91.392 Y122.53 E.01469
G1 X102.019 Y111.903 E.48837
G1 X97.587 Y108.659 E.17847
G1 X91.219 Y115.027 E.29266
G1 X91.2 Y114.221 E.0262
G1 X127.982 Y151.003 E1.6903
G1 X125.525 Y153.164 E.10633
G1 X123.46 Y151.87 E.07918
G1 X164.583 Y110.746 E1.88982
SET_VELOCITY_LIMIT ACCEL=8000 ACCEL_TO_DECEL=4000
G1 X159.742 Y108.302 F24000
SET_VELOCITY_LIMIT ACCEL=6000 ACCEL_TO_DECEL=3000
G1 F4835
G1 X160.965 Y107.227 E.05291
G1 X165.3 Y111.562 E.19921
G1 X168.175 Y114.831 E.14146
G1 X161.253 Y121.753 E.31808
G1 X160.66 Y122.274 E.02564
G1 X152.796 Y114.409 E.36142
SET_VELOCITY_LIMIT ACCEL=8000 ACCEL_TO_DECEL=4000
G1 X155.353 Y126.94 F24000
SET_VELOCITY_LIMIT ACCEL=6000 ACCEL_TO_DECEL=3000
G1 F4835
G1 X156.576 Y125.865 E.05291
G1 X148.711 Y118 E.36142
G1 X144.626 Y121.591 E.17674
G1 X152.491 Y129.456 E.36142
G1 X148.406 Y133.047 E.17674
G1 X140.541 Y125.183 E.36142
G1 X140.158 Y125.52 E.01661
G1 X141.082 Y126.572 E.0455
G1 X156.511 Y111.143 E.70901
G1 X156.881 Y110.818 E.01601
G1 X164.745 Y118.682 E.36142
G1 E-.8 F2400
;WIPE_START
G1 F6141.304
G1 X163.331 Y117.268
;WIPE_END
SET_VELOCITY_LIMIT ACCEL=8000 ACCEL_TO_DECEL=4000
G1 X156.64 Y120.941 Z13.4 F24000
G1 X112.642 Y145.091 Z13.4
G1 Z13
G1 E.8 F2400
SET_VELOCITY_LIMIT ACCEL=6000 ACCEL_TO_DECEL=3000
G1 F4835
G1 X114.022 Y145.956 E.05291
G1 X128.609 Y131.368 E.67036
G1 X124.178 Y128.124 E.17847
G1 X109.303 Y142.999 E.68356
G1 X104.584 Y140.042 E.18096
G1 X119.746 Y124.88 E.69676
G1 X115.314 Y121.636 E.17847
G1 X99.865 Y137.085 E.70996
G1 X96.777 Y135.15 E.11842
G1 X91.562 Y129.935 E.23963
G1 X91.565 Y130.033 E.00318
G1 X106.451 Y115.147 E.68408
G1 X110.286 Y117.955 E.15445
G1 X136.152 Y143.821 E1.18866
M73 P53 R17
G1 X132.067 Y147.412 E.17674
G1 X91.317 Y106.662 E1.87263
G1 X91.922 Y106.648 E.01964
G1 X91.046 Y107.524 E.04025
G1 X91.083 Y109.152 E.05291
SET_VELOCITY_LIMIT ACCEL=8000 ACCEL_TO_DECEL=4000
G1 X92.952 Y134.731 F24000
SET_VELOCITY_LIMIT ACCEL=6000 ACCEL_TO_DECEL=3000
G1 F4835
G1 X94.58 Y134.694 E.05291
G1 X110.882 Y118.391 E.74917
;TIME_ELAPSED:1260.048462

;LAYER_CHANGE
;:13.2
;HEIGHT:0.2
;BEFORE_LAYER_CHANGE
;13.2
G92 E0

G1 E-.8 F2400
;WIPE_START
G1 F6141.304
G1 X109.468 Y119.806
;WIPE_END
EXCLUDE_OBJECT_END NAME=arm.stl_id_0_copy_0
;_SET_FAN_SPEED_CHANGING_LAYER
; OBJECT_ID: 15
EXCLUDE_OBJECT_START NAME=arm.stl_id_0_copy_0
SET_VELOCITY_LIMIT ACCEL=8000 ACCEL_TO_DECEL=4000
G1 X116.84 Y121.784 Z13.4 F24000
G1 X142.45 Y128.655 Z13.4
G1 Z13.2
G1 E.8 F2400
SET_VELOCITY_LIMIT ACCEL=4000 ACCEL_TO_DECEL=2000 SQUARE_CORNER_VELOCITY=6
;TYPE:Inner wall
G1 F4851
G1 X139.666 Y125.488 E.13699
G1 X161.292 Y106.475 E.93572
G1 X169.081 Y115.334 E.3833
G1 X125.56 Y153.597 E1.88305
G1 X95.901 Y135.012 E1.13734
G1 X91.334 Y135.117 E.14845
G1 X90.67 Y106.329 E.93572
M73 P54 R17
G1 X94.862 Y106.232 E.13626
G1 X135.393 Y135.903 E1.63223
G1 X142.967 Y129.244 E.32773
G1 X142.489 Y128.7 E.02353
SET_VELOCITY_LIMIT ACCEL=8000 ACCEL_TO_DECEL=4000 SQUARE_CORNER_VELOCITY=8
G1 X142.414 Y129.208 F24000
SET_VELOCITY_LIMIT ACCEL=4000 ACCEL_TO_DECEL=2000 SQUARE_CORNER_VELOCITY=6
;TYPE:Outer wall
;WIDTH:0.42
G1 F4851
G1 X139.113 Y125.453 E.1505
G1 X161.328 Y105.922 E.89036
G1 X169.634 Y115.37 E.37866
G1 X125.599 Y154.084 E1.76488
G1 X95.792 Y135.406 E1.05877
G1 X90.951 Y135.518 E.14577
G1 X90.269 Y105.946 E.89036
G1 X94.986 Y105.837 E.14203
G1 X135.37 Y135.4 E1.50647
G1 X142.369 Y129.248 E.28049
G1 E-.8 F2400
;WIPE_START
G1 F6629.9
G1 X141.067 Y127.73
;WIPE_END
SET_VELOCITY_LIMIT ACCEL=8000 ACCEL_TO_DECEL=4000 SQUARE_CORNER_VELOCITY=8
G1 X146.11 Y122.001 Z13.6 F24000
G1 X152.796 Y114.409 Z13.6
G1 Z13.2
G1 E.8 F2400
SET_VELOCITY_LIMIT ACCEL=6000 ACCEL_TO_DECEL=3000
;TYPE:Sparse infill
;WIDTH:0.45
G1 F4851
G1 X160.66 Y122.274 E.36142
G1 X161.253 Y121.753 E.02564
G1 X168.175 Y114.831 E.31808
G1 X165.3 Y111.562 E.14146
G1 X160.965 Y107.227 E.19921
G1 X159.742 Y108.302 E.05291
SET_VELOCITY_LIMIT ACCEL=8000 ACCEL_TO_DECEL=4000
G1 X164.583 Y110.746 F24000
SET_VELOCITY_LIMIT ACCEL=6000 ACCEL_TO_DECEL=3000
G1 F4851
G1 X123.46 Y151.87 E1.88982
G1 X125.525 Y153.164 E.07918
G1 X127.982 Y151.003 E.10633
G1 X91.2 Y114.221 E1.6903
G1 X91.219 Y115.027 E.0262
G1 X97.587 Y108.659 E.29266
G1 X102.019 Y111.903 E.17847
G1 X91.392 Y122.53 E.48837
G1 X91.381 Y122.078 E.01469
G1 X117.335 Y148.032 E1.1927
G1 X118.741 Y148.913 E.0539
G1 X133.041 Y134.613 E.65716
G1 X135.413 Y136.349 E.09552
G1 X135.915 Y135.908 E.02172
G1 X140.237 Y140.229 E.19861
G1 X144.321 Y136.638 E.17674
G1 X140 Y132.317 E.19861
G1 X141.222 Y131.241 E.05291
SET_VELOCITY_LIMIT ACCEL=8000 ACCEL_TO_DECEL=4000
G1 X164.745 Y118.682 F24000
SET_VELOCITY_LIMIT ACCEL=6000 ACCEL_TO_DECEL=3000
G1 F4851
G1 X156.881 Y110.818 E.36142
G1 X156.511 Y111.143 E.01601
G1 X141.082 Y126.572 E.70901
G1 X140.158 Y125.52 E.0455
G1 X140.541 Y125.183 E.01661
G1 X148.406 Y133.047 E.36142
G1 X152.491 Y129.456 E.17674
G1 X144.626 Y121.591 E.36142
G1 X148.711 Y118 E.17674
G1 X156.576 Y125.865 E.36142
G1 X155.353 Y126.94 E.05291
G1 E-.8 F2400
;WIPE_START
G1 F6141.304
G1 X156.576 Y125.865
G1 X156.313 Y125.602
;WIPE_END
SET_VELOCITY_LIMIT ACCEL=8000 ACCEL_TO_DECEL=4000
G1 X148.775 Y124.406 Z13.6 F24000
G1 X110.882 Y118.391 Z13.6
G1 Z13.2
G1 E.8 F2400
SET_VELOCITY_LIMIT ACCEL=6000 ACCEL_TO_DECEL=3000
G1 F4851
G1 X94.58 Y134.694 E.74917
G1 X92.952 Y134.731 E.05291
SET_VELOCITY_LIMIT ACCEL=8000 ACCEL_TO_DECEL=4000
G1 X91.083 Y109.152 F24000
SET_VELOCITY_LIMIT ACCEL=6000 ACCEL_TO_DECEL=3000
G1 F4851
G1 X91.046 Y107.524 E.05291
G1 X91.922 Y106.648 E.04025
G1 X91.317 Y106.662 E.01964
G1 X132.067 Y147.412 E1.87263
G1 X136.152 Y143.821 E.17674
G1 X110.286 Y117.955 E1.18866
G1 X106.451 Y115.147 E.15445
G1 X91.565 Y130.033 E.68408
G1 X91.562 Y129.935 E.00318
G1 X96.777 Y135.15 E.23963
G1 X99.865 Y137.085 E.11842
G1 X115.314 Y121.636 E.70996
G1 X119.746 Y124.88 E.17847
G1 X104.584 Y140.042 E.69676
G1 X109.303 Y142.999 E.18096
G1 X124.178 Y128.124 E.68356
G1 X128.609 Y131.368 E.17847
G1 X114.022 Y145.956 E.67036
G1 X112.642 Y145.091 E.05291
;TIME_ELAPSED:1275.882935

;LAYER_CHANGE
;:13.4
;HEIGHT:0.2
;BEFORE_LAYER_CHANGE
;13.4
G92 E0

G1 E-.8 F2400
;WIPE_START
G1 F6141.304
G1 X114.022 Y145.956
G1 X114.285 Y145.693
;WIPE_END
EXCLUDE_OBJECT_END NAME=arm.stl_id_0_copy_0
;_SET_FAN_SPEED_CHANGING_LAYER
; OBJECT_ID: 15
EXCLUDE_OBJECT_START NAME=arm.stl_id_0_copy_0
SET_VELOCITY_LIMIT ACCEL=8000 ACCEL_TO_DECEL=4000
G1 X120.815 Y141.742 Z13.6 F24000
G1 X142.45 Y128.655 Z13.6
G1 Z13.4
G1 E.8 F2400
SET_VELOCITY_LIMIT ACCEL=4000 ACCEL_TO_DECEL=2000 SQUARE_CORNER_VELOCITY=6
;TYPE:Inner wall
G1 F4832
G1 X139.666 Y125.488 E.13699
G1 X161.292 Y106.475 E.93572
G1 X169.081 Y115.334 E.3833
G1 X125.56 Y153.597 E1.88305
G1 X95.901 Y135.012 E1.13734
G1 X91.334 Y135.117 E.14845
G1 X90.67 Y106.329 E.93572
G1 X94.862 Y106.232 E.13626
G1 X135.393 Y135.903 E1.63223
G1 X142.967 Y129.244 E.32773
G1 X142.489 Y128.7 E.02353
SET_VELOCITY_LIMIT ACCEL=8000 ACCEL_TO_DECEL=4000 SQUARE_CORNER_VELOCITY=8
G1 X142.414 Y129.208 F24000
SET_VELOCITY_LIMIT ACCEL=4000 ACCEL_TO_DECEL=2000 SQUARE_CORNER_VELOCITY=6
;TYPE:Outer wall
;WIDTH:0.42
G1 F4832
G1 X139.113 Y125.453 E.1505
G1 X161.328 Y105.922 E.89036
G1 X169.634 Y115.37 E.37866
G1 X125.599 Y154.084 E1.76488
G1 X95.792 Y135.406 E1.05877
G1 X90.951 Y135.518 E.14577
G1 X90.269 Y105.946 E.89036
G1 X94.986 Y105.837 E.14203
G1 X135.37 Y135.4 E1.50647
G1 X142.369 Y129.248 E.28049
G1 E-.8 F2400
;WIPE_START
G1 F6629.9
G1 X141.067 Y127.73
;WIPE_END
SET_VELOCITY_LIMIT ACCEL=8000 ACCEL_TO_DECEL=4000 SQUARE_CORNER_VELOCITY=8
G1 X148.427 Y129.751 Z13.8 F24000
G1 X151.268 Y130.531 Z13.8
G1 Z13.4
G1 E.8 F2400
SET_VELOCITY_LIMIT ACCEL=6000 ACCEL_TO_DECEL=3000
;TYPE:Sparse infill
;WIDTH:0.45
G1 F4832
G1 X152.491 Y129.456 E.05291
G1 X144.626 Y121.591 E.36142
G1 X148.711 Y118 E.17674
G1 X156.576 Y125.865 E.36142
G1 X155.353 Y126.94 E.05291
SET_VELOCITY_LIMIT ACCEL=8000 ACCEL_TO_DECEL=4000
G1 X164.745 Y118.682 F24000
SET_VELOCITY_LIMIT ACCEL=6000 ACCEL_TO_DECEL=3000
G1 F4832
G1 X156.881 Y110.818 E.36142
G1 X156.511 Y111.143 E.01601
G1 X141.082 Y126.572 E.70901
G1 X140.158 Y125.52 E.0455
G1 X140.541 Y125.183 E.01661
G1 X148.406 Y133.047 E.36142
G1 X144.321 Y136.638 E.17674
G1 X140 Y132.317 E.19861
G1 X141.222 Y131.241 E.05291
SET_VELOCITY_LIMIT ACCEL=8000 ACCEL_TO_DECEL=4000
G1 X141.459 Y139.154 F24000
SET_VELOCITY_LIMIT ACCEL=6000 ACCEL_TO_DECEL=3000
G1 F4832
G1 X140.237 Y140.229 E.05291
G1 X135.915 Y135.908 E.19861
G1 X135.413 Y136.349 E.02172
G1 X133.041 Y134.613 E.09552
G1 X118.741 Y148.913 E.65716
G1 X117.335 Y148.032 E.0539
G1 X91.381 Y122.078 E1.1927
G1 X91.392 Y122.53 E.01469
G1 X102.019 Y111.903 E.48837
G1 X97.587 Y108.659 E.17847
G1 X91.219 Y115.027 E.29266
G1 X91.2 Y114.221 E.0262
M73 P55 R17
G1 X127.982 Y151.003 E1.6903
G1 X125.525 Y153.164 E.10633
G1 X123.46 Y151.87 E.07918
G1 X164.584 Y110.746 E1.88983
SET_VELOCITY_LIMIT ACCEL=8000 ACCEL_TO_DECEL=4000
G1 X159.742 Y108.302 F24000
SET_VELOCITY_LIMIT ACCEL=6000 ACCEL_TO_DECEL=3000
G1 F4832
G1 X160.965 Y107.227 E.05291
G1 X165.3 Y111.562 E.19921
G1 X168.175 Y114.831 E.14146
G1 X161.253 Y121.753 E.31808
G1 X160.66 Y122.274 E.02564
G1 X152.796 Y114.409 E.36142
G1 E-.8 F2400
;WIPE_START
G1 F6141.304
G1 X154.21 Y115.823
;WIPE_END
SET_VELOCITY_LIMIT ACCEL=8000 ACCEL_TO_DECEL=4000
G1 X147.969 Y120.217 Z13.8 F24000
G1 X112.642 Y145.091 Z13.8
G1 Z13.4
G1 E.8 F2400
SET_VELOCITY_LIMIT ACCEL=6000 ACCEL_TO_DECEL=3000
G1 F4832
G1 X114.022 Y145.956 E.05291
G1 X128.609 Y131.368 E.67036
G1 X124.178 Y128.124 E.17847
G1 X109.303 Y142.999 E.68356
G1 X104.584 Y140.042 E.18096
G1 X119.746 Y124.88 E.69676
G1 X115.314 Y121.636 E.17847
G1 X99.865 Y137.085 E.70996
G1 X96.777 Y135.15 E.11842
G1 X91.562 Y129.935 E.23963
G1 X91.565 Y130.033 E.00318
G1 X106.451 Y115.147 E.68408
G1 X110.286 Y117.955 E.15445
G1 X136.152 Y143.821 E1.18866
G1 X132.067 Y147.412 E.17674
G1 X91.317 Y106.662 E1.87263
G1 X91.922 Y106.648 E.01964
G1 X91.046 Y107.524 E.04025
G1 X91.083 Y109.152 E.05291
SET_VELOCITY_LIMIT ACCEL=8000 ACCEL_TO_DECEL=4000
G1 X92.952 Y134.731 F24000
SET_VELOCITY_LIMIT ACCEL=6000 ACCEL_TO_DECEL=3000
G1 F4832
G1 X94.58 Y134.694 E.05291
G1 X110.882 Y118.391 E.74917
;TIME_ELAPSED:1291.854492

;LAYER_CHANGE
;:13.6
;HEIGHT:0.200001
;BEFORE_LAYER_CHANGE
;13.6
G92 E0

G1 E-.8 F2400
;WIPE_START
G1 F6141.304
G1 X109.468 Y119.806
;WIPE_END
EXCLUDE_OBJECT_END NAME=arm.stl_id_0_copy_0
;_SET_FAN_SPEED_CHANGING_LAYER
; OBJECT_ID: 15
EXCLUDE_OBJECT_START NAME=arm.stl_id_0_copy_0
SET_VELOCITY_LIMIT ACCEL=8000 ACCEL_TO_DECEL=4000
G1 X116.84 Y121.784 Z13.8 F24000
G1 X142.45 Y128.655 Z13.8
G1 Z13.6
G1 E.8 F2400
SET_VELOCITY_LIMIT ACCEL=4000 ACCEL_TO_DECEL=2000 SQUARE_CORNER_VELOCITY=6
;TYPE:Inner wall
G1 F4851
G1 X139.666 Y125.488 E.13699
G1 X161.292 Y106.475 E.93572
G1 X169.081 Y115.334 E.3833
G1 X125.56 Y153.597 E1.88305
G1 X95.901 Y135.012 E1.13734
G1 X91.334 Y135.117 E.14845
G1 X90.67 Y106.329 E.93572
G1 X94.862 Y106.232 E.13626
G1 X135.393 Y135.903 E1.63223
G1 X142.967 Y129.244 E.32773
G1 X142.489 Y128.7 E.02353
SET_VELOCITY_LIMIT ACCEL=8000 ACCEL_TO_DECEL=4000 SQUARE_CORNER_VELOCITY=8
G1 X142.414 Y129.208 F24000
SET_VELOCITY_LIMIT ACCEL=4000 ACCEL_TO_DECEL=2000 SQUARE_CORNER_VELOCITY=6
;TYPE:Outer wall
;WIDTH:0.42
G1 F4851
G1 X139.113 Y125.453 E.1505
G1 X161.328 Y105.922 E.89036
G1 X169.634 Y115.37 E.37866
G1 X125.599 Y154.084 E1.76488
G1 X95.792 Y135.406 E1.05877
G1 X90.951 Y135.518 E.14577
G1 X90.269 Y105.946 E.89036
G1 X94.986 Y105.837 E.14203
G1 X135.37 Y135.4 E1.50647
G1 X142.369 Y129.248 E.28049
G1 E-.8 F2400
;WIPE_START
G1 F6629.9
G1 X141.067 Y127.73
;WIPE_END
SET_VELOCITY_LIMIT ACCEL=8000 ACCEL_TO_DECEL=4000 SQUARE_CORNER_VELOCITY=8
G1 X146.11 Y122.001 Z14 F24000
G1 X152.796 Y114.409 Z14
G1 Z13.6
G1 E.8 F2400
SET_VELOCITY_LIMIT ACCEL=6000 ACCEL_TO_DECEL=3000
;TYPE:Sparse infill
;WIDTH:0.45
G1 F4851
G1 X160.66 Y122.274 E.36142
G1 X161.253 Y121.753 E.02564
G1 X168.175 Y114.831 E.31808
G1 X165.3 Y111.562 E.14146
G1 X160.965 Y107.227 E.19921
G1 X159.742 Y108.302 E.05291
SET_VELOCITY_LIMIT ACCEL=8000 ACCEL_TO_DECEL=4000
G1 X164.583 Y110.746 F24000
SET_VELOCITY_LIMIT ACCEL=6000 ACCEL_TO_DECEL=3000
G1 F4851
G1 X123.46 Y151.87 E1.88982
G1 X125.525 Y153.164 E.07918
G1 X127.982 Y151.003 E.10633
G1 X91.2 Y114.221 E1.6903
G1 X91.219 Y115.027 E.0262
G1 X97.587 Y108.659 E.29266
G1 X102.019 Y111.903 E.17847
G1 X91.392 Y122.53 E.48837
G1 X91.381 Y122.078 E.01469
G1 X117.335 Y148.032 E1.1927
G1 X118.741 Y148.913 E.0539
G1 X133.041 Y134.613 E.65716
G1 X135.413 Y136.349 E.09552
G1 X135.915 Y135.908 E.02172
G1 X140.237 Y140.229 E.19861
G1 X144.321 Y136.638 E.17674
G1 X140 Y132.317 E.19861
G1 X141.222 Y131.241 E.05291
SET_VELOCITY_LIMIT ACCEL=8000 ACCEL_TO_DECEL=4000
G1 X164.745 Y118.682 F24000
SET_VELOCITY_LIMIT ACCEL=6000 ACCEL_TO_DECEL=3000
G1 F4851
G1 X156.881 Y110.818 E.36142
G1 X156.511 Y111.143 E.01601
G1 X141.082 Y126.572 E.70901
G1 X140.158 Y125.52 E.0455
G1 X140.541 Y125.183 E.01661
G1 X148.406 Y133.047 E.36142
G1 X152.491 Y129.456 E.17674
G1 X144.626 Y121.591 E.36142
G1 X148.711 Y118 E.17674
G1 X156.576 Y125.865 E.36142
G1 X155.353 Y126.94 E.05291
G1 E-.8 F2400
;WIPE_START
G1 F6141.304
G1 X156.576 Y125.865
G1 X156.313 Y125.602
;WIPE_END
SET_VELOCITY_LIMIT ACCEL=8000 ACCEL_TO_DECEL=4000
G1 X148.775 Y124.406 Z14 F24000
G1 X110.882 Y118.391 Z14
G1 Z13.6
G1 E.8 F2400
SET_VELOCITY_LIMIT ACCEL=6000 ACCEL_TO_DECEL=3000
G1 F4851
G1 X94.58 Y134.694 E.74917
G1 X92.952 Y134.731 E.05291
SET_VELOCITY_LIMIT ACCEL=8000 ACCEL_TO_DECEL=4000
G1 X91.083 Y109.152 F24000
SET_VELOCITY_LIMIT ACCEL=6000 ACCEL_TO_DECEL=3000
G1 F4851
G1 X91.046 Y107.524 E.05291
G1 X91.922 Y106.648 E.04025
G1 X91.317 Y106.662 E.01964
G1 X132.067 Y147.412 E1.87263
G1 X136.152 Y143.821 E.17674
G1 X110.286 Y117.955 E1.18866
G1 X106.451 Y115.147 E.15445
G1 X91.565 Y130.033 E.68408
G1 X91.562 Y129.935 E.00318
G1 X96.777 Y135.15 E.23963
G1 X99.865 Y137.085 E.11842
G1 X115.314 Y121.636 E.70996
G1 X119.746 Y124.88 E.17847
G1 X104.584 Y140.042 E.69676
G1 X109.303 Y142.999 E.18096
G1 X124.178 Y128.124 E.68356
G1 X128.609 Y131.368 E.17847
G1 X114.022 Y145.956 E.67036
G1 X112.642 Y145.091 E.05291
;TIME_ELAPSED:1307.689087

;LAYER_CHANGE
;:13.8
;HEIGHT:0.2
;BEFORE_LAYER_CHANGE
;13.8
G92 E0

G1 E-.8 F2400
;WIPE_START
G1 F6141.304
G1 X114.022 Y145.956
G1 X114.285 Y145.693
;WIPE_END
EXCLUDE_OBJECT_END NAME=arm.stl_id_0_copy_0
;_SET_FAN_SPEED_CHANGING_LAYER
; OBJECT_ID: 15
EXCLUDE_OBJECT_START NAME=arm.stl_id_0_copy_0
SET_VELOCITY_LIMIT ACCEL=8000 ACCEL_TO_DECEL=4000
G1 X120.815 Y141.742 Z14 F24000
G1 X142.45 Y128.655 Z14
G1 Z13.8
G1 E.8 F2400
SET_VELOCITY_LIMIT ACCEL=4000 ACCEL_TO_DECEL=2000 SQUARE_CORNER_VELOCITY=6
;TYPE:Inner wall
G1 F4832
G1 X139.666 Y125.488 E.13699
G1 X161.292 Y106.475 E.93572
G1 X169.081 Y115.334 E.3833
G1 X125.56 Y153.597 E1.88305
G1 X95.901 Y135.012 E1.13734
G1 X91.334 Y135.117 E.14845
M73 P56 R17
G1 X90.67 Y106.329 E.93572
G1 X94.862 Y106.232 E.13626
G1 X135.393 Y135.903 E1.63223
G1 X142.967 Y129.244 E.32773
G1 X142.489 Y128.7 E.02353
SET_VELOCITY_LIMIT ACCEL=8000 ACCEL_TO_DECEL=4000 SQUARE_CORNER_VELOCITY=8
G1 X142.414 Y129.208 F24000
SET_VELOCITY_LIMIT ACCEL=4000 ACCEL_TO_DECEL=2000 SQUARE_CORNER_VELOCITY=6
;TYPE:Outer wall
;WIDTH:0.42
G1 F4832
G1 X139.113 Y125.453 E.1505
G1 X161.328 Y105.922 E.89036
G1 X169.634 Y115.37 E.37866
G1 X125.599 Y154.084 E1.76488
G1 X95.792 Y135.406 E1.05877
G1 X90.951 Y135.518 E.14577
G1 X90.269 Y105.946 E.89036
G1 X94.986 Y105.837 E.14203
G1 X135.37 Y135.4 E1.50647
G1 X142.369 Y129.248 E.28049
G1 E-.8 F2400
;WIPE_START
G1 F6629.9
G1 X141.067 Y127.73
;WIPE_END
SET_VELOCITY_LIMIT ACCEL=8000 ACCEL_TO_DECEL=4000 SQUARE_CORNER_VELOCITY=8
G1 X148.427 Y129.751 Z14.2 F24000
G1 X151.268 Y130.531 Z14.2
G1 Z13.8
G1 E.8 F2400
SET_VELOCITY_LIMIT ACCEL=6000 ACCEL_TO_DECEL=3000
;TYPE:Sparse infill
;WIDTH:0.45
G1 F4832
G1 X152.491 Y129.456 E.05291
G1 X144.626 Y121.591 E.36142
G1 X148.711 Y118 E.17674
G1 X156.576 Y125.865 E.36142
G1 X155.353 Y126.94 E.05291
SET_VELOCITY_LIMIT ACCEL=8000 ACCEL_TO_DECEL=4000
G1 X164.745 Y118.682 F24000
SET_VELOCITY_LIMIT ACCEL=6000 ACCEL_TO_DECEL=3000
G1 F4832
G1 X156.881 Y110.818 E.36142
G1 X156.511 Y111.143 E.01601
G1 X141.082 Y126.572 E.70901
G1 X140.158 Y125.52 E.0455
G1 X140.541 Y125.183 E.01661
G1 X148.406 Y133.047 E.36142
G1 X144.321 Y136.638 E.17674
G1 X140 Y132.317 E.19861
G1 X141.222 Y131.241 E.05291
SET_VELOCITY_LIMIT ACCEL=8000 ACCEL_TO_DECEL=4000
G1 X141.459 Y139.154 F24000
SET_VELOCITY_LIMIT ACCEL=6000 ACCEL_TO_DECEL=3000
G1 F4832
G1 X140.237 Y140.229 E.05291
G1 X135.915 Y135.908 E.19861
G1 X135.413 Y136.349 E.02172
G1 X133.041 Y134.613 E.09552
G1 X118.741 Y148.913 E.65716
G1 X117.335 Y148.032 E.0539
G1 X91.381 Y122.078 E1.1927
G1 X91.392 Y122.53 E.01469
G1 X102.019 Y111.903 E.48837
G1 X97.587 Y108.659 E.17847
G1 X91.219 Y115.027 E.29266
G1 X91.2 Y114.221 E.0262
G1 X127.982 Y151.003 E1.6903
G1 X125.525 Y153.164 E.10633
G1 X123.46 Y151.87 E.07918
M73 P56 R16
G1 X164.584 Y110.746 E1.88983
SET_VELOCITY_LIMIT ACCEL=8000 ACCEL_TO_DECEL=4000
G1 X159.742 Y108.302 F24000
SET_VELOCITY_LIMIT ACCEL=6000 ACCEL_TO_DECEL=3000
G1 F4832
G1 X160.965 Y107.227 E.05291
G1 X165.3 Y111.562 E.19921
G1 X168.175 Y114.831 E.14146
G1 X161.253 Y121.753 E.31808
G1 X160.66 Y122.274 E.02564
G1 X152.796 Y114.409 E.36142
G1 E-.8 F2400
;WIPE_START
G1 F6141.304
G1 X154.21 Y115.823
;WIPE_END
SET_VELOCITY_LIMIT ACCEL=8000 ACCEL_TO_DECEL=4000
G1 X147.969 Y120.217 Z14.2 F24000
G1 X112.642 Y145.091 Z14.2
G1 Z13.8
G1 E.8 F2400
SET_VELOCITY_LIMIT ACCEL=6000 ACCEL_TO_DECEL=3000
G1 F4832
G1 X114.022 Y145.956 E.05291
G1 X128.609 Y131.368 E.67036
G1 X124.178 Y128.124 E.17847
G1 X109.303 Y142.999 E.68356
G1 X104.584 Y140.042 E.18096
G1 X119.746 Y124.88 E.69676
G1 X115.314 Y121.636 E.17847
G1 X99.865 Y137.085 E.70996
G1 X96.777 Y135.15 E.11842
G1 X91.562 Y129.935 E.23963
G1 X91.565 Y130.033 E.00318
G1 X106.451 Y115.147 E.68408
G1 X110.286 Y117.955 E.15445
G1 X136.152 Y143.821 E1.18866
G1 X132.067 Y147.412 E.17674
G1 X91.317 Y106.662 E1.87263
G1 X91.922 Y106.648 E.01964
G1 X91.046 Y107.524 E.04025
G1 X91.083 Y109.152 E.05291
SET_VELOCITY_LIMIT ACCEL=8000 ACCEL_TO_DECEL=4000
G1 X92.952 Y134.731 F24000
SET_VELOCITY_LIMIT ACCEL=6000 ACCEL_TO_DECEL=3000
G1 F4832
G1 X94.58 Y134.694 E.05291
G1 X110.882 Y118.391 E.74917
;TIME_ELAPSED:1323.660645

;LAYER_CHANGE
;:14
;HEIGHT:0.2
;BEFORE_LAYER_CHANGE
;14
G92 E0

G1 E-.8 F2400
;WIPE_START
G1 F6141.304
G1 X109.468 Y119.806
;WIPE_END
EXCLUDE_OBJECT_END NAME=arm.stl_id_0_copy_0
;_SET_FAN_SPEED_CHANGING_LAYER
; OBJECT_ID: 15
EXCLUDE_OBJECT_START NAME=arm.stl_id_0_copy_0
SET_VELOCITY_LIMIT ACCEL=8000 ACCEL_TO_DECEL=4000
G1 X116.84 Y121.784 Z14.2 F24000
G1 X142.45 Y128.655 Z14.2
G1 Z14
G1 E.8 F2400
SET_VELOCITY_LIMIT ACCEL=4000 ACCEL_TO_DECEL=2000 SQUARE_CORNER_VELOCITY=6
;TYPE:Inner wall
G1 F4851
G1 X139.666 Y125.488 E.13699
G1 X161.292 Y106.475 E.93572
G1 X169.081 Y115.334 E.3833
G1 X125.56 Y153.597 E1.88305
G1 X95.901 Y135.012 E1.13734
G1 X91.334 Y135.117 E.14845
G1 X90.67 Y106.329 E.93572
G1 X94.862 Y106.232 E.13626
G1 X135.393 Y135.903 E1.63223
G1 X142.967 Y129.244 E.32773
G1 X142.489 Y128.7 E.02353
SET_VELOCITY_LIMIT ACCEL=8000 ACCEL_TO_DECEL=4000 SQUARE_CORNER_VELOCITY=8
G1 X142.414 Y129.208 F24000
SET_VELOCITY_LIMIT ACCEL=4000 ACCEL_TO_DECEL=2000 SQUARE_CORNER_VELOCITY=6
;TYPE:Outer wall
;WIDTH:0.42
G1 F4851
G1 X139.113 Y125.453 E.1505
G1 X161.328 Y105.922 E.89036
G1 X169.634 Y115.37 E.37866
G1 X125.599 Y154.084 E1.76488
G1 X95.792 Y135.406 E1.05877
G1 X90.951 Y135.518 E.14577
G1 X90.269 Y105.946 E.89036
G1 X94.986 Y105.837 E.14203
G1 X135.37 Y135.4 E1.50647
G1 X142.369 Y129.248 E.28049
G1 E-.8 F2400
;WIPE_START
G1 F6629.9
G1 X141.067 Y127.73
;WIPE_END
SET_VELOCITY_LIMIT ACCEL=8000 ACCEL_TO_DECEL=4000 SQUARE_CORNER_VELOCITY=8
G1 X146.11 Y122.001 Z14.4 F24000
G1 X152.796 Y114.409 Z14.4
G1 Z14
G1 E.8 F2400
SET_VELOCITY_LIMIT ACCEL=6000 ACCEL_TO_DECEL=3000
;TYPE:Sparse infill
;WIDTH:0.45
G1 F4851
G1 X160.66 Y122.274 E.36142
G1 X161.253 Y121.753 E.02564
G1 X168.175 Y114.831 E.31808
G1 X165.3 Y111.562 E.14146
G1 X160.965 Y107.227 E.19921
G1 X159.742 Y108.302 E.05291
SET_VELOCITY_LIMIT ACCEL=8000 ACCEL_TO_DECEL=4000
G1 X164.583 Y110.746 F24000
SET_VELOCITY_LIMIT ACCEL=6000 ACCEL_TO_DECEL=3000
G1 F4851
G1 X123.46 Y151.87 E1.88982
G1 X125.525 Y153.164 E.07918
G1 X127.982 Y151.003 E.10633
G1 X91.2 Y114.221 E1.6903
G1 X91.219 Y115.027 E.0262
G1 X97.587 Y108.659 E.29266
M73 P57 R16
G1 X102.019 Y111.903 E.17847
G1 X91.392 Y122.53 E.48837
G1 X91.381 Y122.078 E.01469
G1 X117.335 Y148.032 E1.1927
G1 X118.741 Y148.913 E.0539
G1 X133.041 Y134.613 E.65716
G1 X135.413 Y136.349 E.09552
G1 X135.915 Y135.908 E.02172
G1 X140.237 Y140.229 E.19861
G1 X144.321 Y136.638 E.17674
G1 X140 Y132.317 E.19861
G1 X141.222 Y131.241 E.05291
SET_VELOCITY_LIMIT ACCEL=8000 ACCEL_TO_DECEL=4000
G1 X164.745 Y118.682 F24000
SET_VELOCITY_LIMIT ACCEL=6000 ACCEL_TO_DECEL=3000
G1 F4851
G1 X156.881 Y110.818 E.36142
G1 X156.511 Y111.143 E.01601
G1 X141.082 Y126.572 E.70901
G1 X140.158 Y125.52 E.0455
G1 X140.541 Y125.183 E.01661
G1 X148.406 Y133.047 E.36142
G1 X152.491 Y129.456 E.17674
G1 X144.626 Y121.591 E.36142
G1 X148.711 Y118 E.17674
G1 X156.576 Y125.865 E.36142
G1 X155.353 Y126.94 E.05291
G1 E-.8 F2400
;WIPE_START
G1 F6141.304
G1 X156.576 Y125.865
G1 X156.313 Y125.602
;WIPE_END
SET_VELOCITY_LIMIT ACCEL=8000 ACCEL_TO_DECEL=4000
G1 X148.775 Y124.406 Z14.4 F24000
G1 X110.882 Y118.391 Z14.4
G1 Z14
G1 E.8 F2400
SET_VELOCITY_LIMIT ACCEL=6000 ACCEL_TO_DECEL=3000
G1 F4851
G1 X94.58 Y134.694 E.74917
G1 X92.952 Y134.731 E.05291
SET_VELOCITY_LIMIT ACCEL=8000 ACCEL_TO_DECEL=4000
G1 X91.083 Y109.152 F24000
SET_VELOCITY_LIMIT ACCEL=6000 ACCEL_TO_DECEL=3000
G1 F4851
G1 X91.046 Y107.524 E.05291
G1 X91.922 Y106.648 E.04025
G1 X91.317 Y106.662 E.01964
G1 X132.067 Y147.412 E1.87263
G1 X136.152 Y143.821 E.17674
G1 X110.286 Y117.955 E1.18866
G1 X106.451 Y115.147 E.15445
G1 X91.565 Y130.033 E.68408
G1 X91.562 Y129.935 E.00318
G1 X96.777 Y135.15 E.23963
G1 X99.865 Y137.085 E.11842
G1 X115.314 Y121.636 E.70996
G1 X119.746 Y124.88 E.17847
G1 X104.584 Y140.042 E.69676
G1 X109.303 Y142.999 E.18096
G1 X124.178 Y128.124 E.68356
G1 X128.609 Y131.368 E.17847
G1 X114.022 Y145.956 E.67036
G1 X112.642 Y145.091 E.05291
;TIME_ELAPSED:1339.495361

;LAYER_CHANGE
;:14.2
;HEIGHT:0.2
;BEFORE_LAYER_CHANGE
;14.2
G92 E0

G1 E-.8 F2400
;WIPE_START
G1 F6141.304
G1 X114.022 Y145.956
G1 X114.285 Y145.693
;WIPE_END
EXCLUDE_OBJECT_END NAME=arm.stl_id_0_copy_0
;_SET_FAN_SPEED_CHANGING_LAYER
; OBJECT_ID: 15
EXCLUDE_OBJECT_START NAME=arm.stl_id_0_copy_0
SET_VELOCITY_LIMIT ACCEL=8000 ACCEL_TO_DECEL=4000
G1 X120.815 Y141.742 Z14.4 F24000
G1 X142.45 Y128.655 Z14.4
G1 Z14.2
G1 E.8 F2400
SET_VELOCITY_LIMIT ACCEL=4000 ACCEL_TO_DECEL=2000 SQUARE_CORNER_VELOCITY=6
;TYPE:Inner wall
G1 F4832
G1 X139.666 Y125.488 E.13699
G1 X161.292 Y106.475 E.93572
G1 X169.081 Y115.334 E.3833
G1 X125.56 Y153.597 E1.88305
G1 X95.901 Y135.012 E1.13734
G1 X91.334 Y135.117 E.14845
G1 X90.67 Y106.329 E.93572
G1 X94.862 Y106.232 E.13626
G1 X135.393 Y135.903 E1.63223
G1 X142.967 Y129.244 E.32773
G1 X142.489 Y128.7 E.02353
SET_VELOCITY_LIMIT ACCEL=8000 ACCEL_TO_DECEL=4000 SQUARE_CORNER_VELOCITY=8
G1 X142.414 Y129.208 F24000
SET_VELOCITY_LIMIT ACCEL=4000 ACCEL_TO_DECEL=2000 SQUARE_CORNER_VELOCITY=6
;TYPE:Outer wall
;WIDTH:0.42
G1 F4832
G1 X139.113 Y125.453 E.1505
G1 X161.328 Y105.922 E.89036
G1 X169.634 Y115.37 E.37866
G1 X125.599 Y154.084 E1.76488
G1 X95.792 Y135.406 E1.05877
G1 X90.951 Y135.518 E.14577
G1 X90.269 Y105.946 E.89036
G1 X94.986 Y105.837 E.14203
G1 X135.37 Y135.4 E1.50647
G1 X142.369 Y129.248 E.28049
G1 E-.8 F2400
;WIPE_START
G1 F6629.9
G1 X141.067 Y127.73
;WIPE_END
SET_VELOCITY_LIMIT ACCEL=8000 ACCEL_TO_DECEL=4000 SQUARE_CORNER_VELOCITY=8
G1 X148.427 Y129.751 Z14.6 F24000
G1 X151.268 Y130.531 Z14.6
G1 Z14.2
G1 E.8 F2400
SET_VELOCITY_LIMIT ACCEL=6000 ACCEL_TO_DECEL=3000
;TYPE:Sparse infill
;WIDTH:0.45
G1 F4832
G1 X152.491 Y129.456 E.05291
G1 X144.626 Y121.591 E.36142
G1 X148.711 Y118 E.17674
G1 X156.576 Y125.865 E.36142
G1 X155.353 Y126.94 E.05291
SET_VELOCITY_LIMIT ACCEL=8000 ACCEL_TO_DECEL=4000
G1 X164.745 Y118.682 F24000
SET_VELOCITY_LIMIT ACCEL=6000 ACCEL_TO_DECEL=3000
G1 F4832
G1 X156.881 Y110.818 E.36142
G1 X156.511 Y111.143 E.01601
G1 X141.082 Y126.572 E.70901
G1 X140.158 Y125.52 E.0455
G1 X140.541 Y125.183 E.01661
G1 X148.406 Y133.047 E.36142
G1 X144.321 Y136.638 E.17674
G1 X140 Y132.317 E.19861
G1 X141.222 Y131.241 E.05291
SET_VELOCITY_LIMIT ACCEL=8000 ACCEL_TO_DECEL=4000
G1 X141.459 Y139.154 F24000
SET_VELOCITY_LIMIT ACCEL=6000 ACCEL_TO_DECEL=3000
G1 F4832
G1 X140.237 Y140.229 E.05291
G1 X135.915 Y135.908 E.19861
G1 X135.413 Y136.349 E.02172
G1 X133.041 Y134.613 E.09552
G1 X118.741 Y148.913 E.65716
G1 X117.335 Y148.032 E.0539
G1 X91.381 Y122.078 E1.1927
G1 X91.392 Y122.53 E.01469
G1 X102.019 Y111.903 E.48837
G1 X97.587 Y108.659 E.17847
G1 X91.219 Y115.027 E.29266
G1 X91.2 Y114.221 E.0262
G1 X127.982 Y151.003 E1.6903
G1 X125.525 Y153.164 E.10633
G1 X123.46 Y151.87 E.07918
G1 X164.584 Y110.746 E1.88983
SET_VELOCITY_LIMIT ACCEL=8000 ACCEL_TO_DECEL=4000
G1 X159.742 Y108.302 F24000
SET_VELOCITY_LIMIT ACCEL=6000 ACCEL_TO_DECEL=3000
G1 F4832
G1 X160.965 Y107.227 E.05291
G1 X165.3 Y111.562 E.19921
G1 X168.175 Y114.831 E.14146
G1 X161.253 Y121.753 E.31808
G1 X160.66 Y122.274 E.02564
G1 X152.796 Y114.409 E.36142
G1 E-.8 F2400
;WIPE_START
G1 F6141.304
G1 X154.21 Y115.823
;WIPE_END
SET_VELOCITY_LIMIT ACCEL=8000 ACCEL_TO_DECEL=4000
G1 X147.969 Y120.217 Z14.6 F24000
G1 X112.642 Y145.091 Z14.6
G1 Z14.2
G1 E.8 F2400
SET_VELOCITY_LIMIT ACCEL=6000 ACCEL_TO_DECEL=3000
G1 F4832
G1 X114.022 Y145.956 E.05291
G1 X128.609 Y131.368 E.67036
G1 X124.178 Y128.124 E.17847
G1 X109.303 Y142.999 E.68356
G1 X104.584 Y140.042 E.18096
G1 X119.746 Y124.88 E.69676
G1 X115.314 Y121.636 E.17847
G1 X99.865 Y137.085 E.70996
G1 X96.777 Y135.15 E.11842
G1 X91.562 Y129.935 E.23963
G1 X91.565 Y130.033 E.00318
G1 X106.451 Y115.147 E.68408
G1 X110.286 Y117.955 E.15445
G1 X136.152 Y143.821 E1.18866
G1 X132.067 Y147.412 E.17674
G1 X91.317 Y106.662 E1.87263
G1 X91.922 Y106.648 E.01964
G1 X91.046 Y107.524 E.04025
G1 X91.083 Y109.152 E.05291
SET_VELOCITY_LIMIT ACCEL=8000 ACCEL_TO_DECEL=4000
G1 X92.952 Y134.731 F24000
SET_VELOCITY_LIMIT ACCEL=6000 ACCEL_TO_DECEL=3000
G1 F4832
G1 X94.58 Y134.694 E.05291
G1 X110.882 Y118.391 E.74917
;TIME_ELAPSED:1355.466919

;LAYER_CHANGE
;:14.4
;HEIGHT:0.2
;BEFORE_LAYER_CHANGE
;14.4
G92 E0

G1 E-.8 F2400
;WIPE_START
G1 F6141.304
G1 X109.468 Y119.806
;WIPE_END
EXCLUDE_OBJECT_END NAME=arm.stl_id_0_copy_0
;_SET_FAN_SPEED_CHANGING_LAYER
; OBJECT_ID: 15
EXCLUDE_OBJECT_START NAME=arm.stl_id_0_copy_0
SET_VELOCITY_LIMIT ACCEL=8000 ACCEL_TO_DECEL=4000
G1 X116.84 Y121.784 Z14.6 F24000
G1 X142.45 Y128.655 Z14.6
G1 Z14.4
G1 E.8 F2400
SET_VELOCITY_LIMIT ACCEL=4000 ACCEL_TO_DECEL=2000 SQUARE_CORNER_VELOCITY=6
;TYPE:Inner wall
M73 P58 R16
G1 F4843
G1 X139.666 Y125.488 E.13699
G1 X161.292 Y106.475 E.93572
G1 X169.081 Y115.334 E.3833
G1 X125.56 Y153.597 E1.88305
G1 X95.901 Y135.012 E1.13734
G1 X91.334 Y135.117 E.14845
G1 X90.67 Y106.329 E.93572
G1 X94.862 Y106.232 E.13626
G1 X135.393 Y135.903 E1.63223
G1 X142.967 Y129.244 E.32773
G1 X142.489 Y128.7 E.02353
SET_VELOCITY_LIMIT ACCEL=8000 ACCEL_TO_DECEL=4000 SQUARE_CORNER_VELOCITY=8
G1 X142.414 Y129.208 F24000
SET_VELOCITY_LIMIT ACCEL=4000 ACCEL_TO_DECEL=2000 SQUARE_CORNER_VELOCITY=6
;TYPE:Outer wall
;WIDTH:0.42
G1 F4843
G1 X139.113 Y125.453 E.1505
G1 X161.328 Y105.922 E.89036
G1 X169.634 Y115.37 E.37866
G1 X125.599 Y154.084 E1.76488
G1 X95.792 Y135.406 E1.05877
G1 X90.951 Y135.518 E.14577
G1 X90.269 Y105.946 E.89036
G1 X94.986 Y105.837 E.14203
G1 X135.37 Y135.4 E1.50647
G1 X142.369 Y129.248 E.28049
G1 E-.8 F2400
;WIPE_START
G1 F6629.9
G1 X141.067 Y127.73
;WIPE_END
SET_VELOCITY_LIMIT ACCEL=8000 ACCEL_TO_DECEL=4000 SQUARE_CORNER_VELOCITY=8
G1 X141.222 Y131.241 Z14.8 F24000
G1 Z14.4
G1 E.8 F2400
SET_VELOCITY_LIMIT ACCEL=6000 ACCEL_TO_DECEL=3000
;TYPE:Sparse infill
;WIDTH:0.45
G1 F4843
G1 X140 Y132.317 E.05291
G1 X144.321 Y136.638 E.19861
G1 X148.406 Y133.047 E.17674
G1 X140.541 Y125.183 E.36142
G1 X140.158 Y125.52 E.01661
G1 X141.082 Y126.572 E.0455
G1 X156.511 Y111.143 E.70901
G1 X156.881 Y110.818 E.01601
G1 X164.745 Y118.682 E.36142
SET_VELOCITY_LIMIT ACCEL=8000 ACCEL_TO_DECEL=4000
G1 X164.584 Y110.746 F24000
SET_VELOCITY_LIMIT ACCEL=6000 ACCEL_TO_DECEL=3000
G1 F4843
G1 X123.46 Y151.87 E1.88983
G1 X125.525 Y153.164 E.07918
G1 X127.982 Y151.003 E.10633
G1 X91.2 Y114.221 E1.6903
G1 X91.219 Y115.027 E.0262
G1 X97.587 Y108.659 E.29266
G1 X102.019 Y111.903 E.17847
G1 X91.392 Y122.53 E.48837
G1 X91.381 Y122.078 E.01469
G1 X117.335 Y148.032 E1.1927
G1 X118.741 Y148.913 E.0539
G1 X133.041 Y134.613 E.65716
G1 X135.413 Y136.349 E.09552
G1 X135.915 Y135.908 E.02172
G1 X140.237 Y140.229 E.19861
G1 X141.459 Y139.154 E.05291
SET_VELOCITY_LIMIT ACCEL=8000 ACCEL_TO_DECEL=4000
G1 X155.353 Y126.94 F24000
SET_VELOCITY_LIMIT ACCEL=6000 ACCEL_TO_DECEL=3000
G1 F4843
G1 X156.576 Y125.865 E.05291
G1 X148.711 Y118 E.36142
G1 X144.626 Y121.591 E.17674
G1 X152.491 Y129.456 E.36142
G1 X151.268 Y130.531 E.05291
SET_VELOCITY_LIMIT ACCEL=8000 ACCEL_TO_DECEL=4000
G1 X152.796 Y114.409 F24000
SET_VELOCITY_LIMIT ACCEL=6000 ACCEL_TO_DECEL=3000
G1 F4843
G1 X160.66 Y122.274 E.36142
G1 X161.253 Y121.753 E.02564
G1 X168.175 Y114.831 E.31808
G1 X165.3 Y111.562 E.14146
G1 X160.965 Y107.227 E.19921
G1 X159.742 Y108.302 E.05291
G1 E-.8 F2400
;WIPE_START
G1 F6141.304
G1 X160.965 Y107.227
G1 X161.228 Y107.489
;WIPE_END
SET_VELOCITY_LIMIT ACCEL=8000 ACCEL_TO_DECEL=4000
G1 X153.769 Y109.105 Z14.8 F24000
G1 X110.882 Y118.391 Z14.8
G1 Z14.4
G1 E.8 F2400
SET_VELOCITY_LIMIT ACCEL=6000 ACCEL_TO_DECEL=3000
G1 F4843
G1 X94.58 Y134.694 E.74917
G1 X92.952 Y134.731 E.05291
SET_VELOCITY_LIMIT ACCEL=8000 ACCEL_TO_DECEL=4000
G1 X91.083 Y109.152 F24000
SET_VELOCITY_LIMIT ACCEL=6000 ACCEL_TO_DECEL=3000
G1 F4843
G1 X91.046 Y107.524 E.05291
G1 X91.922 Y106.648 E.04025
G1 X91.317 Y106.662 E.01964
G1 X132.067 Y147.412 E1.87263
G1 X136.152 Y143.821 E.17674
G1 X110.286 Y117.955 E1.18866
G1 X106.451 Y115.147 E.15445
G1 X91.565 Y130.033 E.68408
G1 X91.562 Y129.935 E.00318
G1 X96.777 Y135.15 E.23963
G1 X99.865 Y137.085 E.11842
G1 X115.314 Y121.636 E.70996
G1 X119.746 Y124.88 E.17847
G1 X104.584 Y140.042 E.69676
G1 X109.303 Y142.999 E.18096
G1 X124.178 Y128.124 E.68356
G1 X128.609 Y131.368 E.17847
G1 X114.022 Y145.956 E.67036
G1 X112.642 Y145.091 E.05291
;TIME_ELAPSED:1371.384521

;LAYER_CHANGE
;:14.6
;HEIGHT:0.200001
;BEFORE_LAYER_CHANGE
;14.6
G92 E0

G1 E-.8 F2400
;WIPE_START
G1 F6141.304
G1 X114.022 Y145.956
G1 X114.285 Y145.693
;WIPE_END
EXCLUDE_OBJECT_END NAME=arm.stl_id_0_copy_0
;_SET_FAN_SPEED_CHANGING_LAYER
; OBJECT_ID: 15
EXCLUDE_OBJECT_START NAME=arm.stl_id_0_copy_0
SET_VELOCITY_LIMIT ACCEL=8000 ACCEL_TO_DECEL=4000
G1 X120.815 Y141.742 Z14.8 F24000
G1 X142.45 Y128.655 Z14.8
G1 Z14.6
G1 E.8 F2400
SET_VELOCITY_LIMIT ACCEL=4000 ACCEL_TO_DECEL=2000 SQUARE_CORNER_VELOCITY=6
;TYPE:Inner wall
G1 F4835
G1 X139.666 Y125.488 E.13699
G1 X161.292 Y106.475 E.93572
G1 X169.081 Y115.334 E.3833
G1 X125.56 Y153.597 E1.88305
G1 X95.901 Y135.012 E1.13734
G1 X91.334 Y135.117 E.14845
G1 X90.67 Y106.329 E.93572
G1 X94.862 Y106.232 E.13626
G1 X135.393 Y135.903 E1.63223
G1 X142.967 Y129.244 E.32773
G1 X142.489 Y128.7 E.02353
SET_VELOCITY_LIMIT ACCEL=8000 ACCEL_TO_DECEL=4000 SQUARE_CORNER_VELOCITY=8
G1 X142.414 Y129.208 F24000
SET_VELOCITY_LIMIT ACCEL=4000 ACCEL_TO_DECEL=2000 SQUARE_CORNER_VELOCITY=6
;TYPE:Outer wall
;WIDTH:0.42
G1 F4835
G1 X139.113 Y125.453 E.1505
G1 X161.328 Y105.922 E.89036
G1 X169.634 Y115.37 E.37866
G1 X125.599 Y154.084 E1.76488
G1 X95.792 Y135.406 E1.05877
G1 X90.951 Y135.518 E.14577
G1 X90.269 Y105.946 E.89036
G1 X94.986 Y105.837 E.14203
G1 X135.37 Y135.4 E1.50647
G1 X142.369 Y129.248 E.28049
G1 E-.8 F2400
;WIPE_START
G1 F6629.9
G1 X141.067 Y127.73
;WIPE_END
SET_VELOCITY_LIMIT ACCEL=8000 ACCEL_TO_DECEL=4000 SQUARE_CORNER_VELOCITY=8
G1 X141.222 Y131.241 Z15 F24000
G1 Z14.6
G1 E.8 F2400
SET_VELOCITY_LIMIT ACCEL=6000 ACCEL_TO_DECEL=3000
;TYPE:Sparse infill
;WIDTH:0.45
M73 P58 R15
G1 F4835
G1 X140 Y132.317 E.05291
G1 X144.321 Y136.638 E.19861
G1 X140.237 Y140.229 E.17674
G1 X135.915 Y135.908 E.19861
G1 X135.413 Y136.349 E.02172
G1 X133.041 Y134.613 E.09552
G1 X118.741 Y148.913 E.65716
G1 X117.335 Y148.032 E.0539
G1 X91.381 Y122.078 E1.1927
G1 X91.392 Y122.53 E.01469
G1 X102.019 Y111.903 E.48837
M73 P59 R15
G1 X97.587 Y108.659 E.17847
G1 X91.219 Y115.027 E.29266
G1 X91.2 Y114.221 E.0262
G1 X127.982 Y151.003 E1.6903
G1 X125.525 Y153.164 E.10633
G1 X123.46 Y151.87 E.07918
G1 X164.583 Y110.746 E1.88982
SET_VELOCITY_LIMIT ACCEL=8000 ACCEL_TO_DECEL=4000
G1 X159.742 Y108.302 F24000
SET_VELOCITY_LIMIT ACCEL=6000 ACCEL_TO_DECEL=3000
G1 F4835
G1 X160.965 Y107.227 E.05291
G1 X165.3 Y111.562 E.19921
G1 X168.175 Y114.831 E.14146
G1 X161.253 Y121.753 E.31808
G1 X160.66 Y122.274 E.02564
G1 X152.796 Y114.409 E.36142
SET_VELOCITY_LIMIT ACCEL=8000 ACCEL_TO_DECEL=4000
G1 X155.353 Y126.94 F24000
SET_VELOCITY_LIMIT ACCEL=6000 ACCEL_TO_DECEL=3000
G1 F4835
G1 X156.576 Y125.865 E.05291
G1 X148.711 Y118 E.36142
G1 X144.626 Y121.591 E.17674
G1 X152.491 Y129.456 E.36142
G1 X148.406 Y133.047 E.17674
G1 X140.541 Y125.183 E.36142
G1 X140.158 Y125.52 E.01661
G1 X141.082 Y126.572 E.0455
G1 X156.511 Y111.143 E.70901
G1 X156.881 Y110.818 E.01601
G1 X164.745 Y118.682 E.36142
G1 E-.8 F2400
;WIPE_START
G1 F6141.304
G1 X163.331 Y117.268
;WIPE_END
SET_VELOCITY_LIMIT ACCEL=8000 ACCEL_TO_DECEL=4000
G1 X156.64 Y120.941 Z15 F24000
G1 X112.642 Y145.091 Z15
G1 Z14.6
G1 E.8 F2400
SET_VELOCITY_LIMIT ACCEL=6000 ACCEL_TO_DECEL=3000
G1 F4835
G1 X114.022 Y145.956 E.05291
G1 X128.609 Y131.368 E.67036
G1 X124.178 Y128.124 E.17847
G1 X109.303 Y142.999 E.68356
G1 X104.584 Y140.042 E.18096
G1 X119.746 Y124.88 E.69676
G1 X115.314 Y121.636 E.17847
G1 X99.865 Y137.085 E.70996
G1 X96.777 Y135.15 E.11842
G1 X91.562 Y129.935 E.23963
G1 X91.565 Y130.033 E.00318
G1 X106.451 Y115.147 E.68408
G1 X110.286 Y117.955 E.15445
G1 X136.152 Y143.821 E1.18866
G1 X132.067 Y147.412 E.17674
G1 X91.317 Y106.662 E1.87263
G1 X91.922 Y106.648 E.01964
G1 X91.046 Y107.524 E.04025
G1 X91.083 Y109.152 E.05291
SET_VELOCITY_LIMIT ACCEL=8000 ACCEL_TO_DECEL=4000
G1 X92.952 Y134.731 F24000
SET_VELOCITY_LIMIT ACCEL=6000 ACCEL_TO_DECEL=3000
G1 F4835
G1 X94.58 Y134.694 E.05291
G1 X110.882 Y118.391 E.74917
;TIME_ELAPSED:1387.322266

;LAYER_CHANGE
;:14.8
;HEIGHT:0.2
;BEFORE_LAYER_CHANGE
;14.8
G92 E0

G1 E-.8 F2400
;WIPE_START
G1 F6141.304
G1 X109.468 Y119.806
;WIPE_END
EXCLUDE_OBJECT_END NAME=arm.stl_id_0_copy_0
;_SET_FAN_SPEED_CHANGING_LAYER
; OBJECT_ID: 15
EXCLUDE_OBJECT_START NAME=arm.stl_id_0_copy_0
SET_VELOCITY_LIMIT ACCEL=8000 ACCEL_TO_DECEL=4000
G1 X116.84 Y121.784 Z15 F24000
G1 X142.45 Y128.655 Z15
G1 Z14.8
G1 E.8 F2400
SET_VELOCITY_LIMIT ACCEL=4000 ACCEL_TO_DECEL=2000 SQUARE_CORNER_VELOCITY=6
;TYPE:Inner wall
G1 F4851
G1 X139.666 Y125.488 E.13699
G1 X161.292 Y106.475 E.93572
G1 X169.081 Y115.334 E.3833
G1 X125.56 Y153.597 E1.88305
G1 X95.901 Y135.012 E1.13734
G1 X91.334 Y135.117 E.14845
G1 X90.67 Y106.329 E.93572
G1 X94.862 Y106.232 E.13626
G1 X135.393 Y135.903 E1.63223
G1 X142.967 Y129.244 E.32773
G1 X142.489 Y128.7 E.02353
SET_VELOCITY_LIMIT ACCEL=8000 ACCEL_TO_DECEL=4000 SQUARE_CORNER_VELOCITY=8
G1 X142.414 Y129.208 F24000
SET_VELOCITY_LIMIT ACCEL=4000 ACCEL_TO_DECEL=2000 SQUARE_CORNER_VELOCITY=6
;TYPE:Outer wall
;WIDTH:0.42
G1 F4851
G1 X139.113 Y125.453 E.1505
G1 X161.328 Y105.922 E.89036
G1 X169.634 Y115.37 E.37866
G1 X125.599 Y154.084 E1.76488
G1 X95.792 Y135.406 E1.05877
G1 X90.951 Y135.518 E.14577
G1 X90.269 Y105.946 E.89036
G1 X94.986 Y105.837 E.14203
G1 X135.37 Y135.4 E1.50647
G1 X142.369 Y129.248 E.28049
G1 E-.8 F2400
;WIPE_START
G1 F6629.9
G1 X141.067 Y127.73
;WIPE_END
SET_VELOCITY_LIMIT ACCEL=8000 ACCEL_TO_DECEL=4000 SQUARE_CORNER_VELOCITY=8
G1 X146.11 Y122.001 Z15.2 F24000
G1 X152.796 Y114.409 Z15.2
G1 Z14.8
G1 E.8 F2400
SET_VELOCITY_LIMIT ACCEL=6000 ACCEL_TO_DECEL=3000
;TYPE:Sparse infill
;WIDTH:0.45
G1 F4851
G1 X160.66 Y122.274 E.36142
G1 X161.253 Y121.753 E.02564
G1 X168.175 Y114.831 E.31808
G1 X165.3 Y111.562 E.14146
G1 X160.965 Y107.227 E.19921
G1 X159.742 Y108.302 E.05291
SET_VELOCITY_LIMIT ACCEL=8000 ACCEL_TO_DECEL=4000
G1 X164.583 Y110.746 F24000
SET_VELOCITY_LIMIT ACCEL=6000 ACCEL_TO_DECEL=3000
G1 F4851
G1 X123.46 Y151.87 E1.88982
G1 X125.525 Y153.164 E.07918
G1 X127.982 Y151.003 E.10633
G1 X91.2 Y114.221 E1.6903
G1 X91.219 Y115.027 E.0262
G1 X97.587 Y108.659 E.29266
G1 X102.019 Y111.903 E.17847
G1 X91.392 Y122.53 E.48837
G1 X91.381 Y122.078 E.01469
G1 X117.335 Y148.032 E1.1927
G1 X118.741 Y148.913 E.0539
G1 X133.041 Y134.613 E.65716
G1 X135.413 Y136.349 E.09552
G1 X135.915 Y135.908 E.02172
G1 X140.237 Y140.229 E.19861
G1 X144.321 Y136.638 E.17674
G1 X140 Y132.317 E.19861
G1 X141.222 Y131.241 E.05291
SET_VELOCITY_LIMIT ACCEL=8000 ACCEL_TO_DECEL=4000
G1 X164.745 Y118.682 F24000
SET_VELOCITY_LIMIT ACCEL=6000 ACCEL_TO_DECEL=3000
G1 F4851
G1 X156.881 Y110.818 E.36142
G1 X156.511 Y111.143 E.01601
G1 X141.082 Y126.572 E.70901
G1 X140.158 Y125.52 E.0455
G1 X140.541 Y125.183 E.01661
G1 X148.406 Y133.047 E.36142
G1 X152.491 Y129.456 E.17674
G1 X144.626 Y121.591 E.36142
G1 X148.711 Y118 E.17674
G1 X156.576 Y125.865 E.36142
G1 X155.353 Y126.94 E.05291
G1 E-.8 F2400
;WIPE_START
G1 F6141.304
G1 X156.576 Y125.865
G1 X156.313 Y125.602
;WIPE_END
SET_VELOCITY_LIMIT ACCEL=8000 ACCEL_TO_DECEL=4000
G1 X148.775 Y124.406 Z15.2 F24000
G1 X110.882 Y118.391 Z15.2
G1 Z14.8
G1 E.8 F2400
SET_VELOCITY_LIMIT ACCEL=6000 ACCEL_TO_DECEL=3000
G1 F4851
G1 X94.58 Y134.694 E.74917
G1 X92.952 Y134.731 E.05291
SET_VELOCITY_LIMIT ACCEL=8000 ACCEL_TO_DECEL=4000
G1 X91.083 Y109.152 F24000
SET_VELOCITY_LIMIT ACCEL=6000 ACCEL_TO_DECEL=3000
G1 F4851
G1 X91.046 Y107.524 E.05291
G1 X91.922 Y106.648 E.04025
G1 X91.317 Y106.662 E.01964
G1 X132.067 Y147.412 E1.87263
G1 X136.152 Y143.821 E.17674
G1 X110.286 Y117.955 E1.18866
G1 X106.451 Y115.147 E.15445
G1 X91.565 Y130.033 E.68408
G1 X91.562 Y129.935 E.00318
G1 X96.777 Y135.15 E.23963
G1 X99.865 Y137.085 E.11842
G1 X115.314 Y121.636 E.70996
G1 X119.746 Y124.88 E.17847
G1 X104.584 Y140.042 E.69676
G1 X109.303 Y142.999 E.18096
G1 X124.178 Y128.124 E.68356
M73 P60 R15
G1 X128.609 Y131.368 E.17847
G1 X114.022 Y145.956 E.67036
G1 X112.642 Y145.091 E.05291
;TIME_ELAPSED:1403.156738

;LAYER_CHANGE
;:15
;HEIGHT:0.2
;BEFORE_LAYER_CHANGE
;15
G92 E0

G1 E-.8 F2400
;WIPE_START
G1 F6141.304
G1 X114.022 Y145.956
G1 X114.285 Y145.693
;WIPE_END
EXCLUDE_OBJECT_END NAME=arm.stl_id_0_copy_0
;_SET_FAN_SPEED_CHANGING_LAYER
; OBJECT_ID: 15
EXCLUDE_OBJECT_START NAME=arm.stl_id_0_copy_0
SET_VELOCITY_LIMIT ACCEL=8000 ACCEL_TO_DECEL=4000
G1 X120.815 Y141.742 Z15.2 F24000
G1 X142.45 Y128.655 Z15.2
G1 Z15
G1 E.8 F2400
SET_VELOCITY_LIMIT ACCEL=4000 ACCEL_TO_DECEL=2000 SQUARE_CORNER_VELOCITY=6
;TYPE:Inner wall
G1 F4835
G1 X139.666 Y125.488 E.13699
G1 X161.292 Y106.475 E.93572
G1 X169.081 Y115.334 E.3833
G1 X125.56 Y153.597 E1.88305
G1 X95.901 Y135.012 E1.13734
G1 X91.334 Y135.117 E.14845
G1 X90.67 Y106.329 E.93572
G1 X94.862 Y106.232 E.13626
G1 X135.393 Y135.903 E1.63223
G1 X142.967 Y129.244 E.32773
G1 X142.489 Y128.7 E.02353
SET_VELOCITY_LIMIT ACCEL=8000 ACCEL_TO_DECEL=4000 SQUARE_CORNER_VELOCITY=8
G1 X142.414 Y129.208 F24000
SET_VELOCITY_LIMIT ACCEL=4000 ACCEL_TO_DECEL=2000 SQUARE_CORNER_VELOCITY=6
;TYPE:Outer wall
;WIDTH:0.42
G1 F4835
G1 X139.113 Y125.453 E.1505
G1 X161.328 Y105.922 E.89036
G1 X169.634 Y115.37 E.37866
G1 X125.599 Y154.084 E1.76488
G1 X95.792 Y135.406 E1.05877
G1 X90.951 Y135.518 E.14577
G1 X90.269 Y105.946 E.89036
G1 X94.986 Y105.837 E.14203
G1 X135.37 Y135.4 E1.50647
G1 X142.369 Y129.248 E.28049
G1 E-.8 F2400
;WIPE_START
G1 F6629.9
G1 X141.067 Y127.73
;WIPE_END
SET_VELOCITY_LIMIT ACCEL=8000 ACCEL_TO_DECEL=4000 SQUARE_CORNER_VELOCITY=8
G1 X141.222 Y131.241 Z15.4 F24000
G1 Z15
G1 E.8 F2400
SET_VELOCITY_LIMIT ACCEL=6000 ACCEL_TO_DECEL=3000
;TYPE:Sparse infill
;WIDTH:0.45
G1 F4835
G1 X140 Y132.317 E.05291
G1 X144.321 Y136.638 E.19861
G1 X140.237 Y140.229 E.17674
G1 X135.915 Y135.908 E.19861
G1 X135.413 Y136.349 E.02172
G1 X133.041 Y134.613 E.09552
G1 X118.741 Y148.913 E.65716
G1 X117.335 Y148.032 E.0539
G1 X91.381 Y122.078 E1.1927
G1 X91.392 Y122.53 E.01469
G1 X102.019 Y111.903 E.48837
G1 X97.587 Y108.659 E.17847
G1 X91.219 Y115.027 E.29266
G1 X91.2 Y114.221 E.0262
G1 X127.982 Y151.003 E1.6903
G1 X125.525 Y153.164 E.10633
G1 X123.46 Y151.87 E.07918
G1 X164.583 Y110.746 E1.88982
SET_VELOCITY_LIMIT ACCEL=8000 ACCEL_TO_DECEL=4000
G1 X159.742 Y108.302 F24000
SET_VELOCITY_LIMIT ACCEL=6000 ACCEL_TO_DECEL=3000
G1 F4835
G1 X160.965 Y107.227 E.05291
G1 X165.3 Y111.562 E.19921
G1 X168.175 Y114.831 E.14146
G1 X161.253 Y121.753 E.31808
G1 X160.66 Y122.274 E.02564
G1 X152.796 Y114.409 E.36142
SET_VELOCITY_LIMIT ACCEL=8000 ACCEL_TO_DECEL=4000
G1 X155.353 Y126.94 F24000
SET_VELOCITY_LIMIT ACCEL=6000 ACCEL_TO_DECEL=3000
G1 F4835
G1 X156.576 Y125.865 E.05291
G1 X148.711 Y118 E.36142
G1 X144.626 Y121.591 E.17674
G1 X152.491 Y129.456 E.36142
G1 X148.406 Y133.047 E.17674
G1 X140.541 Y125.183 E.36142
G1 X140.158 Y125.52 E.01661
G1 X141.082 Y126.572 E.0455
G1 X156.511 Y111.143 E.70901
G1 X156.881 Y110.818 E.01601
G1 X164.745 Y118.682 E.36142
G1 E-.8 F2400
;WIPE_START
G1 F6141.304
G1 X163.331 Y117.268
;WIPE_END
SET_VELOCITY_LIMIT ACCEL=8000 ACCEL_TO_DECEL=4000
G1 X156.64 Y120.941 Z15.4 F24000
G1 X112.642 Y145.091 Z15.4
G1 Z15
G1 E.8 F2400
SET_VELOCITY_LIMIT ACCEL=6000 ACCEL_TO_DECEL=3000
G1 F4835
G1 X114.022 Y145.956 E.05291
G1 X128.609 Y131.368 E.67036
G1 X124.178 Y128.124 E.17847
G1 X109.303 Y142.999 E.68356
G1 X104.584 Y140.042 E.18096
G1 X119.746 Y124.88 E.69676
G1 X115.314 Y121.636 E.17847
G1 X99.865 Y137.085 E.70996
G1 X96.777 Y135.15 E.11842
G1 X91.562 Y129.935 E.23963
G1 X91.565 Y130.033 E.00318
G1 X106.451 Y115.147 E.68408
G1 X110.286 Y117.955 E.15445
G1 X136.152 Y143.821 E1.18866
G1 X132.067 Y147.412 E.17674
G1 X91.317 Y106.662 E1.87263
G1 X91.922 Y106.648 E.01964
G1 X91.046 Y107.524 E.04025
G1 X91.083 Y109.152 E.05291
SET_VELOCITY_LIMIT ACCEL=8000 ACCEL_TO_DECEL=4000
G1 X92.952 Y134.731 F24000
SET_VELOCITY_LIMIT ACCEL=6000 ACCEL_TO_DECEL=3000
G1 F4835
G1 X94.58 Y134.694 E.05291
G1 X110.882 Y118.391 E.74917
;TIME_ELAPSED:1419.093872

;LAYER_CHANGE
;:15.2
;HEIGHT:0.2
;BEFORE_LAYER_CHANGE
;15.2
G92 E0

G1 E-.8 F2400
;WIPE_START
G1 F6141.304
G1 X109.468 Y119.806
;WIPE_END
EXCLUDE_OBJECT_END NAME=arm.stl_id_0_copy_0
;_SET_FAN_SPEED_CHANGING_LAYER
; OBJECT_ID: 15
EXCLUDE_OBJECT_START NAME=arm.stl_id_0_copy_0
SET_VELOCITY_LIMIT ACCEL=8000 ACCEL_TO_DECEL=4000
G1 X116.84 Y121.784 Z15.4 F24000
G1 X142.45 Y128.655 Z15.4
G1 Z15.2
G1 E.8 F2400
SET_VELOCITY_LIMIT ACCEL=4000 ACCEL_TO_DECEL=2000 SQUARE_CORNER_VELOCITY=6
;TYPE:Inner wall
G1 F4843
G1 X139.666 Y125.488 E.13699
G1 X161.292 Y106.475 E.93572
G1 X169.081 Y115.334 E.3833
G1 X125.56 Y153.597 E1.88305
G1 X95.901 Y135.012 E1.13734
G1 X91.334 Y135.117 E.14845
G1 X90.67 Y106.329 E.93572
G1 X94.862 Y106.232 E.13626
G1 X135.393 Y135.903 E1.63223
G1 X142.967 Y129.244 E.32773
G1 X142.489 Y128.7 E.02353
SET_VELOCITY_LIMIT ACCEL=8000 ACCEL_TO_DECEL=4000 SQUARE_CORNER_VELOCITY=8
G1 X142.414 Y129.208 F24000
SET_VELOCITY_LIMIT ACCEL=4000 ACCEL_TO_DECEL=2000 SQUARE_CORNER_VELOCITY=6
;TYPE:Outer wall
;WIDTH:0.42
G1 F4843
G1 X139.113 Y125.453 E.1505
G1 X161.328 Y105.922 E.89036
G1 X169.634 Y115.37 E.37866
G1 X125.599 Y154.084 E1.76488
G1 X95.792 Y135.406 E1.05877
G1 X90.951 Y135.518 E.14577
G1 X90.269 Y105.946 E.89036
G1 X94.986 Y105.837 E.14203
G1 X135.37 Y135.4 E1.50647
G1 X142.369 Y129.248 E.28049
G1 E-.8 F2400
;WIPE_START
G1 F6629.9
G1 X141.067 Y127.73
;WIPE_END
SET_VELOCITY_LIMIT ACCEL=8000 ACCEL_TO_DECEL=4000 SQUARE_CORNER_VELOCITY=8
G1 X141.222 Y131.241 Z15.6 F24000
G1 Z15.2
G1 E.8 F2400
SET_VELOCITY_LIMIT ACCEL=6000 ACCEL_TO_DECEL=3000
;TYPE:Sparse infill
;WIDTH:0.45
M73 P61 R15
G1 F4843
G1 X140 Y132.317 E.05291
G1 X144.321 Y136.638 E.19861
G1 X148.406 Y133.047 E.17674
G1 X140.541 Y125.183 E.36142
G1 X140.158 Y125.52 E.01661
G1 X141.082 Y126.572 E.0455
G1 X156.511 Y111.143 E.70901
G1 X156.881 Y110.818 E.01601
G1 X164.745 Y118.682 E.36142
SET_VELOCITY_LIMIT ACCEL=8000 ACCEL_TO_DECEL=4000
G1 X164.584 Y110.746 F24000
SET_VELOCITY_LIMIT ACCEL=6000 ACCEL_TO_DECEL=3000
G1 F4843
G1 X123.46 Y151.87 E1.88983
G1 X125.525 Y153.164 E.07918
G1 X127.982 Y151.003 E.10633
G1 X91.2 Y114.221 E1.6903
G1 X91.219 Y115.027 E.0262
G1 X97.587 Y108.659 E.29266
G1 X102.019 Y111.903 E.17847
G1 X91.392 Y122.53 E.48837
G1 X91.381 Y122.078 E.01469
G1 X117.335 Y148.032 E1.1927
G1 X118.741 Y148.913 E.0539
G1 X133.041 Y134.613 E.65716
G1 X135.413 Y136.349 E.09552
G1 X135.915 Y135.908 E.02172
G1 X140.237 Y140.229 E.19861
G1 X141.459 Y139.154 E.05291
SET_VELOCITY_LIMIT ACCEL=8000 ACCEL_TO_DECEL=4000
G1 X155.353 Y126.94 F24000
SET_VELOCITY_LIMIT ACCEL=6000 ACCEL_TO_DECEL=3000
G1 F4843
G1 X156.576 Y125.865 E.05291
G1 X148.711 Y118 E.36142
G1 X144.626 Y121.591 E.17674
G1 X152.491 Y129.456 E.36142
G1 X151.268 Y130.531 E.05291
SET_VELOCITY_LIMIT ACCEL=8000 ACCEL_TO_DECEL=4000
G1 X152.796 Y114.409 F24000
SET_VELOCITY_LIMIT ACCEL=6000 ACCEL_TO_DECEL=3000
G1 F4843
G1 X160.66 Y122.274 E.36142
G1 X161.253 Y121.753 E.02564
G1 X168.175 Y114.831 E.31808
G1 X165.3 Y111.562 E.14146
G1 X160.965 Y107.227 E.19921
G1 X159.742 Y108.302 E.05291
G1 E-.8 F2400
;WIPE_START
G1 F6141.304
G1 X160.965 Y107.227
G1 X161.228 Y107.489
;WIPE_END
SET_VELOCITY_LIMIT ACCEL=8000 ACCEL_TO_DECEL=4000
G1 X153.769 Y109.105 Z15.6 F24000
G1 X110.882 Y118.391 Z15.6
G1 Z15.2
G1 E.8 F2400
SET_VELOCITY_LIMIT ACCEL=6000 ACCEL_TO_DECEL=3000
G1 F4843
G1 X94.58 Y134.694 E.74917
G1 X92.952 Y134.731 E.05291
SET_VELOCITY_LIMIT ACCEL=8000 ACCEL_TO_DECEL=4000
G1 X91.083 Y109.152 F24000
SET_VELOCITY_LIMIT ACCEL=6000 ACCEL_TO_DECEL=3000
G1 F4843
G1 X91.046 Y107.524 E.05291
G1 X91.922 Y106.648 E.04025
G1 X91.317 Y106.662 E.01964
G1 X132.067 Y147.412 E1.87263
G1 X136.152 Y143.821 E.17674
G1 X110.286 Y117.955 E1.18866
G1 X106.451 Y115.147 E.15445
G1 X91.565 Y130.033 E.68408
G1 X91.562 Y129.935 E.00318
G1 X96.777 Y135.15 E.23963
G1 X99.865 Y137.085 E.11842
G1 X115.314 Y121.636 E.70996
G1 X119.746 Y124.88 E.17847
G1 X104.584 Y140.042 E.69676
G1 X109.303 Y142.999 E.18096
G1 X124.178 Y128.124 E.68356
G1 X128.609 Y131.368 E.17847
G1 X114.022 Y145.956 E.67036
G1 X112.642 Y145.091 E.05291
;TIME_ELAPSED:1435.011353

;LAYER_CHANGE
;:15.4
;HEIGHT:0.2
;BEFORE_LAYER_CHANGE
;15.4
G92 E0

G1 E-.8 F2400
;WIPE_START
G1 F6141.304
G1 X114.022 Y145.956
G1 X114.285 Y145.693
;WIPE_END
EXCLUDE_OBJECT_END NAME=arm.stl_id_0_copy_0
;_SET_FAN_SPEED_CHANGING_LAYER
; OBJECT_ID: 15
EXCLUDE_OBJECT_START NAME=arm.stl_id_0_copy_0
SET_VELOCITY_LIMIT ACCEL=8000 ACCEL_TO_DECEL=4000
G1 X120.815 Y141.742 Z15.6 F24000
G1 X142.45 Y128.655 Z15.6
G1 Z15.4
G1 E.8 F2400
SET_VELOCITY_LIMIT ACCEL=4000 ACCEL_TO_DECEL=2000 SQUARE_CORNER_VELOCITY=6
;TYPE:Inner wall
G1 F4835
G1 X139.666 Y125.488 E.13699
G1 X161.292 Y106.475 E.93572
G1 X169.081 Y115.334 E.3833
G1 X125.56 Y153.597 E1.88305
G1 X95.901 Y135.012 E1.13734
G1 X91.334 Y135.117 E.14845
G1 X90.67 Y106.329 E.93572
G1 X94.862 Y106.232 E.13626
G1 X135.393 Y135.903 E1.63223
G1 X142.967 Y129.244 E.32773
G1 X142.489 Y128.7 E.02353
SET_VELOCITY_LIMIT ACCEL=8000 ACCEL_TO_DECEL=4000 SQUARE_CORNER_VELOCITY=8
M73 P61 R14
G1 X142.414 Y129.208 F24000
SET_VELOCITY_LIMIT ACCEL=4000 ACCEL_TO_DECEL=2000 SQUARE_CORNER_VELOCITY=6
;TYPE:Outer wall
;WIDTH:0.42
G1 F4835
G1 X139.113 Y125.453 E.1505
G1 X161.328 Y105.922 E.89036
G1 X169.634 Y115.37 E.37866
G1 X125.599 Y154.084 E1.76488
G1 X95.792 Y135.406 E1.05877
G1 X90.951 Y135.518 E.14577
G1 X90.269 Y105.946 E.89036
G1 X94.986 Y105.837 E.14203
G1 X135.37 Y135.4 E1.50647
G1 X142.369 Y129.248 E.28049
G1 E-.8 F2400
;WIPE_START
G1 F6629.9
G1 X141.067 Y127.73
;WIPE_END
SET_VELOCITY_LIMIT ACCEL=8000 ACCEL_TO_DECEL=4000 SQUARE_CORNER_VELOCITY=8
G1 X141.222 Y131.241 Z15.8 F24000
G1 Z15.4
G1 E.8 F2400
SET_VELOCITY_LIMIT ACCEL=6000 ACCEL_TO_DECEL=3000
;TYPE:Sparse infill
;WIDTH:0.45
G1 F4835
G1 X140 Y132.317 E.05291
G1 X144.321 Y136.638 E.19861
G1 X140.237 Y140.229 E.17674
G1 X135.915 Y135.908 E.19861
G1 X135.413 Y136.349 E.02172
G1 X133.041 Y134.613 E.09552
G1 X118.741 Y148.913 E.65716
G1 X117.335 Y148.032 E.0539
G1 X91.381 Y122.078 E1.1927
G1 X91.392 Y122.53 E.01469
G1 X102.019 Y111.903 E.48837
G1 X97.587 Y108.659 E.17847
G1 X91.219 Y115.027 E.29266
G1 X91.2 Y114.221 E.0262
G1 X127.982 Y151.003 E1.6903
G1 X125.525 Y153.164 E.10633
G1 X123.46 Y151.87 E.07918
G1 X164.583 Y110.746 E1.88982
SET_VELOCITY_LIMIT ACCEL=8000 ACCEL_TO_DECEL=4000
G1 X159.742 Y108.302 F24000
SET_VELOCITY_LIMIT ACCEL=6000 ACCEL_TO_DECEL=3000
G1 F4835
G1 X160.965 Y107.227 E.05291
G1 X165.3 Y111.562 E.19921
G1 X168.175 Y114.831 E.14146
G1 X161.253 Y121.753 E.31808
G1 X160.66 Y122.274 E.02564
G1 X152.796 Y114.409 E.36142
SET_VELOCITY_LIMIT ACCEL=8000 ACCEL_TO_DECEL=4000
G1 X155.353 Y126.94 F24000
SET_VELOCITY_LIMIT ACCEL=6000 ACCEL_TO_DECEL=3000
G1 F4835
G1 X156.576 Y125.865 E.05291
G1 X148.711 Y118 E.36142
G1 X144.626 Y121.591 E.17674
G1 X152.491 Y129.456 E.36142
G1 X148.406 Y133.047 E.17674
G1 X140.541 Y125.183 E.36142
G1 X140.158 Y125.52 E.01661
G1 X141.082 Y126.572 E.0455
G1 X156.511 Y111.143 E.70901
G1 X156.881 Y110.818 E.01601
G1 X164.745 Y118.682 E.36142
G1 E-.8 F2400
;WIPE_START
G1 F6141.304
G1 X163.331 Y117.268
;WIPE_END
SET_VELOCITY_LIMIT ACCEL=8000 ACCEL_TO_DECEL=4000
G1 X156.64 Y120.941 Z15.8 F24000
G1 X112.642 Y145.091 Z15.8
G1 Z15.4
G1 E.8 F2400
SET_VELOCITY_LIMIT ACCEL=6000 ACCEL_TO_DECEL=3000
G1 F4835
G1 X114.022 Y145.956 E.05291
G1 X128.609 Y131.368 E.67036
G1 X124.178 Y128.124 E.17847
G1 X109.303 Y142.999 E.68356
G1 X104.584 Y140.042 E.18096
G1 X119.746 Y124.88 E.69676
G1 X115.314 Y121.636 E.17847
G1 X99.865 Y137.085 E.70996
G1 X96.777 Y135.15 E.11842
G1 X91.562 Y129.935 E.23963
G1 X91.565 Y130.033 E.00318
G1 X106.451 Y115.147 E.68408
G1 X110.286 Y117.955 E.15445
G1 X136.152 Y143.821 E1.18866
G1 X132.067 Y147.412 E.17674
G1 X91.317 Y106.662 E1.87263
M73 P62 R14
G1 X91.922 Y106.648 E.01964
G1 X91.046 Y107.524 E.04025
G1 X91.083 Y109.152 E.05291
SET_VELOCITY_LIMIT ACCEL=8000 ACCEL_TO_DECEL=4000
G1 X92.952 Y134.731 F24000
SET_VELOCITY_LIMIT ACCEL=6000 ACCEL_TO_DECEL=3000
G1 F4835
G1 X94.58 Y134.694 E.05291
G1 X110.882 Y118.391 E.74917
;TIME_ELAPSED:1450.949097

;LAYER_CHANGE
;:15.6
;HEIGHT:0.200001
;BEFORE_LAYER_CHANGE
;15.6
G92 E0

G1 E-.8 F2400
;WIPE_START
G1 F6141.304
G1 X109.468 Y119.806
;WIPE_END
EXCLUDE_OBJECT_END NAME=arm.stl_id_0_copy_0
;_SET_FAN_SPEED_CHANGING_LAYER
; OBJECT_ID: 15
EXCLUDE_OBJECT_START NAME=arm.stl_id_0_copy_0
SET_VELOCITY_LIMIT ACCEL=8000 ACCEL_TO_DECEL=4000
G1 X116.84 Y121.784 Z15.8 F24000
G1 X142.45 Y128.655 Z15.8
G1 Z15.6
G1 E.8 F2400
SET_VELOCITY_LIMIT ACCEL=4000 ACCEL_TO_DECEL=2000 SQUARE_CORNER_VELOCITY=6
;TYPE:Inner wall
G1 F4851
G1 X139.666 Y125.488 E.13699
G1 X161.292 Y106.475 E.93572
G1 X169.081 Y115.334 E.3833
G1 X125.56 Y153.597 E1.88305
G1 X95.901 Y135.012 E1.13734
G1 X91.334 Y135.117 E.14845
G1 X90.67 Y106.329 E.93572
G1 X94.862 Y106.232 E.13626
G1 X135.393 Y135.903 E1.63223
G1 X142.967 Y129.244 E.32773
G1 X142.489 Y128.7 E.02353
SET_VELOCITY_LIMIT ACCEL=8000 ACCEL_TO_DECEL=4000 SQUARE_CORNER_VELOCITY=8
G1 X142.414 Y129.208 F24000
SET_VELOCITY_LIMIT ACCEL=4000 ACCEL_TO_DECEL=2000 SQUARE_CORNER_VELOCITY=6
;TYPE:Outer wall
;WIDTH:0.42
G1 F4851
G1 X139.113 Y125.453 E.1505
G1 X161.328 Y105.922 E.89036
G1 X169.634 Y115.37 E.37866
G1 X125.599 Y154.084 E1.76488
G1 X95.792 Y135.406 E1.05877
G1 X90.951 Y135.518 E.14577
G1 X90.269 Y105.946 E.89036
G1 X94.986 Y105.837 E.14203
G1 X135.37 Y135.4 E1.50647
G1 X142.369 Y129.248 E.28049
G1 E-.8 F2400
;WIPE_START
G1 F6629.9
G1 X141.067 Y127.73
;WIPE_END
SET_VELOCITY_LIMIT ACCEL=8000 ACCEL_TO_DECEL=4000 SQUARE_CORNER_VELOCITY=8
G1 X146.11 Y122.001 Z16 F24000
G1 X152.796 Y114.409 Z16
G1 Z15.6
G1 E.8 F2400
SET_VELOCITY_LIMIT ACCEL=6000 ACCEL_TO_DECEL=3000
;TYPE:Sparse infill
;WIDTH:0.45
G1 F4851
G1 X160.66 Y122.274 E.36142
G1 X161.253 Y121.753 E.02564
G1 X168.175 Y114.831 E.31808
G1 X165.3 Y111.562 E.14146
G1 X160.965 Y107.227 E.19921
G1 X159.742 Y108.302 E.05291
SET_VELOCITY_LIMIT ACCEL=8000 ACCEL_TO_DECEL=4000
G1 X164.583 Y110.746 F24000
SET_VELOCITY_LIMIT ACCEL=6000 ACCEL_TO_DECEL=3000
G1 F4851
G1 X123.46 Y151.87 E1.88982
G1 X125.525 Y153.164 E.07918
G1 X127.982 Y151.003 E.10633
G1 X91.2 Y114.221 E1.6903
G1 X91.219 Y115.027 E.0262
G1 X97.587 Y108.659 E.29266
G1 X102.019 Y111.903 E.17847
G1 X91.392 Y122.53 E.48837
G1 X91.381 Y122.078 E.01469
G1 X117.335 Y148.032 E1.1927
G1 X118.741 Y148.913 E.0539
G1 X133.041 Y134.613 E.65716
G1 X135.413 Y136.349 E.09552
G1 X135.915 Y135.908 E.02172
G1 X140.237 Y140.229 E.19861
G1 X144.321 Y136.638 E.17674
G1 X140 Y132.317 E.19861
G1 X141.222 Y131.241 E.05291
SET_VELOCITY_LIMIT ACCEL=8000 ACCEL_TO_DECEL=4000
G1 X164.745 Y118.682 F24000
SET_VELOCITY_LIMIT ACCEL=6000 ACCEL_TO_DECEL=3000
G1 F4851
G1 X156.881 Y110.818 E.36142
G1 X156.511 Y111.143 E.01601
G1 X141.082 Y126.572 E.70901
G1 X140.158 Y125.52 E.0455
G1 X140.541 Y125.183 E.01661
G1 X148.406 Y133.047 E.36142
G1 X152.491 Y129.456 E.17674
G1 X144.626 Y121.591 E.36142
G1 X148.711 Y118 E.17674
G1 X156.576 Y125.865 E.36142
G1 X155.353 Y126.94 E.05291
G1 E-.8 F2400
;WIPE_START
G1 F6141.304
G1 X156.576 Y125.865
G1 X156.313 Y125.602
;WIPE_END
SET_VELOCITY_LIMIT ACCEL=8000 ACCEL_TO_DECEL=4000
G1 X148.775 Y124.406 Z16 F24000
G1 X110.882 Y118.391 Z16
G1 Z15.6
G1 E.8 F2400
SET_VELOCITY_LIMIT ACCEL=6000 ACCEL_TO_DECEL=3000
G1 F4851
G1 X94.58 Y134.694 E.74917
G1 X92.952 Y134.731 E.05291
SET_VELOCITY_LIMIT ACCEL=8000 ACCEL_TO_DECEL=4000
G1 X91.083 Y109.152 F24000
SET_VELOCITY_LIMIT ACCEL=6000 ACCEL_TO_DECEL=3000
G1 F4851
G1 X91.046 Y107.524 E.05291
G1 X91.922 Y106.648 E.04025
G1 X91.317 Y106.662 E.01964
G1 X132.067 Y147.412 E1.87263
G1 X136.152 Y143.821 E.17674
G1 X110.286 Y117.955 E1.18866
G1 X106.451 Y115.147 E.15445
G1 X91.565 Y130.033 E.68408
G1 X91.562 Y129.935 E.00318
G1 X96.777 Y135.15 E.23963
G1 X99.865 Y137.085 E.11842
G1 X115.314 Y121.636 E.70996
G1 X119.746 Y124.88 E.17847
G1 X104.584 Y140.042 E.69676
G1 X109.303 Y142.999 E.18096
G1 X124.178 Y128.124 E.68356
G1 X128.609 Y131.368 E.17847
G1 X114.022 Y145.956 E.67036
G1 X112.642 Y145.091 E.05291
;TIME_ELAPSED:1466.783569

;LAYER_CHANGE
;:15.8
;HEIGHT:0.2
;BEFORE_LAYER_CHANGE
;15.8
G92 E0

G1 E-.8 F2400
;WIPE_START
G1 F6141.304
G1 X114.022 Y145.956
G1 X114.285 Y145.693
;WIPE_END
EXCLUDE_OBJECT_END NAME=arm.stl_id_0_copy_0
;_SET_FAN_SPEED_CHANGING_LAYER
; OBJECT_ID: 15
EXCLUDE_OBJECT_START NAME=arm.stl_id_0_copy_0
SET_VELOCITY_LIMIT ACCEL=8000 ACCEL_TO_DECEL=4000
G1 X120.815 Y141.742 Z16 F24000
G1 X142.45 Y128.655 Z16
G1 Z15.8
G1 E.8 F2400
SET_VELOCITY_LIMIT ACCEL=4000 ACCEL_TO_DECEL=2000 SQUARE_CORNER_VELOCITY=6
;TYPE:Inner wall
G1 F4835
G1 X139.666 Y125.488 E.13699
G1 X161.292 Y106.475 E.93572
G1 X169.081 Y115.334 E.3833
G1 X125.56 Y153.597 E1.88305
G1 X95.901 Y135.012 E1.13734
G1 X91.334 Y135.117 E.14845
G1 X90.67 Y106.329 E.93572
G1 X94.862 Y106.232 E.13626
G1 X135.393 Y135.903 E1.63223
G1 X142.967 Y129.244 E.32773
G1 X142.489 Y128.7 E.02353
SET_VELOCITY_LIMIT ACCEL=8000 ACCEL_TO_DECEL=4000 SQUARE_CORNER_VELOCITY=8
G1 X142.414 Y129.208 F24000
SET_VELOCITY_LIMIT ACCEL=4000 ACCEL_TO_DECEL=2000 SQUARE_CORNER_VELOCITY=6
;TYPE:Outer wall
;WIDTH:0.42
G1 F4835
G1 X139.113 Y125.453 E.1505
G1 X161.328 Y105.922 E.89036
G1 X169.634 Y115.37 E.37866
G1 X125.599 Y154.084 E1.76488
G1 X95.792 Y135.406 E1.05877
G1 X90.951 Y135.518 E.14577
G1 X90.269 Y105.946 E.89036
G1 X94.986 Y105.837 E.14203
G1 X135.37 Y135.4 E1.50647
M73 P63 R14
G1 X142.369 Y129.248 E.28049
G1 E-.8 F2400
;WIPE_START
G1 F6629.9
G1 X141.067 Y127.73
;WIPE_END
SET_VELOCITY_LIMIT ACCEL=8000 ACCEL_TO_DECEL=4000 SQUARE_CORNER_VELOCITY=8
G1 X141.222 Y131.241 Z16.2 F24000
G1 Z15.8
G1 E.8 F2400
SET_VELOCITY_LIMIT ACCEL=6000 ACCEL_TO_DECEL=3000
;TYPE:Sparse infill
;WIDTH:0.45
G1 F4835
G1 X140 Y132.317 E.05291
G1 X144.321 Y136.638 E.19861
G1 X140.237 Y140.229 E.17674
G1 X135.915 Y135.908 E.19861
G1 X135.413 Y136.349 E.02172
G1 X133.041 Y134.613 E.09552
G1 X118.741 Y148.913 E.65716
G1 X117.335 Y148.032 E.0539
G1 X91.381 Y122.078 E1.1927
G1 X91.392 Y122.53 E.01469
G1 X102.019 Y111.903 E.48837
G1 X97.587 Y108.659 E.17847
G1 X91.219 Y115.027 E.29266
G1 X91.2 Y114.221 E.0262
G1 X127.982 Y151.003 E1.6903
G1 X125.525 Y153.164 E.10633
G1 X123.46 Y151.87 E.07918
G1 X164.583 Y110.746 E1.88982
SET_VELOCITY_LIMIT ACCEL=8000 ACCEL_TO_DECEL=4000
G1 X159.742 Y108.302 F24000
SET_VELOCITY_LIMIT ACCEL=6000 ACCEL_TO_DECEL=3000
G1 F4835
G1 X160.965 Y107.227 E.05291
G1 X165.3 Y111.562 E.19921
G1 X168.175 Y114.831 E.14146
G1 X161.253 Y121.753 E.31808
G1 X160.66 Y122.274 E.02564
G1 X152.796 Y114.409 E.36142
SET_VELOCITY_LIMIT ACCEL=8000 ACCEL_TO_DECEL=4000
G1 X155.353 Y126.94 F24000
SET_VELOCITY_LIMIT ACCEL=6000 ACCEL_TO_DECEL=3000
G1 F4835
G1 X156.576 Y125.865 E.05291
G1 X148.711 Y118 E.36142
G1 X144.626 Y121.591 E.17674
G1 X152.491 Y129.456 E.36142
G1 X148.406 Y133.047 E.17674
G1 X140.541 Y125.183 E.36142
G1 X140.158 Y125.52 E.01661
G1 X141.082 Y126.572 E.0455
G1 X156.511 Y111.143 E.70901
G1 X156.881 Y110.818 E.01601
G1 X164.745 Y118.682 E.36142
G1 E-.8 F2400
;WIPE_START
G1 F6141.304
G1 X163.331 Y117.268
;WIPE_END
SET_VELOCITY_LIMIT ACCEL=8000 ACCEL_TO_DECEL=4000
G1 X156.64 Y120.941 Z16.2 F24000
G1 X112.642 Y145.091 Z16.2
G1 Z15.8
G1 E.8 F2400
SET_VELOCITY_LIMIT ACCEL=6000 ACCEL_TO_DECEL=3000
G1 F4835
G1 X114.022 Y145.956 E.05291
G1 X128.609 Y131.368 E.67036
G1 X124.178 Y128.124 E.17847
G1 X109.303 Y142.999 E.68356
G1 X104.584 Y140.042 E.18096
G1 X119.746 Y124.88 E.69676
G1 X115.314 Y121.636 E.17847
G1 X99.865 Y137.085 E.70996
G1 X96.777 Y135.15 E.11842
G1 X91.562 Y129.935 E.23963
G1 X91.565 Y130.033 E.00318
G1 X106.451 Y115.147 E.68408
G1 X110.286 Y117.955 E.15445
G1 X136.152 Y143.821 E1.18866
G1 X132.067 Y147.412 E.17674
G1 X91.317 Y106.662 E1.87263
G1 X91.922 Y106.648 E.01964
G1 X91.046 Y107.524 E.04025
G1 X91.083 Y109.152 E.05291
SET_VELOCITY_LIMIT ACCEL=8000 ACCEL_TO_DECEL=4000
G1 X92.952 Y134.731 F24000
SET_VELOCITY_LIMIT ACCEL=6000 ACCEL_TO_DECEL=3000
G1 F4835
G1 X94.58 Y134.694 E.05291
G1 X110.882 Y118.391 E.74917
;TIME_ELAPSED:1482.720825

;LAYER_CHANGE
;:16
;HEIGHT:0.2
;BEFORE_LAYER_CHANGE
;16
G92 E0

G1 E-.8 F2400
;WIPE_START
G1 F6141.304
G1 X109.468 Y119.806
;WIPE_END
EXCLUDE_OBJECT_END NAME=arm.stl_id_0_copy_0
;_SET_FAN_SPEED_CHANGING_LAYER
; OBJECT_ID: 15
EXCLUDE_OBJECT_START NAME=arm.stl_id_0_copy_0
SET_VELOCITY_LIMIT ACCEL=8000 ACCEL_TO_DECEL=4000
G1 X116.84 Y121.784 Z16.2 F24000
G1 X142.45 Y128.655 Z16.2
G1 Z16
G1 E.8 F2400
SET_VELOCITY_LIMIT ACCEL=4000 ACCEL_TO_DECEL=2000 SQUARE_CORNER_VELOCITY=6
;TYPE:Inner wall
G1 F4843
G1 X139.666 Y125.488 E.13699
G1 X161.292 Y106.475 E.93572
G1 X169.081 Y115.334 E.3833
G1 X125.56 Y153.597 E1.88305
G1 X95.901 Y135.012 E1.13734
G1 X91.334 Y135.117 E.14845
G1 X90.67 Y106.329 E.93572
G1 X94.862 Y106.232 E.13626
G1 X135.393 Y135.903 E1.63223
G1 X142.967 Y129.244 E.32773
G1 X142.489 Y128.7 E.02353
SET_VELOCITY_LIMIT ACCEL=8000 ACCEL_TO_DECEL=4000 SQUARE_CORNER_VELOCITY=8
G1 X142.414 Y129.208 F24000
SET_VELOCITY_LIMIT ACCEL=4000 ACCEL_TO_DECEL=2000 SQUARE_CORNER_VELOCITY=6
;TYPE:Outer wall
;WIDTH:0.42
G1 F4843
G1 X139.113 Y125.453 E.1505
G1 X161.328 Y105.922 E.89036
G1 X169.634 Y115.37 E.37866
G1 X125.599 Y154.084 E1.76488
G1 X95.792 Y135.406 E1.05877
G1 X90.951 Y135.518 E.14577
G1 X90.269 Y105.946 E.89036
G1 X94.986 Y105.837 E.14203
G1 X135.37 Y135.4 E1.50647
G1 X142.369 Y129.248 E.28049
G1 E-.8 F2400
;WIPE_START
G1 F6629.9
G1 X141.067 Y127.73
;WIPE_END
SET_VELOCITY_LIMIT ACCEL=8000 ACCEL_TO_DECEL=4000 SQUARE_CORNER_VELOCITY=8
G1 X141.222 Y131.241 Z16.4 F24000
G1 Z16
G1 E.8 F2400
SET_VELOCITY_LIMIT ACCEL=6000 ACCEL_TO_DECEL=3000
;TYPE:Sparse infill
;WIDTH:0.45
G1 F4843
G1 X140 Y132.317 E.05291
G1 X144.321 Y136.638 E.19861
G1 X148.406 Y133.047 E.17674
G1 X140.541 Y125.183 E.36142
G1 X140.158 Y125.52 E.01661
G1 X141.082 Y126.572 E.0455
G1 X156.511 Y111.143 E.70901
G1 X156.881 Y110.818 E.01601
G1 X164.745 Y118.682 E.36142
SET_VELOCITY_LIMIT ACCEL=8000 ACCEL_TO_DECEL=4000
G1 X164.584 Y110.746 F24000
SET_VELOCITY_LIMIT ACCEL=6000 ACCEL_TO_DECEL=3000
G1 F4843
G1 X123.46 Y151.87 E1.88983
G1 X125.525 Y153.164 E.07918
G1 X127.982 Y151.003 E.10633
G1 X91.2 Y114.221 E1.6903
G1 X91.219 Y115.027 E.0262
G1 X97.587 Y108.659 E.29266
G1 X102.019 Y111.903 E.17847
G1 X91.392 Y122.53 E.48837
G1 X91.381 Y122.078 E.01469
G1 X117.335 Y148.032 E1.1927
G1 X118.741 Y148.913 E.0539
G1 X133.041 Y134.613 E.65716
G1 X135.413 Y136.349 E.09552
G1 X135.915 Y135.908 E.02172
G1 X140.237 Y140.229 E.19861
G1 X141.459 Y139.154 E.05291
SET_VELOCITY_LIMIT ACCEL=8000 ACCEL_TO_DECEL=4000
G1 X155.353 Y126.94 F24000
SET_VELOCITY_LIMIT ACCEL=6000 ACCEL_TO_DECEL=3000
G1 F4843
G1 X156.576 Y125.865 E.05291
G1 X148.711 Y118 E.36142
G1 X144.626 Y121.591 E.17674
G1 X152.491 Y129.456 E.36142
G1 X151.268 Y130.531 E.05291
SET_VELOCITY_LIMIT ACCEL=8000 ACCEL_TO_DECEL=4000
G1 X152.796 Y114.409 F24000
SET_VELOCITY_LIMIT ACCEL=6000 ACCEL_TO_DECEL=3000
G1 F4843
G1 X160.66 Y122.274 E.36142
G1 X161.253 Y121.753 E.02564
G1 X168.175 Y114.831 E.31808
G1 X165.3 Y111.562 E.14146
G1 X160.965 Y107.227 E.19921
G1 X159.742 Y108.302 E.05291
G1 E-.8 F2400
;WIPE_START
G1 F6141.304
G1 X160.965 Y107.227
G1 X161.228 Y107.489
;WIPE_END
SET_VELOCITY_LIMIT ACCEL=8000 ACCEL_TO_DECEL=4000
G1 X153.769 Y109.105 Z16.4 F24000
G1 X110.882 Y118.391 Z16.4
G1 Z16
G1 E.8 F2400
SET_VELOCITY_LIMIT ACCEL=6000 ACCEL_TO_DECEL=3000
G1 F4843
G1 X94.58 Y134.694 E.74917
G1 X92.952 Y134.731 E.05291
SET_VELOCITY_LIMIT ACCEL=8000 ACCEL_TO_DECEL=4000
G1 X91.083 Y109.152 F24000
SET_VELOCITY_LIMIT ACCEL=6000 ACCEL_TO_DECEL=3000
G1 F4843
G1 X91.046 Y107.524 E.05291
G1 X91.922 Y106.648 E.04025
G1 X91.317 Y106.662 E.01964
G1 X132.067 Y147.412 E1.87263
G1 X136.152 Y143.821 E.17674
G1 X110.286 Y117.955 E1.18866
M73 P64 R14
G1 X106.451 Y115.147 E.15445
G1 X91.565 Y130.033 E.68408
G1 X91.562 Y129.935 E.00318
G1 X96.777 Y135.15 E.23963
G1 X99.865 Y137.085 E.11842
G1 X115.314 Y121.636 E.70996
G1 X119.746 Y124.88 E.17847
G1 X104.584 Y140.042 E.69676
G1 X109.303 Y142.999 E.18096
G1 X124.178 Y128.124 E.68356
G1 X128.609 Y131.368 E.17847
G1 X114.022 Y145.956 E.67036
M73 P64 R13
G1 X112.642 Y145.091 E.05291
;TIME_ELAPSED:1498.638306

;LAYER_CHANGE
;:16.2
;HEIGHT:0.200001
;BEFORE_LAYER_CHANGE
;16.2
G92 E0

G1 E-.8 F2400
;WIPE_START
G1 F6141.304
G1 X114.022 Y145.956
G1 X114.285 Y145.693
;WIPE_END
EXCLUDE_OBJECT_END NAME=arm.stl_id_0_copy_0
;_SET_FAN_SPEED_CHANGING_LAYER
; OBJECT_ID: 15
EXCLUDE_OBJECT_START NAME=arm.stl_id_0_copy_0
SET_VELOCITY_LIMIT ACCEL=8000 ACCEL_TO_DECEL=4000
G1 X120.815 Y141.742 Z16.4 F24000
G1 X142.45 Y128.655 Z16.4
G1 Z16.2
G1 E.8 F2400
SET_VELOCITY_LIMIT ACCEL=4000 ACCEL_TO_DECEL=2000 SQUARE_CORNER_VELOCITY=6
;TYPE:Inner wall
G1 F4835
G1 X139.666 Y125.488 E.13699
G1 X161.292 Y106.475 E.93572
G1 X169.081 Y115.334 E.3833
G1 X125.56 Y153.597 E1.88305
G1 X95.901 Y135.012 E1.13734
G1 X91.334 Y135.117 E.14845
G1 X90.67 Y106.329 E.93572
G1 X94.862 Y106.232 E.13626
G1 X135.393 Y135.903 E1.63223
G1 X142.967 Y129.244 E.32773
G1 X142.489 Y128.7 E.02353
SET_VELOCITY_LIMIT ACCEL=8000 ACCEL_TO_DECEL=4000 SQUARE_CORNER_VELOCITY=8
G1 X142.414 Y129.208 F24000
SET_VELOCITY_LIMIT ACCEL=4000 ACCEL_TO_DECEL=2000 SQUARE_CORNER_VELOCITY=6
;TYPE:Outer wall
;WIDTH:0.42
G1 F4835
G1 X139.113 Y125.453 E.1505
G1 X161.328 Y105.922 E.89036
G1 X169.634 Y115.37 E.37866
G1 X125.599 Y154.084 E1.76488
G1 X95.792 Y135.406 E1.05877
G1 X90.951 Y135.518 E.14577
G1 X90.269 Y105.946 E.89036
G1 X94.986 Y105.837 E.14203
G1 X135.37 Y135.4 E1.50647
G1 X142.369 Y129.248 E.28049
G1 E-.8 F2400
;WIPE_START
G1 F6629.9
G1 X141.067 Y127.73
;WIPE_END
SET_VELOCITY_LIMIT ACCEL=8000 ACCEL_TO_DECEL=4000 SQUARE_CORNER_VELOCITY=8
G1 X141.222 Y131.241 Z16.6 F24000
G1 Z16.2
G1 E.8 F2400
SET_VELOCITY_LIMIT ACCEL=6000 ACCEL_TO_DECEL=3000
;TYPE:Sparse infill
;WIDTH:0.45
G1 F4835
G1 X140 Y132.317 E.05291
G1 X144.321 Y136.638 E.19861
G1 X140.237 Y140.229 E.17674
G1 X135.915 Y135.908 E.19861
G1 X135.413 Y136.349 E.02172
G1 X133.041 Y134.613 E.09552
G1 X118.741 Y148.913 E.65716
G1 X117.335 Y148.032 E.0539
G1 X91.381 Y122.078 E1.1927
G1 X91.392 Y122.53 E.01469
G1 X102.019 Y111.903 E.48837
G1 X97.587 Y108.659 E.17847
G1 X91.219 Y115.027 E.29266
G1 X91.2 Y114.221 E.0262
G1 X127.982 Y151.003 E1.6903
G1 X125.525 Y153.164 E.10633
G1 X123.46 Y151.87 E.07918
G1 X164.583 Y110.746 E1.88982
SET_VELOCITY_LIMIT ACCEL=8000 ACCEL_TO_DECEL=4000
G1 X159.742 Y108.302 F24000
SET_VELOCITY_LIMIT ACCEL=6000 ACCEL_TO_DECEL=3000
G1 F4835
G1 X160.965 Y107.227 E.05291
G1 X165.3 Y111.562 E.19921
G1 X168.175 Y114.831 E.14146
G1 X161.253 Y121.753 E.31808
G1 X160.66 Y122.274 E.02564
G1 X152.796 Y114.409 E.36142
SET_VELOCITY_LIMIT ACCEL=8000 ACCEL_TO_DECEL=4000
G1 X155.353 Y126.94 F24000
SET_VELOCITY_LIMIT ACCEL=6000 ACCEL_TO_DECEL=3000
G1 F4835
G1 X156.576 Y125.865 E.05291
G1 X148.711 Y118 E.36142
G1 X144.626 Y121.591 E.17674
G1 X152.491 Y129.456 E.36142
G1 X148.406 Y133.047 E.17674
G1 X140.541 Y125.183 E.36142
G1 X140.158 Y125.52 E.01661
G1 X141.082 Y126.572 E.0455
G1 X156.511 Y111.143 E.70901
G1 X156.881 Y110.818 E.01601
G1 X164.745 Y118.682 E.36142
G1 E-.8 F2400
;WIPE_START
G1 F6141.304
G1 X163.331 Y117.268
;WIPE_END
SET_VELOCITY_LIMIT ACCEL=8000 ACCEL_TO_DECEL=4000
G1 X156.64 Y120.941 Z16.6 F24000
G1 X112.642 Y145.091 Z16.6
G1 Z16.2
G1 E.8 F2400
SET_VELOCITY_LIMIT ACCEL=6000 ACCEL_TO_DECEL=3000
G1 F4835
G1 X114.022 Y145.956 E.05291
G1 X128.609 Y131.368 E.67036
G1 X124.178 Y128.124 E.17847
G1 X109.303 Y142.999 E.68356
G1 X104.584 Y140.042 E.18096
G1 X119.746 Y124.88 E.69676
G1 X115.314 Y121.636 E.17847
G1 X99.865 Y137.085 E.70996
G1 X96.777 Y135.15 E.11842
G1 X91.562 Y129.935 E.23963
G1 X91.565 Y130.033 E.00318
G1 X106.451 Y115.147 E.68408
G1 X110.286 Y117.955 E.15445
G1 X136.152 Y143.821 E1.18866
G1 X132.067 Y147.412 E.17674
G1 X91.317 Y106.662 E1.87263
G1 X91.922 Y106.648 E.01964
G1 X91.046 Y107.524 E.04025
G1 X91.083 Y109.152 E.05291
SET_VELOCITY_LIMIT ACCEL=8000 ACCEL_TO_DECEL=4000
G1 X92.952 Y134.731 F24000
SET_VELOCITY_LIMIT ACCEL=6000 ACCEL_TO_DECEL=3000
G1 F4835
G1 X94.58 Y134.694 E.05291
G1 X110.882 Y118.391 E.74917
;TIME_ELAPSED:1514.575928

;LAYER_CHANGE
;:16.4
;HEIGHT:0.199999
;BEFORE_LAYER_CHANGE
;16.4
G92 E0

G1 E-.8 F2400
;WIPE_START
G1 F6141.304
G1 X109.468 Y119.806
;WIPE_END
EXCLUDE_OBJECT_END NAME=arm.stl_id_0_copy_0
;_SET_FAN_SPEED_CHANGING_LAYER
; OBJECT_ID: 15
EXCLUDE_OBJECT_START NAME=arm.stl_id_0_copy_0
SET_VELOCITY_LIMIT ACCEL=8000 ACCEL_TO_DECEL=4000
G1 X116.84 Y121.784 Z16.6 F24000
G1 X142.45 Y128.655 Z16.6
G1 Z16.4
G1 E.8 F2400
SET_VELOCITY_LIMIT ACCEL=4000 ACCEL_TO_DECEL=2000 SQUARE_CORNER_VELOCITY=6
;TYPE:Inner wall
G1 F4851
G1 X139.666 Y125.488 E.13699
G1 X161.292 Y106.475 E.93572
G1 X169.081 Y115.334 E.3833
G1 X125.56 Y153.597 E1.88305
G1 X95.901 Y135.012 E1.13734
G1 X91.334 Y135.117 E.14845
G1 X90.67 Y106.329 E.93572
G1 X94.862 Y106.232 E.13626
G1 X135.393 Y135.903 E1.63223
G1 X142.967 Y129.244 E.32773
G1 X142.489 Y128.7 E.02353
SET_VELOCITY_LIMIT ACCEL=8000 ACCEL_TO_DECEL=4000 SQUARE_CORNER_VELOCITY=8
G1 X142.414 Y129.208 F24000
SET_VELOCITY_LIMIT ACCEL=4000 ACCEL_TO_DECEL=2000 SQUARE_CORNER_VELOCITY=6
;TYPE:Outer wall
;WIDTH:0.42
G1 F4851
G1 X139.113 Y125.453 E.1505
G1 X161.328 Y105.922 E.89036
G1 X169.634 Y115.37 E.37866
G1 X125.599 Y154.084 E1.76488
G1 X95.792 Y135.406 E1.05877
G1 X90.951 Y135.518 E.14577
M73 P65 R13
G1 X90.269 Y105.946 E.89036
G1 X94.986 Y105.837 E.14203
G1 X135.37 Y135.4 E1.50647
G1 X142.369 Y129.248 E.28049
G1 E-.8 F2400
;WIPE_START
G1 F6629.9
G1 X141.067 Y127.73
;WIPE_END
SET_VELOCITY_LIMIT ACCEL=8000 ACCEL_TO_DECEL=4000 SQUARE_CORNER_VELOCITY=8
G1 X146.11 Y122.001 Z16.8 F24000
G1 X152.796 Y114.409 Z16.8
G1 Z16.4
G1 E.8 F2400
SET_VELOCITY_LIMIT ACCEL=6000 ACCEL_TO_DECEL=3000
;TYPE:Sparse infill
;WIDTH:0.45
G1 F4851
G1 X160.66 Y122.274 E.36142
G1 X161.253 Y121.753 E.02564
G1 X168.175 Y114.831 E.31808
G1 X165.3 Y111.562 E.14146
G1 X160.965 Y107.227 E.19921
G1 X159.742 Y108.302 E.05291
SET_VELOCITY_LIMIT ACCEL=8000 ACCEL_TO_DECEL=4000
G1 X164.583 Y110.746 F24000
SET_VELOCITY_LIMIT ACCEL=6000 ACCEL_TO_DECEL=3000
G1 F4851
G1 X123.46 Y151.87 E1.88982
G1 X125.525 Y153.164 E.07918
G1 X127.982 Y151.003 E.10633
G1 X91.2 Y114.221 E1.6903
G1 X91.219 Y115.027 E.0262
G1 X97.587 Y108.659 E.29266
G1 X102.019 Y111.903 E.17847
G1 X91.392 Y122.53 E.48837
G1 X91.381 Y122.078 E.01469
G1 X117.335 Y148.032 E1.1927
G1 X118.741 Y148.913 E.0539
G1 X133.041 Y134.613 E.65716
G1 X135.413 Y136.349 E.09552
G1 X135.915 Y135.908 E.02172
G1 X140.237 Y140.229 E.19861
G1 X144.321 Y136.638 E.17674
G1 X140 Y132.317 E.19861
G1 X141.222 Y131.241 E.05291
SET_VELOCITY_LIMIT ACCEL=8000 ACCEL_TO_DECEL=4000
G1 X164.745 Y118.682 F24000
SET_VELOCITY_LIMIT ACCEL=6000 ACCEL_TO_DECEL=3000
G1 F4851
G1 X156.881 Y110.818 E.36142
G1 X156.511 Y111.143 E.01601
G1 X141.082 Y126.572 E.70901
G1 X140.158 Y125.52 E.0455
G1 X140.541 Y125.183 E.01661
G1 X148.406 Y133.047 E.36142
G1 X152.491 Y129.456 E.17674
G1 X144.626 Y121.591 E.36142
G1 X148.711 Y118 E.17674
G1 X156.576 Y125.865 E.36142
G1 X155.353 Y126.94 E.05291
G1 E-.8 F2400
;WIPE_START
G1 F6141.304
G1 X156.576 Y125.865
G1 X156.313 Y125.602
;WIPE_END
SET_VELOCITY_LIMIT ACCEL=8000 ACCEL_TO_DECEL=4000
G1 X148.775 Y124.406 Z16.8 F24000
G1 X110.882 Y118.391 Z16.8
G1 Z16.4
G1 E.8 F2400
SET_VELOCITY_LIMIT ACCEL=6000 ACCEL_TO_DECEL=3000
G1 F4851
G1 X94.58 Y134.694 E.74917
G1 X92.952 Y134.731 E.05291
SET_VELOCITY_LIMIT ACCEL=8000 ACCEL_TO_DECEL=4000
G1 X91.083 Y109.152 F24000
SET_VELOCITY_LIMIT ACCEL=6000 ACCEL_TO_DECEL=3000
G1 F4851
G1 X91.046 Y107.524 E.05291
G1 X91.922 Y106.648 E.04025
G1 X91.317 Y106.662 E.01964
G1 X132.067 Y147.412 E1.87263
G1 X136.152 Y143.821 E.17674
G1 X110.286 Y117.955 E1.18866
G1 X106.451 Y115.147 E.15445
G1 X91.565 Y130.033 E.68408
G1 X91.562 Y129.935 E.00318
G1 X96.777 Y135.15 E.23963
G1 X99.865 Y137.085 E.11842
G1 X115.314 Y121.636 E.70996
G1 X119.746 Y124.88 E.17847
G1 X104.584 Y140.042 E.69676
G1 X109.303 Y142.999 E.18096
G1 X124.178 Y128.124 E.68356
G1 X128.609 Y131.368 E.17847
G1 X114.022 Y145.956 E.67036
G1 X112.642 Y145.091 E.05291
;TIME_ELAPSED:1530.410400

;LAYER_CHANGE
;:16.6
;HEIGHT:0.200001
;BEFORE_LAYER_CHANGE
;16.6
G92 E0

G1 E-.8 F2400
;WIPE_START
G1 F6141.304
G1 X114.022 Y145.956
G1 X114.285 Y145.693
;WIPE_END
EXCLUDE_OBJECT_END NAME=arm.stl_id_0_copy_0
;_SET_FAN_SPEED_CHANGING_LAYER
; OBJECT_ID: 15
EXCLUDE_OBJECT_START NAME=arm.stl_id_0_copy_0
SET_VELOCITY_LIMIT ACCEL=8000 ACCEL_TO_DECEL=4000
G1 X120.815 Y141.742 Z16.8 F24000
G1 X142.45 Y128.655 Z16.8
G1 Z16.6
G1 E.8 F2400
SET_VELOCITY_LIMIT ACCEL=4000 ACCEL_TO_DECEL=2000 SQUARE_CORNER_VELOCITY=6
;TYPE:Inner wall
G1 F4835
G1 X139.666 Y125.488 E.13699
G1 X161.292 Y106.475 E.93572
G1 X169.081 Y115.334 E.3833
G1 X125.56 Y153.597 E1.88305
G1 X95.901 Y135.012 E1.13734
G1 X91.334 Y135.117 E.14845
G1 X90.67 Y106.329 E.93572
G1 X94.862 Y106.232 E.13626
G1 X135.393 Y135.903 E1.63223
G1 X142.967 Y129.244 E.32773
G1 X142.489 Y128.7 E.02353
SET_VELOCITY_LIMIT ACCEL=8000 ACCEL_TO_DECEL=4000 SQUARE_CORNER_VELOCITY=8
G1 X142.414 Y129.208 F24000
SET_VELOCITY_LIMIT ACCEL=4000 ACCEL_TO_DECEL=2000 SQUARE_CORNER_VELOCITY=6
;TYPE:Outer wall
;WIDTH:0.42
G1 F4835
G1 X139.113 Y125.453 E.1505
G1 X161.328 Y105.922 E.89036
G1 X169.634 Y115.37 E.37866
G1 X125.599 Y154.084 E1.76488
G1 X95.792 Y135.406 E1.05877
G1 X90.951 Y135.518 E.14577
G1 X90.269 Y105.946 E.89036
G1 X94.986 Y105.837 E.14203
G1 X135.37 Y135.4 E1.50647
G1 X142.369 Y129.248 E.28049
G1 E-.8 F2400
;WIPE_START
G1 F6629.9
G1 X141.067 Y127.73
;WIPE_END
SET_VELOCITY_LIMIT ACCEL=8000 ACCEL_TO_DECEL=4000 SQUARE_CORNER_VELOCITY=8
G1 X141.222 Y131.241 Z17 F24000
G1 Z16.6
G1 E.8 F2400
SET_VELOCITY_LIMIT ACCEL=6000 ACCEL_TO_DECEL=3000
;TYPE:Sparse infill
;WIDTH:0.45
G1 F4835
G1 X140 Y132.317 E.05291
G1 X144.321 Y136.638 E.19861
G1 X140.237 Y140.229 E.17674
G1 X135.915 Y135.908 E.19861
G1 X135.413 Y136.349 E.02172
G1 X133.041 Y134.613 E.09552
G1 X118.741 Y148.913 E.65716
G1 X117.335 Y148.032 E.0539
G1 X91.381 Y122.078 E1.1927
G1 X91.392 Y122.53 E.01469
G1 X102.019 Y111.903 E.48837
G1 X97.587 Y108.659 E.17847
G1 X91.219 Y115.027 E.29266
G1 X91.2 Y114.221 E.0262
G1 X127.982 Y151.003 E1.6903
G1 X125.525 Y153.164 E.10633
G1 X123.46 Y151.87 E.07918
G1 X164.583 Y110.746 E1.88982
SET_VELOCITY_LIMIT ACCEL=8000 ACCEL_TO_DECEL=4000
G1 X159.742 Y108.302 F24000
SET_VELOCITY_LIMIT ACCEL=6000 ACCEL_TO_DECEL=3000
G1 F4835
G1 X160.965 Y107.227 E.05291
G1 X165.3 Y111.562 E.19921
G1 X168.175 Y114.831 E.14146
G1 X161.253 Y121.753 E.31808
G1 X160.66 Y122.274 E.02564
G1 X152.796 Y114.409 E.36142
SET_VELOCITY_LIMIT ACCEL=8000 ACCEL_TO_DECEL=4000
G1 X155.353 Y126.94 F24000
SET_VELOCITY_LIMIT ACCEL=6000 ACCEL_TO_DECEL=3000
G1 F4835
G1 X156.576 Y125.865 E.05291
G1 X148.711 Y118 E.36142
G1 X144.626 Y121.591 E.17674
G1 X152.491 Y129.456 E.36142
G1 X148.406 Y133.047 E.17674
G1 X140.541 Y125.183 E.36142
G1 X140.158 Y125.52 E.01661
G1 X141.082 Y126.572 E.0455
G1 X156.511 Y111.143 E.70901
G1 X156.881 Y110.818 E.01601
G1 X164.745 Y118.682 E.36142
G1 E-.8 F2400
;WIPE_START
G1 F6141.304
G1 X163.331 Y117.268
;WIPE_END
SET_VELOCITY_LIMIT ACCEL=8000 ACCEL_TO_DECEL=4000
G1 X156.64 Y120.941 Z17 F24000
G1 X112.642 Y145.091 Z17
G1 Z16.6
G1 E.8 F2400
SET_VELOCITY_LIMIT ACCEL=6000 ACCEL_TO_DECEL=3000
G1 F4835
G1 X114.022 Y145.956 E.05291
G1 X128.609 Y131.368 E.67036
G1 X124.178 Y128.124 E.17847
G1 X109.303 Y142.999 E.68356
M73 P66 R13
G1 X104.584 Y140.042 E.18096
G1 X119.746 Y124.88 E.69676
G1 X115.314 Y121.636 E.17847
G1 X99.865 Y137.085 E.70996
G1 X96.777 Y135.15 E.11842
G1 X91.562 Y129.935 E.23963
G1 X91.565 Y130.033 E.00318
G1 X106.451 Y115.147 E.68408
G1 X110.286 Y117.955 E.15445
G1 X136.152 Y143.821 E1.18866
G1 X132.067 Y147.412 E.17674
G1 X91.317 Y106.662 E1.87263
G1 X91.922 Y106.648 E.01964
G1 X91.046 Y107.524 E.04025
G1 X91.083 Y109.152 E.05291
SET_VELOCITY_LIMIT ACCEL=8000 ACCEL_TO_DECEL=4000
G1 X92.952 Y134.731 F24000
SET_VELOCITY_LIMIT ACCEL=6000 ACCEL_TO_DECEL=3000
G1 F4835
G1 X94.58 Y134.694 E.05291
G1 X110.882 Y118.391 E.74917
;TIME_ELAPSED:1546.347656

;LAYER_CHANGE
;:16.8
;HEIGHT:0.199999
;BEFORE_LAYER_CHANGE
;16.8
G92 E0

G1 E-.8 F2400
;WIPE_START
G1 F6141.304
G1 X109.468 Y119.806
;WIPE_END
EXCLUDE_OBJECT_END NAME=arm.stl_id_0_copy_0
;_SET_FAN_SPEED_CHANGING_LAYER
; OBJECT_ID: 15
EXCLUDE_OBJECT_START NAME=arm.stl_id_0_copy_0
SET_VELOCITY_LIMIT ACCEL=8000 ACCEL_TO_DECEL=4000
G1 X116.84 Y121.784 Z17 F24000
G1 X142.45 Y128.655 Z17
G1 Z16.8
G1 E.8 F2400
SET_VELOCITY_LIMIT ACCEL=4000 ACCEL_TO_DECEL=2000 SQUARE_CORNER_VELOCITY=6
;TYPE:Inner wall
G1 F4851
G1 X139.666 Y125.488 E.13699
G1 X161.292 Y106.475 E.93572
G1 X169.081 Y115.334 E.3833
G1 X125.56 Y153.597 E1.88305
G1 X95.901 Y135.012 E1.13734
G1 X91.334 Y135.117 E.14845
G1 X90.67 Y106.329 E.93572
G1 X94.862 Y106.232 E.13626
G1 X135.393 Y135.903 E1.63223
G1 X142.967 Y129.244 E.32773
G1 X142.489 Y128.7 E.02353
SET_VELOCITY_LIMIT ACCEL=8000 ACCEL_TO_DECEL=4000 SQUARE_CORNER_VELOCITY=8
G1 X142.414 Y129.208 F24000
SET_VELOCITY_LIMIT ACCEL=4000 ACCEL_TO_DECEL=2000 SQUARE_CORNER_VELOCITY=6
;TYPE:Outer wall
;WIDTH:0.42
G1 F4851
G1 X139.113 Y125.453 E.1505
G1 X161.328 Y105.922 E.89036
G1 X169.634 Y115.37 E.37866
G1 X125.599 Y154.084 E1.76488
G1 X95.792 Y135.406 E1.05877
G1 X90.951 Y135.518 E.14577
G1 X90.269 Y105.946 E.89036
G1 X94.986 Y105.837 E.14203
G1 X135.37 Y135.4 E1.50647
G1 X142.369 Y129.248 E.28049
G1 E-.8 F2400
;WIPE_START
G1 F6629.9
G1 X141.067 Y127.73
;WIPE_END
SET_VELOCITY_LIMIT ACCEL=8000 ACCEL_TO_DECEL=4000 SQUARE_CORNER_VELOCITY=8
G1 X146.11 Y122.001 Z17.2 F24000
G1 X152.796 Y114.409 Z17.2
G1 Z16.8
G1 E.8 F2400
SET_VELOCITY_LIMIT ACCEL=6000 ACCEL_TO_DECEL=3000
;TYPE:Sparse infill
;WIDTH:0.45
G1 F4851
G1 X160.66 Y122.274 E.36142
G1 X161.253 Y121.753 E.02564
G1 X168.175 Y114.831 E.31808
G1 X165.3 Y111.562 E.14146
G1 X160.965 Y107.227 E.19921
G1 X159.742 Y108.302 E.05291
SET_VELOCITY_LIMIT ACCEL=8000 ACCEL_TO_DECEL=4000
G1 X164.583 Y110.746 F24000
SET_VELOCITY_LIMIT ACCEL=6000 ACCEL_TO_DECEL=3000
G1 F4851
G1 X123.46 Y151.87 E1.88982
G1 X125.525 Y153.164 E.07918
G1 X127.982 Y151.003 E.10633
G1 X91.2 Y114.221 E1.6903
G1 X91.219 Y115.027 E.0262
G1 X97.587 Y108.659 E.29266
G1 X102.019 Y111.903 E.17847
G1 X91.392 Y122.53 E.48837
G1 X91.381 Y122.078 E.01469
G1 X117.335 Y148.032 E1.1927
G1 X118.741 Y148.913 E.0539
G1 X133.041 Y134.613 E.65716
G1 X135.413 Y136.349 E.09552
G1 X135.915 Y135.908 E.02172
G1 X140.237 Y140.229 E.19861
G1 X144.321 Y136.638 E.17674
G1 X140 Y132.317 E.19861
G1 X141.222 Y131.241 E.05291
SET_VELOCITY_LIMIT ACCEL=8000 ACCEL_TO_DECEL=4000
G1 X164.745 Y118.682 F24000
SET_VELOCITY_LIMIT ACCEL=6000 ACCEL_TO_DECEL=3000
G1 F4851
G1 X156.881 Y110.818 E.36142
G1 X156.511 Y111.143 E.01601
G1 X141.082 Y126.572 E.70901
G1 X140.158 Y125.52 E.0455
G1 X140.541 Y125.183 E.01661
G1 X148.406 Y133.047 E.36142
G1 X152.491 Y129.456 E.17674
G1 X144.626 Y121.591 E.36142
G1 X148.711 Y118 E.17674
G1 X156.576 Y125.865 E.36142
G1 X155.353 Y126.94 E.05291
G1 E-.8 F2400
;WIPE_START
G1 F6141.304
G1 X156.576 Y125.865
M73 P66 R12
G1 X156.313 Y125.602
;WIPE_END
SET_VELOCITY_LIMIT ACCEL=8000 ACCEL_TO_DECEL=4000
G1 X148.775 Y124.406 Z17.2 F24000
G1 X110.882 Y118.391 Z17.2
G1 Z16.8
G1 E.8 F2400
SET_VELOCITY_LIMIT ACCEL=6000 ACCEL_TO_DECEL=3000
G1 F4851
G1 X94.58 Y134.694 E.74917
G1 X92.952 Y134.731 E.05291
SET_VELOCITY_LIMIT ACCEL=8000 ACCEL_TO_DECEL=4000
G1 X91.083 Y109.152 F24000
SET_VELOCITY_LIMIT ACCEL=6000 ACCEL_TO_DECEL=3000
G1 F4851
G1 X91.046 Y107.524 E.05291
G1 X91.922 Y106.648 E.04025
G1 X91.317 Y106.662 E.01964
G1 X132.067 Y147.412 E1.87263
G1 X136.152 Y143.821 E.17674
G1 X110.286 Y117.955 E1.18866
G1 X106.451 Y115.147 E.15445
G1 X91.565 Y130.033 E.68408
G1 X91.562 Y129.935 E.00318
G1 X96.777 Y135.15 E.23963
G1 X99.865 Y137.085 E.11842
G1 X115.314 Y121.636 E.70996
G1 X119.746 Y124.88 E.17847
G1 X104.584 Y140.042 E.69676
G1 X109.303 Y142.999 E.18096
G1 X124.178 Y128.124 E.68356
G1 X128.609 Y131.368 E.17847
G1 X114.022 Y145.956 E.67036
G1 X112.642 Y145.091 E.05291
;TIME_ELAPSED:1562.182129

;LAYER_CHANGE
;:17
;HEIGHT:0.200001
;BEFORE_LAYER_CHANGE
;17
G92 E0

G1 E-.8 F2400
;WIPE_START
G1 F6141.304
G1 X114.022 Y145.956
G1 X114.285 Y145.693
;WIPE_END
EXCLUDE_OBJECT_END NAME=arm.stl_id_0_copy_0
;_SET_FAN_SPEED_CHANGING_LAYER
; OBJECT_ID: 15
EXCLUDE_OBJECT_START NAME=arm.stl_id_0_copy_0
SET_VELOCITY_LIMIT ACCEL=8000 ACCEL_TO_DECEL=4000
G1 X120.815 Y141.742 Z17.2 F24000
G1 X142.45 Y128.655 Z17.2
G1 Z17
G1 E.8 F2400
SET_VELOCITY_LIMIT ACCEL=4000 ACCEL_TO_DECEL=2000 SQUARE_CORNER_VELOCITY=6
;TYPE:Inner wall
G1 F4832
G1 X139.666 Y125.488 E.13699
G1 X161.292 Y106.475 E.93572
G1 X169.081 Y115.334 E.3833
G1 X125.56 Y153.597 E1.88305
G1 X95.901 Y135.012 E1.13734
G1 X91.334 Y135.117 E.14845
G1 X90.67 Y106.329 E.93572
G1 X94.862 Y106.232 E.13626
G1 X135.393 Y135.903 E1.63223
G1 X142.967 Y129.244 E.32773
G1 X142.489 Y128.7 E.02353
SET_VELOCITY_LIMIT ACCEL=8000 ACCEL_TO_DECEL=4000 SQUARE_CORNER_VELOCITY=8
G1 X142.414 Y129.208 F24000
SET_VELOCITY_LIMIT ACCEL=4000 ACCEL_TO_DECEL=2000 SQUARE_CORNER_VELOCITY=6
;TYPE:Outer wall
;WIDTH:0.42
G1 F4832
G1 X139.113 Y125.453 E.1505
G1 X161.328 Y105.922 E.89036
G1 X169.634 Y115.37 E.37866
G1 X125.599 Y154.084 E1.76488
M73 P67 R12
G1 X95.792 Y135.406 E1.05877
G1 X90.951 Y135.518 E.14577
G1 X90.269 Y105.946 E.89036
G1 X94.986 Y105.837 E.14203
G1 X135.37 Y135.4 E1.50647
G1 X142.369 Y129.248 E.28049
G1 E-.8 F2400
;WIPE_START
G1 F6629.9
G1 X141.067 Y127.73
;WIPE_END
SET_VELOCITY_LIMIT ACCEL=8000 ACCEL_TO_DECEL=4000 SQUARE_CORNER_VELOCITY=8
G1 X148.427 Y129.751 Z17.4 F24000
G1 X151.268 Y130.531 Z17.4
G1 Z17
G1 E.8 F2400
SET_VELOCITY_LIMIT ACCEL=6000 ACCEL_TO_DECEL=3000
;TYPE:Sparse infill
;WIDTH:0.45
G1 F4832
G1 X152.491 Y129.456 E.05291
G1 X144.626 Y121.591 E.36142
G1 X148.711 Y118 E.17674
G1 X156.576 Y125.865 E.36142
G1 X155.353 Y126.94 E.05291
SET_VELOCITY_LIMIT ACCEL=8000 ACCEL_TO_DECEL=4000
G1 X164.745 Y118.682 F24000
SET_VELOCITY_LIMIT ACCEL=6000 ACCEL_TO_DECEL=3000
G1 F4832
G1 X156.881 Y110.818 E.36142
G1 X156.511 Y111.143 E.01601
G1 X141.082 Y126.572 E.70901
G1 X140.158 Y125.52 E.0455
G1 X140.541 Y125.183 E.01661
G1 X148.406 Y133.047 E.36142
G1 X144.321 Y136.638 E.17674
G1 X140 Y132.317 E.19861
G1 X141.222 Y131.241 E.05291
SET_VELOCITY_LIMIT ACCEL=8000 ACCEL_TO_DECEL=4000
G1 X141.459 Y139.154 F24000
SET_VELOCITY_LIMIT ACCEL=6000 ACCEL_TO_DECEL=3000
G1 F4832
G1 X140.237 Y140.229 E.05291
G1 X135.915 Y135.908 E.19861
G1 X135.413 Y136.349 E.02172
G1 X133.041 Y134.613 E.09552
G1 X118.741 Y148.913 E.65716
G1 X117.335 Y148.032 E.0539
G1 X91.381 Y122.078 E1.1927
G1 X91.392 Y122.53 E.01469
G1 X102.019 Y111.903 E.48837
G1 X97.587 Y108.659 E.17847
G1 X91.219 Y115.027 E.29266
G1 X91.2 Y114.221 E.0262
G1 X127.982 Y151.003 E1.6903
G1 X125.525 Y153.164 E.10633
G1 X123.46 Y151.87 E.07918
G1 X164.584 Y110.746 E1.88983
SET_VELOCITY_LIMIT ACCEL=8000 ACCEL_TO_DECEL=4000
G1 X159.742 Y108.302 F24000
SET_VELOCITY_LIMIT ACCEL=6000 ACCEL_TO_DECEL=3000
G1 F4832
G1 X160.965 Y107.227 E.05291
G1 X165.3 Y111.562 E.19921
G1 X168.175 Y114.831 E.14146
G1 X161.253 Y121.753 E.31808
G1 X160.66 Y122.274 E.02564
G1 X152.796 Y114.409 E.36142
G1 E-.8 F2400
;WIPE_START
G1 F6141.304
G1 X154.21 Y115.823
;WIPE_END
SET_VELOCITY_LIMIT ACCEL=8000 ACCEL_TO_DECEL=4000
G1 X147.969 Y120.217 Z17.4 F24000
G1 X112.642 Y145.091 Z17.4
G1 Z17
G1 E.8 F2400
SET_VELOCITY_LIMIT ACCEL=6000 ACCEL_TO_DECEL=3000
G1 F4832
G1 X114.022 Y145.956 E.05291
G1 X128.609 Y131.368 E.67036
G1 X124.178 Y128.124 E.17847
G1 X109.303 Y142.999 E.68356
G1 X104.584 Y140.042 E.18096
G1 X119.746 Y124.88 E.69676
G1 X115.314 Y121.636 E.17847
G1 X99.865 Y137.085 E.70996
G1 X96.777 Y135.15 E.11842
G1 X91.562 Y129.935 E.23963
G1 X91.565 Y130.033 E.00318
G1 X106.451 Y115.147 E.68408
G1 X110.286 Y117.955 E.15445
G1 X136.152 Y143.821 E1.18866
G1 X132.067 Y147.412 E.17674
G1 X91.317 Y106.662 E1.87263
G1 X91.922 Y106.648 E.01964
G1 X91.046 Y107.524 E.04025
G1 X91.083 Y109.152 E.05291
SET_VELOCITY_LIMIT ACCEL=8000 ACCEL_TO_DECEL=4000
G1 X92.952 Y134.731 F24000
SET_VELOCITY_LIMIT ACCEL=6000 ACCEL_TO_DECEL=3000
G1 F4832
G1 X94.58 Y134.694 E.05291
G1 X110.882 Y118.391 E.74917
;TIME_ELAPSED:1578.153687

;LAYER_CHANGE
;:17.2
;HEIGHT:0.200001
;BEFORE_LAYER_CHANGE
;17.2
G92 E0

G1 E-.8 F2400
;WIPE_START
G1 F6141.304
G1 X109.468 Y119.806
;WIPE_END
EXCLUDE_OBJECT_END NAME=arm.stl_id_0_copy_0
;_SET_FAN_SPEED_CHANGING_LAYER
; OBJECT_ID: 15
EXCLUDE_OBJECT_START NAME=arm.stl_id_0_copy_0
SET_VELOCITY_LIMIT ACCEL=8000 ACCEL_TO_DECEL=4000
G1 X116.84 Y121.784 Z17.4 F24000
G1 X142.45 Y128.655 Z17.4
G1 Z17.2
G1 E.8 F2400
SET_VELOCITY_LIMIT ACCEL=4000 ACCEL_TO_DECEL=2000 SQUARE_CORNER_VELOCITY=6
;TYPE:Inner wall
G1 F4851
G1 X139.666 Y125.488 E.13699
G1 X161.292 Y106.475 E.93572
G1 X169.081 Y115.334 E.3833
G1 X125.56 Y153.597 E1.88305
G1 X95.901 Y135.012 E1.13734
G1 X91.334 Y135.117 E.14845
G1 X90.67 Y106.329 E.93572
G1 X94.862 Y106.232 E.13626
G1 X135.393 Y135.903 E1.63223
G1 X142.967 Y129.244 E.32773
G1 X142.489 Y128.7 E.02353
SET_VELOCITY_LIMIT ACCEL=8000 ACCEL_TO_DECEL=4000 SQUARE_CORNER_VELOCITY=8
G1 X142.414 Y129.208 F24000
SET_VELOCITY_LIMIT ACCEL=4000 ACCEL_TO_DECEL=2000 SQUARE_CORNER_VELOCITY=6
;TYPE:Outer wall
;WIDTH:0.42
G1 F4851
G1 X139.113 Y125.453 E.1505
G1 X161.328 Y105.922 E.89036
G1 X169.634 Y115.37 E.37866
G1 X125.599 Y154.084 E1.76488
G1 X95.792 Y135.406 E1.05877
G1 X90.951 Y135.518 E.14577
G1 X90.269 Y105.946 E.89036
G1 X94.986 Y105.837 E.14203
G1 X135.37 Y135.4 E1.50647
G1 X142.369 Y129.248 E.28049
G1 E-.8 F2400
;WIPE_START
G1 F6629.9
G1 X141.067 Y127.73
;WIPE_END
SET_VELOCITY_LIMIT ACCEL=8000 ACCEL_TO_DECEL=4000 SQUARE_CORNER_VELOCITY=8
G1 X146.11 Y122.001 Z17.6 F24000
G1 X152.796 Y114.409 Z17.6
G1 Z17.2
G1 E.8 F2400
SET_VELOCITY_LIMIT ACCEL=6000 ACCEL_TO_DECEL=3000
;TYPE:Sparse infill
;WIDTH:0.45
G1 F4851
G1 X160.66 Y122.274 E.36142
G1 X161.253 Y121.753 E.02564
G1 X168.175 Y114.831 E.31808
G1 X165.3 Y111.562 E.14146
G1 X160.965 Y107.227 E.19921
G1 X159.742 Y108.302 E.05291
SET_VELOCITY_LIMIT ACCEL=8000 ACCEL_TO_DECEL=4000
G1 X164.583 Y110.746 F24000
SET_VELOCITY_LIMIT ACCEL=6000 ACCEL_TO_DECEL=3000
G1 F4851
G1 X123.46 Y151.87 E1.88982
G1 X125.525 Y153.164 E.07918
G1 X127.982 Y151.003 E.10633
G1 X91.2 Y114.221 E1.6903
G1 X91.219 Y115.027 E.0262
G1 X97.587 Y108.659 E.29266
G1 X102.019 Y111.903 E.17847
G1 X91.392 Y122.53 E.48837
G1 X91.381 Y122.078 E.01469
G1 X117.335 Y148.032 E1.1927
G1 X118.741 Y148.913 E.0539
G1 X133.041 Y134.613 E.65716
G1 X135.413 Y136.349 E.09552
G1 X135.915 Y135.908 E.02172
G1 X140.237 Y140.229 E.19861
G1 X144.321 Y136.638 E.17674
G1 X140 Y132.317 E.19861
G1 X141.222 Y131.241 E.05291
SET_VELOCITY_LIMIT ACCEL=8000 ACCEL_TO_DECEL=4000
G1 X164.745 Y118.682 F24000
SET_VELOCITY_LIMIT ACCEL=6000 ACCEL_TO_DECEL=3000
G1 F4851
G1 X156.881 Y110.818 E.36142
G1 X156.511 Y111.143 E.01601
G1 X141.082 Y126.572 E.70901
G1 X140.158 Y125.52 E.0455
G1 X140.541 Y125.183 E.01661
G1 X148.406 Y133.047 E.36142
G1 X152.491 Y129.456 E.17674
G1 X144.626 Y121.591 E.36142
G1 X148.711 Y118 E.17674
M73 P68 R12
G1 X156.576 Y125.865 E.36142
G1 X155.353 Y126.94 E.05291
G1 E-.8 F2400
;WIPE_START
G1 F6141.304
G1 X156.576 Y125.865
G1 X156.313 Y125.602
;WIPE_END
SET_VELOCITY_LIMIT ACCEL=8000 ACCEL_TO_DECEL=4000
G1 X148.775 Y124.406 Z17.6 F24000
G1 X110.882 Y118.391 Z17.6
G1 Z17.2
G1 E.8 F2400
SET_VELOCITY_LIMIT ACCEL=6000 ACCEL_TO_DECEL=3000
G1 F4851
G1 X94.58 Y134.694 E.74917
G1 X92.952 Y134.731 E.05291
SET_VELOCITY_LIMIT ACCEL=8000 ACCEL_TO_DECEL=4000
G1 X91.083 Y109.152 F24000
SET_VELOCITY_LIMIT ACCEL=6000 ACCEL_TO_DECEL=3000
G1 F4851
G1 X91.046 Y107.524 E.05291
G1 X91.922 Y106.648 E.04025
G1 X91.317 Y106.662 E.01964
G1 X132.067 Y147.412 E1.87263
G1 X136.152 Y143.821 E.17674
G1 X110.286 Y117.955 E1.18866
G1 X106.451 Y115.147 E.15445
G1 X91.565 Y130.033 E.68408
G1 X91.562 Y129.935 E.00318
G1 X96.777 Y135.15 E.23963
G1 X99.865 Y137.085 E.11842
G1 X115.314 Y121.636 E.70996
G1 X119.746 Y124.88 E.17847
G1 X104.584 Y140.042 E.69676
G1 X109.303 Y142.999 E.18096
G1 X124.178 Y128.124 E.68356
G1 X128.609 Y131.368 E.17847
G1 X114.022 Y145.956 E.67036
G1 X112.642 Y145.091 E.05291
;TIME_ELAPSED:1593.988281

;LAYER_CHANGE
;:17.4
;HEIGHT:0.199999
;BEFORE_LAYER_CHANGE
;17.4
G92 E0

G1 E-.8 F2400
;WIPE_START
G1 F6141.304
G1 X114.022 Y145.956
G1 X114.285 Y145.693
;WIPE_END
EXCLUDE_OBJECT_END NAME=arm.stl_id_0_copy_0
;_SET_FAN_SPEED_CHANGING_LAYER
; OBJECT_ID: 15
EXCLUDE_OBJECT_START NAME=arm.stl_id_0_copy_0
SET_VELOCITY_LIMIT ACCEL=8000 ACCEL_TO_DECEL=4000
G1 X120.815 Y141.742 Z17.6 F24000
G1 X142.45 Y128.655 Z17.6
G1 Z17.4
G1 E.8 F2400
SET_VELOCITY_LIMIT ACCEL=4000 ACCEL_TO_DECEL=2000 SQUARE_CORNER_VELOCITY=6
;TYPE:Inner wall
G1 F4835
G1 X139.666 Y125.488 E.13699
G1 X161.292 Y106.475 E.93572
G1 X169.081 Y115.334 E.3833
G1 X125.56 Y153.597 E1.88305
G1 X95.901 Y135.012 E1.13734
G1 X91.334 Y135.117 E.14845
G1 X90.67 Y106.329 E.93572
G1 X94.862 Y106.232 E.13626
G1 X135.393 Y135.903 E1.63223
G1 X142.967 Y129.244 E.32773
G1 X142.489 Y128.7 E.02353
SET_VELOCITY_LIMIT ACCEL=8000 ACCEL_TO_DECEL=4000 SQUARE_CORNER_VELOCITY=8
G1 X142.414 Y129.208 F24000
SET_VELOCITY_LIMIT ACCEL=4000 ACCEL_TO_DECEL=2000 SQUARE_CORNER_VELOCITY=6
;TYPE:Outer wall
;WIDTH:0.42
G1 F4835
G1 X139.113 Y125.453 E.1505
G1 X161.328 Y105.922 E.89036
G1 X169.634 Y115.37 E.37866
G1 X125.599 Y154.084 E1.76488
G1 X95.792 Y135.406 E1.05877
G1 X90.951 Y135.518 E.14577
G1 X90.269 Y105.946 E.89036
G1 X94.986 Y105.837 E.14203
G1 X135.37 Y135.4 E1.50647
G1 X142.369 Y129.248 E.28049
G1 E-.8 F2400
;WIPE_START
G1 F6629.9
G1 X141.067 Y127.73
;WIPE_END
SET_VELOCITY_LIMIT ACCEL=8000 ACCEL_TO_DECEL=4000 SQUARE_CORNER_VELOCITY=8
G1 X141.222 Y131.241 Z17.8 F24000
G1 Z17.4
G1 E.8 F2400
SET_VELOCITY_LIMIT ACCEL=6000 ACCEL_TO_DECEL=3000
;TYPE:Sparse infill
;WIDTH:0.45
G1 F4835
G1 X140 Y132.317 E.05291
G1 X144.321 Y136.638 E.19861
G1 X140.237 Y140.229 E.17674
G1 X135.915 Y135.908 E.19861
G1 X135.413 Y136.349 E.02172
G1 X133.041 Y134.613 E.09552
G1 X118.741 Y148.913 E.65716
G1 X117.335 Y148.032 E.0539
G1 X91.381 Y122.078 E1.1927
G1 X91.392 Y122.53 E.01469
G1 X102.019 Y111.903 E.48837
G1 X97.587 Y108.659 E.17847
G1 X91.219 Y115.027 E.29266
G1 X91.2 Y114.221 E.0262
G1 X127.982 Y151.003 E1.6903
G1 X125.525 Y153.164 E.10633
G1 X123.46 Y151.87 E.07918
G1 X164.583 Y110.746 E1.88982
SET_VELOCITY_LIMIT ACCEL=8000 ACCEL_TO_DECEL=4000
G1 X159.742 Y108.302 F24000
SET_VELOCITY_LIMIT ACCEL=6000 ACCEL_TO_DECEL=3000
G1 F4835
G1 X160.965 Y107.227 E.05291
G1 X165.3 Y111.562 E.19921
G1 X168.175 Y114.831 E.14146
G1 X161.253 Y121.753 E.31808
G1 X160.66 Y122.274 E.02564
G1 X152.796 Y114.409 E.36142
SET_VELOCITY_LIMIT ACCEL=8000 ACCEL_TO_DECEL=4000
G1 X155.353 Y126.94 F24000
SET_VELOCITY_LIMIT ACCEL=6000 ACCEL_TO_DECEL=3000
G1 F4835
G1 X156.576 Y125.865 E.05291
G1 X148.711 Y118 E.36142
G1 X144.626 Y121.591 E.17674
G1 X152.491 Y129.456 E.36142
G1 X148.406 Y133.047 E.17674
G1 X140.541 Y125.183 E.36142
G1 X140.158 Y125.52 E.01661
G1 X141.082 Y126.572 E.0455
G1 X156.511 Y111.143 E.70901
G1 X156.881 Y110.818 E.01601
G1 X164.745 Y118.682 E.36142
G1 E-.8 F2400
;WIPE_START
G1 F6141.304
G1 X163.331 Y117.268
;WIPE_END
SET_VELOCITY_LIMIT ACCEL=8000 ACCEL_TO_DECEL=4000
G1 X156.64 Y120.941 Z17.8 F24000
G1 X112.642 Y145.091 Z17.8
G1 Z17.4
G1 E.8 F2400
SET_VELOCITY_LIMIT ACCEL=6000 ACCEL_TO_DECEL=3000
G1 F4835
G1 X114.022 Y145.956 E.05291
G1 X128.609 Y131.368 E.67036
G1 X124.178 Y128.124 E.17847
G1 X109.303 Y142.999 E.68356
G1 X104.584 Y140.042 E.18096
G1 X119.746 Y124.88 E.69676
G1 X115.314 Y121.636 E.17847
G1 X99.865 Y137.085 E.70996
G1 X96.777 Y135.15 E.11842
G1 X91.562 Y129.935 E.23963
G1 X91.565 Y130.033 E.00318
G1 X106.451 Y115.147 E.68408
G1 X110.286 Y117.955 E.15445
G1 X136.152 Y143.821 E1.18866
G1 X132.067 Y147.412 E.17674
G1 X91.317 Y106.662 E1.87263
G1 X91.922 Y106.648 E.01964
G1 X91.046 Y107.524 E.04025
G1 X91.083 Y109.152 E.05291
SET_VELOCITY_LIMIT ACCEL=8000 ACCEL_TO_DECEL=4000
G1 X92.952 Y134.731 F24000
SET_VELOCITY_LIMIT ACCEL=6000 ACCEL_TO_DECEL=3000
G1 F4835
G1 X94.58 Y134.694 E.05291
G1 X110.882 Y118.391 E.74917
;TIME_ELAPSED:1609.925537

;LAYER_CHANGE
;:17.6
;HEIGHT:0.200001
;BEFORE_LAYER_CHANGE
;17.6
G92 E0

G1 E-.8 F2400
;WIPE_START
G1 F6141.304
G1 X109.468 Y119.806
;WIPE_END
EXCLUDE_OBJECT_END NAME=arm.stl_id_0_copy_0
;_SET_FAN_SPEED_CHANGING_LAYER
; OBJECT_ID: 15
EXCLUDE_OBJECT_START NAME=arm.stl_id_0_copy_0
SET_VELOCITY_LIMIT ACCEL=8000 ACCEL_TO_DECEL=4000
G1 X116.84 Y121.784 Z17.8 F24000
G1 X142.45 Y128.655 Z17.8
G1 Z17.6
G1 E.8 F2400
SET_VELOCITY_LIMIT ACCEL=4000 ACCEL_TO_DECEL=2000 SQUARE_CORNER_VELOCITY=6
;TYPE:Inner wall
G1 F4843
G1 X139.666 Y125.488 E.13699
G1 X161.292 Y106.475 E.93572
G1 X169.081 Y115.334 E.3833
G1 X125.56 Y153.597 E1.88305
G1 X95.901 Y135.012 E1.13734
G1 X91.334 Y135.117 E.14845
G1 X90.67 Y106.329 E.93572
G1 X94.862 Y106.232 E.13626
G1 X135.393 Y135.903 E1.63223
G1 X142.967 Y129.244 E.32773
G1 X142.489 Y128.7 E.02353
SET_VELOCITY_LIMIT ACCEL=8000 ACCEL_TO_DECEL=4000 SQUARE_CORNER_VELOCITY=8
M73 P69 R12
G1 X142.414 Y129.208 F24000
SET_VELOCITY_LIMIT ACCEL=4000 ACCEL_TO_DECEL=2000 SQUARE_CORNER_VELOCITY=6
;TYPE:Outer wall
;WIDTH:0.42
G1 F4843
G1 X139.113 Y125.453 E.1505
G1 X161.328 Y105.922 E.89036
G1 X169.634 Y115.37 E.37866
G1 X125.599 Y154.084 E1.76488
G1 X95.792 Y135.406 E1.05877
G1 X90.951 Y135.518 E.14577
G1 X90.269 Y105.946 E.89036
G1 X94.986 Y105.837 E.14203
G1 X135.37 Y135.4 E1.50647
G1 X142.369 Y129.248 E.28049
G1 E-.8 F2400
;WIPE_START
G1 F6629.9
G1 X141.067 Y127.73
;WIPE_END
SET_VELOCITY_LIMIT ACCEL=8000 ACCEL_TO_DECEL=4000 SQUARE_CORNER_VELOCITY=8
G1 X141.222 Y131.241 Z18 F24000
G1 Z17.6
G1 E.8 F2400
SET_VELOCITY_LIMIT ACCEL=6000 ACCEL_TO_DECEL=3000
;TYPE:Sparse infill
;WIDTH:0.45
G1 F4843
G1 X140 Y132.317 E.05291
G1 X144.321 Y136.638 E.19861
G1 X148.406 Y133.047 E.17674
G1 X140.541 Y125.183 E.36142
G1 X140.158 Y125.52 E.01661
G1 X141.082 Y126.572 E.0455
G1 X156.511 Y111.143 E.70901
G1 X156.881 Y110.818 E.01601
G1 X164.745 Y118.682 E.36142
SET_VELOCITY_LIMIT ACCEL=8000 ACCEL_TO_DECEL=4000
G1 X164.584 Y110.746 F24000
SET_VELOCITY_LIMIT ACCEL=6000 ACCEL_TO_DECEL=3000
G1 F4843
G1 X123.46 Y151.87 E1.88983
G1 X125.525 Y153.164 E.07918
G1 X127.982 Y151.003 E.10633
M73 P69 R11
G1 X91.2 Y114.221 E1.6903
G1 X91.219 Y115.027 E.0262
G1 X97.587 Y108.659 E.29266
G1 X102.019 Y111.903 E.17847
G1 X91.392 Y122.53 E.48837
G1 X91.381 Y122.078 E.01469
G1 X117.335 Y148.032 E1.1927
G1 X118.741 Y148.913 E.0539
G1 X133.041 Y134.613 E.65716
G1 X135.413 Y136.349 E.09552
G1 X135.915 Y135.908 E.02172
G1 X140.237 Y140.229 E.19861
G1 X141.459 Y139.154 E.05291
SET_VELOCITY_LIMIT ACCEL=8000 ACCEL_TO_DECEL=4000
G1 X155.353 Y126.94 F24000
SET_VELOCITY_LIMIT ACCEL=6000 ACCEL_TO_DECEL=3000
G1 F4843
G1 X156.576 Y125.865 E.05291
G1 X148.711 Y118 E.36142
G1 X144.626 Y121.591 E.17674
G1 X152.491 Y129.456 E.36142
G1 X151.268 Y130.531 E.05291
SET_VELOCITY_LIMIT ACCEL=8000 ACCEL_TO_DECEL=4000
G1 X152.796 Y114.409 F24000
SET_VELOCITY_LIMIT ACCEL=6000 ACCEL_TO_DECEL=3000
G1 F4843
G1 X160.66 Y122.274 E.36142
G1 X161.253 Y121.753 E.02564
G1 X168.175 Y114.831 E.31808
G1 X165.3 Y111.562 E.14146
G1 X160.965 Y107.227 E.19921
G1 X159.742 Y108.302 E.05291
G1 E-.8 F2400
;WIPE_START
G1 F6141.304
G1 X160.965 Y107.227
G1 X161.228 Y107.489
;WIPE_END
SET_VELOCITY_LIMIT ACCEL=8000 ACCEL_TO_DECEL=4000
G1 X153.769 Y109.105 Z18 F24000
G1 X110.882 Y118.391 Z18
G1 Z17.6
G1 E.8 F2400
SET_VELOCITY_LIMIT ACCEL=6000 ACCEL_TO_DECEL=3000
G1 F4843
G1 X94.58 Y134.694 E.74917
G1 X92.952 Y134.731 E.05291
SET_VELOCITY_LIMIT ACCEL=8000 ACCEL_TO_DECEL=4000
G1 X91.083 Y109.152 F24000
SET_VELOCITY_LIMIT ACCEL=6000 ACCEL_TO_DECEL=3000
G1 F4843
G1 X91.046 Y107.524 E.05291
G1 X91.922 Y106.648 E.04025
G1 X91.317 Y106.662 E.01964
G1 X132.067 Y147.412 E1.87263
G1 X136.152 Y143.821 E.17674
G1 X110.286 Y117.955 E1.18866
G1 X106.451 Y115.147 E.15445
G1 X91.565 Y130.033 E.68408
G1 X91.562 Y129.935 E.00318
G1 X96.777 Y135.15 E.23963
G1 X99.865 Y137.085 E.11842
G1 X115.314 Y121.636 E.70996
G1 X119.746 Y124.88 E.17847
G1 X104.584 Y140.042 E.69676
G1 X109.303 Y142.999 E.18096
G1 X124.178 Y128.124 E.68356
G1 X128.609 Y131.368 E.17847
G1 X114.022 Y145.956 E.67036
G1 X112.642 Y145.091 E.05291
;TIME_ELAPSED:1625.843018

;LAYER_CHANGE
;:17.8
;HEIGHT:0.199999
;BEFORE_LAYER_CHANGE
;17.8
G92 E0

G1 E-.8 F2400
;WIPE_START
G1 F6141.304
G1 X114.022 Y145.956
G1 X114.285 Y145.693
;WIPE_END
EXCLUDE_OBJECT_END NAME=arm.stl_id_0_copy_0
;_SET_FAN_SPEED_CHANGING_LAYER
; OBJECT_ID: 15
EXCLUDE_OBJECT_START NAME=arm.stl_id_0_copy_0
SET_VELOCITY_LIMIT ACCEL=8000 ACCEL_TO_DECEL=4000
G1 X120.815 Y141.742 Z18 F24000
G1 X142.45 Y128.655 Z18
G1 Z17.8
G1 E.8 F2400
SET_VELOCITY_LIMIT ACCEL=4000 ACCEL_TO_DECEL=2000 SQUARE_CORNER_VELOCITY=6
;TYPE:Inner wall
G1 F4832
G1 X139.666 Y125.488 E.13699
G1 X161.292 Y106.475 E.93572
G1 X169.081 Y115.334 E.3833
G1 X125.56 Y153.597 E1.88305
G1 X95.901 Y135.012 E1.13734
G1 X91.334 Y135.117 E.14845
G1 X90.67 Y106.329 E.93572
G1 X94.862 Y106.232 E.13626
G1 X135.393 Y135.903 E1.63223
G1 X142.967 Y129.244 E.32773
G1 X142.489 Y128.7 E.02353
SET_VELOCITY_LIMIT ACCEL=8000 ACCEL_TO_DECEL=4000 SQUARE_CORNER_VELOCITY=8
G1 X142.414 Y129.208 F24000
SET_VELOCITY_LIMIT ACCEL=4000 ACCEL_TO_DECEL=2000 SQUARE_CORNER_VELOCITY=6
;TYPE:Outer wall
;WIDTH:0.42
G1 F4832
G1 X139.113 Y125.453 E.1505
G1 X161.328 Y105.922 E.89036
G1 X169.634 Y115.37 E.37866
G1 X125.599 Y154.084 E1.76488
G1 X95.792 Y135.406 E1.05877
G1 X90.951 Y135.518 E.14577
G1 X90.269 Y105.946 E.89036
G1 X94.986 Y105.837 E.14203
G1 X135.37 Y135.4 E1.50647
G1 X142.369 Y129.248 E.28049
G1 E-.8 F2400
;WIPE_START
G1 F6629.9
G1 X141.067 Y127.73
;WIPE_END
SET_VELOCITY_LIMIT ACCEL=8000 ACCEL_TO_DECEL=4000 SQUARE_CORNER_VELOCITY=8
G1 X148.427 Y129.751 Z18.2 F24000
G1 X151.268 Y130.531 Z18.2
G1 Z17.8
G1 E.8 F2400
SET_VELOCITY_LIMIT ACCEL=6000 ACCEL_TO_DECEL=3000
;TYPE:Sparse infill
;WIDTH:0.45
G1 F4832
G1 X152.491 Y129.456 E.05291
G1 X144.626 Y121.591 E.36142
G1 X148.711 Y118 E.17674
G1 X156.576 Y125.865 E.36142
G1 X155.353 Y126.94 E.05291
SET_VELOCITY_LIMIT ACCEL=8000 ACCEL_TO_DECEL=4000
G1 X164.745 Y118.682 F24000
SET_VELOCITY_LIMIT ACCEL=6000 ACCEL_TO_DECEL=3000
G1 F4832
G1 X156.881 Y110.818 E.36142
G1 X156.511 Y111.143 E.01601
G1 X141.082 Y126.572 E.70901
G1 X140.158 Y125.52 E.0455
G1 X140.541 Y125.183 E.01661
G1 X148.406 Y133.047 E.36142
G1 X144.321 Y136.638 E.17674
G1 X140 Y132.317 E.19861
G1 X141.222 Y131.241 E.05291
SET_VELOCITY_LIMIT ACCEL=8000 ACCEL_TO_DECEL=4000
G1 X141.459 Y139.154 F24000
SET_VELOCITY_LIMIT ACCEL=6000 ACCEL_TO_DECEL=3000
G1 F4832
G1 X140.237 Y140.229 E.05291
G1 X135.915 Y135.908 E.19861
G1 X135.413 Y136.349 E.02172
G1 X133.041 Y134.613 E.09552
G1 X118.741 Y148.913 E.65716
G1 X117.335 Y148.032 E.0539
G1 X91.381 Y122.078 E1.1927
G1 X91.392 Y122.53 E.01469
G1 X102.019 Y111.903 E.48837
G1 X97.587 Y108.659 E.17847
G1 X91.219 Y115.027 E.29266
G1 X91.2 Y114.221 E.0262
G1 X127.982 Y151.003 E1.6903
G1 X125.525 Y153.164 E.10633
G1 X123.46 Y151.87 E.07918
M73 P70 R11
G1 X164.584 Y110.746 E1.88983
SET_VELOCITY_LIMIT ACCEL=8000 ACCEL_TO_DECEL=4000
G1 X159.742 Y108.302 F24000
SET_VELOCITY_LIMIT ACCEL=6000 ACCEL_TO_DECEL=3000
G1 F4832
G1 X160.965 Y107.227 E.05291
G1 X165.3 Y111.562 E.19921
G1 X168.175 Y114.831 E.14146
G1 X161.253 Y121.753 E.31808
G1 X160.66 Y122.274 E.02564
G1 X152.796 Y114.409 E.36142
G1 E-.8 F2400
;WIPE_START
G1 F6141.304
G1 X154.21 Y115.823
;WIPE_END
SET_VELOCITY_LIMIT ACCEL=8000 ACCEL_TO_DECEL=4000
G1 X147.969 Y120.217 Z18.2 F24000
G1 X112.642 Y145.091 Z18.2
G1 Z17.8
G1 E.8 F2400
SET_VELOCITY_LIMIT ACCEL=6000 ACCEL_TO_DECEL=3000
G1 F4832
G1 X114.022 Y145.956 E.05291
G1 X128.609 Y131.368 E.67036
G1 X124.178 Y128.124 E.17847
G1 X109.303 Y142.999 E.68356
G1 X104.584 Y140.042 E.18096
G1 X119.746 Y124.88 E.69676
G1 X115.314 Y121.636 E.17847
G1 X99.865 Y137.085 E.70996
G1 X96.777 Y135.15 E.11842
G1 X91.562 Y129.935 E.23963
G1 X91.565 Y130.033 E.00318
G1 X106.451 Y115.147 E.68408
G1 X110.286 Y117.955 E.15445
G1 X136.152 Y143.821 E1.18866
G1 X132.067 Y147.412 E.17674
G1 X91.317 Y106.662 E1.87263
G1 X91.922 Y106.648 E.01964
G1 X91.046 Y107.524 E.04025
G1 X91.083 Y109.152 E.05291
SET_VELOCITY_LIMIT ACCEL=8000 ACCEL_TO_DECEL=4000
G1 X92.952 Y134.731 F24000
SET_VELOCITY_LIMIT ACCEL=6000 ACCEL_TO_DECEL=3000
G1 F4832
G1 X94.58 Y134.694 E.05291
G1 X110.882 Y118.391 E.74917
;TIME_ELAPSED:1641.815063

;LAYER_CHANGE
;:18
;HEIGHT:0.200001
;BEFORE_LAYER_CHANGE
;18
G92 E0

G1 E-.8 F2400
;WIPE_START
G1 F6141.304
G1 X109.468 Y119.806
;WIPE_END
EXCLUDE_OBJECT_END NAME=arm.stl_id_0_copy_0
;_SET_FAN_SPEED_CHANGING_LAYER
; OBJECT_ID: 15
EXCLUDE_OBJECT_START NAME=arm.stl_id_0_copy_0
SET_VELOCITY_LIMIT ACCEL=8000 ACCEL_TO_DECEL=4000
G1 X116.84 Y121.784 Z18.2 F24000
G1 X142.45 Y128.655 Z18.2
G1 Z18
G1 E.8 F2400
SET_VELOCITY_LIMIT ACCEL=4000 ACCEL_TO_DECEL=2000 SQUARE_CORNER_VELOCITY=6
;TYPE:Inner wall
G1 F4851
G1 X139.666 Y125.488 E.13699
G1 X161.292 Y106.475 E.93572
G1 X169.081 Y115.334 E.3833
G1 X125.56 Y153.597 E1.88305
G1 X95.901 Y135.012 E1.13734
G1 X91.334 Y135.117 E.14845
G1 X90.67 Y106.329 E.93572
G1 X94.862 Y106.232 E.13626
G1 X135.393 Y135.903 E1.63223
G1 X142.967 Y129.244 E.32773
G1 X142.489 Y128.7 E.02353
SET_VELOCITY_LIMIT ACCEL=8000 ACCEL_TO_DECEL=4000 SQUARE_CORNER_VELOCITY=8
G1 X142.414 Y129.208 F24000
SET_VELOCITY_LIMIT ACCEL=4000 ACCEL_TO_DECEL=2000 SQUARE_CORNER_VELOCITY=6
;TYPE:Outer wall
;WIDTH:0.42
G1 F4851
G1 X139.113 Y125.453 E.1505
G1 X161.328 Y105.922 E.89036
G1 X169.634 Y115.37 E.37866
G1 X125.599 Y154.084 E1.76488
G1 X95.792 Y135.406 E1.05877
G1 X90.951 Y135.518 E.14577
G1 X90.269 Y105.946 E.89036
G1 X94.986 Y105.837 E.14203
G1 X135.37 Y135.4 E1.50647
G1 X142.369 Y129.248 E.28049
G1 E-.8 F2400
;WIPE_START
G1 F6629.9
G1 X141.067 Y127.73
;WIPE_END
SET_VELOCITY_LIMIT ACCEL=8000 ACCEL_TO_DECEL=4000 SQUARE_CORNER_VELOCITY=8
G1 X146.11 Y122.001 Z18.4 F24000
G1 X152.796 Y114.409 Z18.4
G1 Z18
G1 E.8 F2400
SET_VELOCITY_LIMIT ACCEL=6000 ACCEL_TO_DECEL=3000
;TYPE:Sparse infill
;WIDTH:0.45
G1 F4851
G1 X160.66 Y122.274 E.36142
G1 X161.253 Y121.753 E.02564
G1 X168.175 Y114.831 E.31808
G1 X165.3 Y111.562 E.14146
G1 X160.965 Y107.227 E.19921
G1 X159.742 Y108.302 E.05291
SET_VELOCITY_LIMIT ACCEL=8000 ACCEL_TO_DECEL=4000
G1 X164.583 Y110.746 F24000
SET_VELOCITY_LIMIT ACCEL=6000 ACCEL_TO_DECEL=3000
G1 F4851
G1 X123.46 Y151.87 E1.88982
G1 X125.525 Y153.164 E.07918
G1 X127.982 Y151.003 E.10633
G1 X91.2 Y114.221 E1.6903
G1 X91.219 Y115.027 E.0262
G1 X97.587 Y108.659 E.29266
G1 X102.019 Y111.903 E.17847
G1 X91.392 Y122.53 E.48837
G1 X91.381 Y122.078 E.01469
G1 X117.335 Y148.032 E1.1927
G1 X118.741 Y148.913 E.0539
G1 X133.041 Y134.613 E.65716
G1 X135.413 Y136.349 E.09552
G1 X135.915 Y135.908 E.02172
G1 X140.237 Y140.229 E.19861
G1 X144.321 Y136.638 E.17674
G1 X140 Y132.317 E.19861
G1 X141.222 Y131.241 E.05291
SET_VELOCITY_LIMIT ACCEL=8000 ACCEL_TO_DECEL=4000
G1 X164.745 Y118.682 F24000
SET_VELOCITY_LIMIT ACCEL=6000 ACCEL_TO_DECEL=3000
G1 F4851
G1 X156.881 Y110.818 E.36142
G1 X156.511 Y111.143 E.01601
G1 X141.082 Y126.572 E.70901
G1 X140.158 Y125.52 E.0455
G1 X140.541 Y125.183 E.01661
G1 X148.406 Y133.047 E.36142
G1 X152.491 Y129.456 E.17674
G1 X144.626 Y121.591 E.36142
G1 X148.711 Y118 E.17674
G1 X156.576 Y125.865 E.36142
G1 X155.353 Y126.94 E.05291
G1 E-.8 F2400
;WIPE_START
G1 F6141.304
G1 X156.576 Y125.865
G1 X156.313 Y125.602
;WIPE_END
SET_VELOCITY_LIMIT ACCEL=8000 ACCEL_TO_DECEL=4000
G1 X148.775 Y124.406 Z18.4 F24000
G1 X110.882 Y118.391 Z18.4
G1 Z18
G1 E.8 F2400
SET_VELOCITY_LIMIT ACCEL=6000 ACCEL_TO_DECEL=3000
G1 F4851
G1 X94.58 Y134.694 E.74917
G1 X92.952 Y134.731 E.05291
SET_VELOCITY_LIMIT ACCEL=8000 ACCEL_TO_DECEL=4000
G1 X91.083 Y109.152 F24000
SET_VELOCITY_LIMIT ACCEL=6000 ACCEL_TO_DECEL=3000
G1 F4851
G1 X91.046 Y107.524 E.05291
G1 X91.922 Y106.648 E.04025
G1 X91.317 Y106.662 E.01964
G1 X132.067 Y147.412 E1.87263
G1 X136.152 Y143.821 E.17674
G1 X110.286 Y117.955 E1.18866
G1 X106.451 Y115.147 E.15445
G1 X91.565 Y130.033 E.68408
G1 X91.562 Y129.935 E.00318
G1 X96.777 Y135.15 E.23963
G1 X99.865 Y137.085 E.11842
G1 X115.314 Y121.636 E.70996
G1 X119.746 Y124.88 E.17847
G1 X104.584 Y140.042 E.69676
G1 X109.303 Y142.999 E.18096
G1 X124.178 Y128.124 E.68356
G1 X128.609 Y131.368 E.17847
G1 X114.022 Y145.956 E.67036
G1 X112.642 Y145.091 E.05291
;TIME_ELAPSED:1657.649658

;LAYER_CHANGE
;:18.2
;HEIGHT:0.200001
;BEFORE_LAYER_CHANGE
;18.2
G92 E0

G1 E-.8 F2400
;WIPE_START
G1 F6141.304
G1 X114.022 Y145.956
G1 X114.285 Y145.693
;WIPE_END
EXCLUDE_OBJECT_END NAME=arm.stl_id_0_copy_0
;_SET_FAN_SPEED_CHANGING_LAYER
; OBJECT_ID: 15
EXCLUDE_OBJECT_START NAME=arm.stl_id_0_copy_0
SET_VELOCITY_LIMIT ACCEL=8000 ACCEL_TO_DECEL=4000
G1 X120.815 Y141.742 Z18.4 F24000
G1 X142.45 Y128.655 Z18.4
G1 Z18.2
G1 E.8 F2400
SET_VELOCITY_LIMIT ACCEL=4000 ACCEL_TO_DECEL=2000 SQUARE_CORNER_VELOCITY=6
;TYPE:Inner wall
G1 F4937
G1 X139.666 Y125.488 E.13699
G1 X161.292 Y106.475 E.93572
G1 X169.081 Y115.334 E.3833
G1 X125.56 Y153.597 E1.88305
G1 X95.901 Y135.012 E1.13734
G1 X91.334 Y135.117 E.14845
G1 X90.67 Y106.329 E.93572
M73 P71 R11
G1 X94.862 Y106.232 E.13626
G1 X135.393 Y135.903 E1.63223
G1 X142.967 Y129.244 E.32773
G1 X142.489 Y128.7 E.02353
SET_VELOCITY_LIMIT ACCEL=8000 ACCEL_TO_DECEL=4000 SQUARE_CORNER_VELOCITY=8
G1 X142.414 Y129.208 F24000
SET_VELOCITY_LIMIT ACCEL=4000 ACCEL_TO_DECEL=2000 SQUARE_CORNER_VELOCITY=6
;TYPE:Outer wall
;WIDTH:0.42
G1 F4937
G1 X139.113 Y125.453 E.1505
G1 X161.328 Y105.922 E.89036
G1 X169.634 Y115.37 E.37866
G1 X125.599 Y154.084 E1.76488
G1 X95.792 Y135.406 E1.05877
G1 X90.951 Y135.518 E.14577
G1 X90.269 Y105.946 E.89036
G1 X94.986 Y105.837 E.14203
G1 X135.37 Y135.4 E1.50647
G1 X142.369 Y129.248 E.28049
SET_VELOCITY_LIMIT ACCEL=8000 ACCEL_TO_DECEL=4000 SQUARE_CORNER_VELOCITY=8
G1 X141.943 Y130.627 F24000
SET_VELOCITY_LIMIT ACCEL=6000 ACCEL_TO_DECEL=3000
;TYPE:Internal solid infill
;WIDTH:0.383989
G1 F4937
G1 X143.36 Y129.382 E.05134
G1 X143.441 Y129.274 E.00367
G1 X143.374 Y129.157 E.00367
G1 X142.063 Y127.666 E.05405
SET_VELOCITY_LIMIT ACCEL=8000 ACCEL_TO_DECEL=4000
G1 X151.268 Y130.531 F24000
SET_VELOCITY_LIMIT ACCEL=6000 ACCEL_TO_DECEL=3000
;TYPE:Sparse infill
;WIDTH:0.45
G1 F4937
G1 X152.491 Y129.456 E.05291
G1 X144.626 Y121.591 E.36142
G1 X148.711 Y118 E.17674
G1 X156.576 Y125.865 E.36142
G1 X155.353 Y126.94 E.05291
SET_VELOCITY_LIMIT ACCEL=8000 ACCEL_TO_DECEL=4000
G1 X164.745 Y118.682 F24000
SET_VELOCITY_LIMIT ACCEL=6000 ACCEL_TO_DECEL=3000
G1 F4937
G1 X156.881 Y110.818 E.36142
G1 X156.511 Y111.143 E.01601
G1 X141.082 Y126.572 E.70901
G1 X140.158 Y125.52 E.0455
G1 X140.541 Y125.183 E.01661
G1 X148.406 Y133.047 E.36142
G1 X144.321 Y136.638 E.17674
G1 X140 Y132.317 E.19861
G1 X141.222 Y131.241 E.05291
SET_VELOCITY_LIMIT ACCEL=8000 ACCEL_TO_DECEL=4000
G1 X124.84 Y152.734 F24000
SET_VELOCITY_LIMIT ACCEL=6000 ACCEL_TO_DECEL=3000
G1 F4937
G1 X123.46 Y151.87 E.05291
G1 X164.316 Y111.013 E1.87755
G1 X164.514 Y111.239 E.00975
G1 X164.746 Y111.007 E.01064
G1 X165.3 Y111.562 E.02548
G1 X168.175 Y114.831 E.14146
G1 X161.253 Y121.753 E.31808
G1 X160.66 Y122.274 E.02564
G1 X152.796 Y114.409 E.36142
SET_VELOCITY_LIMIT ACCEL=8000 ACCEL_TO_DECEL=4000
G1 X163.31 Y109.869 F24000
SET_VELOCITY_LIMIT ACCEL=6000 ACCEL_TO_DECEL=3000
G1 F4937
G1 X162.31 Y108.731 E.04923
G1 X162.39 Y108.651 E.00368
G1 X160.965 Y107.227 E.06546
G1 X159.742 Y108.302 E.05291
SET_VELOCITY_LIMIT ACCEL=8000 ACCEL_TO_DECEL=4000
G1 X162.807 Y108.747 F24000
SET_VELOCITY_LIMIT ACCEL=6000 ACCEL_TO_DECEL=3000
;TYPE:Internal solid infill
;WIDTH:0.38292
G1 F4937
G1 X164.492 Y110.664 E.06927
G1 E-.8 F2400
;WIPE_START
G1 F7352.941
G1 X163.171 Y109.162
;WIPE_END
SET_VELOCITY_LIMIT ACCEL=8000 ACCEL_TO_DECEL=4000
G1 X156.951 Y113.585 Z18.6 F24000
G1 X112.642 Y145.091 Z18.6
G1 Z18.2
G1 E.8 F2400
SET_VELOCITY_LIMIT ACCEL=6000 ACCEL_TO_DECEL=3000
;TYPE:Sparse infill
;WIDTH:0.45
G1 F4937
G1 X114.022 Y145.956 E.05291
G1 X128.609 Y131.368 E.67036
G1 X124.178 Y128.124 E.17847
G1 X109.303 Y142.999 E.68356
G1 X104.584 Y140.042 E.18096
G1 X119.746 Y124.88 E.69676
G1 X115.314 Y121.636 E.17847
G1 X99.865 Y137.085 E.70996
G1 X101.245 Y137.949 E.05291
SET_VELOCITY_LIMIT ACCEL=8000 ACCEL_TO_DECEL=4000
G1 X94.522 Y134.681 F24000
SET_VELOCITY_LIMIT ACCEL=6000 ACCEL_TO_DECEL=3000
;TYPE:Internal solid infill
;WIDTH:0.38292
G1 F4937
G1 X95.954 Y134.648 E.03887
G1 X96.042 Y134.672 E.00248
G1 X99.428 Y136.794 E.10846
SET_VELOCITY_LIMIT ACCEL=8000 ACCEL_TO_DECEL=4000
G1 X91.619 Y131.778 F24000
SET_VELOCITY_LIMIT ACCEL=6000 ACCEL_TO_DECEL=3000
G1 F4937
G1 X91.571 Y129.664 E.0574
SET_VELOCITY_LIMIT ACCEL=8000 ACCEL_TO_DECEL=4000
G1 X91.432 Y123.636 F24000
SET_VELOCITY_LIMIT ACCEL=6000 ACCEL_TO_DECEL=3000
G1 F4937
G1 X91.394 Y121.986 E.0448
SET_VELOCITY_LIMIT ACCEL=8000 ACCEL_TO_DECEL=4000
G1 X91.251 Y115.819 F24000
SET_VELOCITY_LIMIT ACCEL=6000 ACCEL_TO_DECEL=3000
G1 F4937
G1 X91.225 Y114.669 E.03123
SET_VELOCITY_LIMIT ACCEL=8000 ACCEL_TO_DECEL=4000
G1 X91.452 Y108.783 F24000
SET_VELOCITY_LIMIT ACCEL=6000 ACCEL_TO_DECEL=3000
;TYPE:Sparse infill
;WIDTH:0.45
G1 F4937
G1 X91.414 Y107.155 E.05291
G1 X91.536 Y107.034 E.00556
G1 X91.686 Y107.031 E.0049
G1 X132.067 Y147.412 E1.85569
G1 X127.982 Y151.003 E.17674
G1 X91.586 Y114.607 E1.67256
G1 X91.587 Y114.658 E.00167
G1 X97.587 Y108.659 E.27572
G1 X102.019 Y111.903 E.17847
G1 X91.76 Y122.161 E.47143
G1 X91.767 Y122.464 E.00984
G1 X117.335 Y148.032 E1.17496
G1 X118.741 Y148.913 E.0539
G1 X133.041 Y134.613 E.65716
G1 X135.413 Y136.349 E.09552
G1 X135.915 Y135.908 E.02172
G1 X140.237 Y140.229 E.19861
G1 X136.152 Y143.821 E.17674
G1 X110.286 Y117.955 E1.18866
G1 X106.451 Y115.147 E.15445
G1 X91.933 Y129.664 E.66714
G1 X91.949 Y130.321 E.02135
G1 X95.913 Y134.286 E.18219
G1 X94.966 Y134.308 E.03079
G1 X110.882 Y118.391 E.73143
SET_VELOCITY_LIMIT ACCEL=8000 ACCEL_TO_DECEL=4000
G1 X91.383 Y106.675 F24000
SET_VELOCITY_LIMIT ACCEL=6000 ACCEL_TO_DECEL=3000
;TYPE:Internal solid infill
;WIDTH:0.38292
G1 F4937
G1 X94.693 Y106.599 E.08986
G1 X94.791 Y106.63 E.00278
G1 X96.612 Y107.962 E.06123
SET_VELOCITY_LIMIT ACCEL=8000 ACCEL_TO_DECEL=4000
G1 X91.086 Y108.653 F24000
SET_VELOCITY_LIMIT ACCEL=6000 ACCEL_TO_DECEL=3000
G1 F4937
G1 X91.048 Y106.995 E.04503
;TIME_ELAPSED:1673.583740

M106 S219
;LAYER_CHANGE
;:18.4
;HEIGHT:0.199999
;BEFORE_LAYER_CHANGE
;18.4
G92 E0

G1 E-.8 F2400
;WIPE_START
G1 F7352.941
G1 X91.086 Y108.653
;WIPE_END
EXCLUDE_OBJECT_END NAME=arm.stl_id_0_copy_0
;_SET_FAN_SPEED_CHANGING_LAYER
; OBJECT_ID: 15
EXCLUDE_OBJECT_START NAME=arm.stl_id_0_copy_0
SET_VELOCITY_LIMIT ACCEL=8000 ACCEL_TO_DECEL=4000
G1 X98.198 Y111.423 Z18.6 F24000
G1 X142.45 Y128.655 Z18.6
G1 Z18.4
G1 E.8 F2400
SET_VELOCITY_LIMIT ACCEL=4000 ACCEL_TO_DECEL=2000 SQUARE_CORNER_VELOCITY=6
;TYPE:Inner wall
;WIDTH:0.45
G1 F6141.304
G1 X139.666 Y125.488 E.13699
G1 X161.292 Y106.475 E.93572
G1 X169.081 Y115.334 E.3833
G1 X125.56 Y153.597 E1.88305
G1 X95.901 Y135.012 E1.13734
G1 X91.334 Y135.117 E.14845
G1 X90.67 Y106.329 E.93572
G1 X94.862 Y106.232 E.13626
G1 X135.393 Y135.903 E1.63223
G1 X142.967 Y129.244 E.32773
G1 X142.489 Y128.7 E.02353
SET_VELOCITY_LIMIT ACCEL=8000 ACCEL_TO_DECEL=4000 SQUARE_CORNER_VELOCITY=8
G1 X142.414 Y129.208 F24000
SET_VELOCITY_LIMIT ACCEL=4000 ACCEL_TO_DECEL=2000 SQUARE_CORNER_VELOCITY=6
;TYPE:Outer wall
;WIDTH:0.42
G1 F6629.9
G1 X139.113 Y125.453 E.1505
G1 X161.328 Y105.922 E.89036
G1 X169.634 Y115.37 E.37866
G1 X125.599 Y154.084 E1.76488
G1 X95.792 Y135.406 E1.05877
G1 X90.951 Y135.518 E.14577
G1 X90.269 Y105.946 E.89036
M73 P71 R10
G1 X94.986 Y105.837 E.14203
G1 X135.37 Y135.4 E1.50647
G1 X142.369 Y129.248 E.28049
G1 E-.8 F2400
;WIPE_START
G1 F6629.9
G1 X141.067 Y127.73
;WIPE_END
SET_VELOCITY_LIMIT ACCEL=8000 ACCEL_TO_DECEL=4000 SQUARE_CORNER_VELOCITY=8
G1 X138.777 Y133.392 Z18.8 F24000
G1 Z18.4
G1 E.8 F2400
SET_VELOCITY_LIMIT ACCEL=6000 ACCEL_TO_DECEL=3000
;TYPE:Sparse infill
;WIDTH:0.45
G1 F6141.304
G1 X140 Y132.317 E.05291
G1 X144.321 Y136.638 E.19861
G1 X148.406 Y133.047 E.17674
G1 X144.761 Y129.402 E.16753
G1 X144.334 Y129.828 E.01961
G1 X144.016 Y129.51 E.01462
G1 X143.609 Y129.917 E.01868
SET_VELOCITY_LIMIT ACCEL=8000 ACCEL_TO_DECEL=4000
G1 X149.088 Y120.68 F24000
SET_VELOCITY_LIMIT ACCEL=6000 ACCEL_TO_DECEL=3000
G1 F6141.304
G1 X150.239 Y119.529 E.05291
G1 X148.711 Y118 E.07024
G1 X144.626 Y121.591 E.17674
G1 X146.083 Y123.048 E.06695
G1 X144.932 Y124.2 E.05291
SET_VELOCITY_LIMIT ACCEL=8000 ACCEL_TO_DECEL=4000
G1 X155.353 Y126.94 F24000
SET_VELOCITY_LIMIT ACCEL=6000 ACCEL_TO_DECEL=3000
G1 F6141.304
G1 X156.576 Y125.865 E.05291
G1 X152.755 Y122.044 E.17559
G1 X148.917 Y125.882 E.17637
G1 X152.491 Y129.456 E.16425
G1 X151.268 Y130.531 E.05291
SET_VELOCITY_LIMIT ACCEL=8000 ACCEL_TO_DECEL=4000
G1 X152.796 Y114.409 F24000
SET_VELOCITY_LIMIT ACCEL=6000 ACCEL_TO_DECEL=3000
G1 F6141.304
G1 X154.396 Y116.009 E.07352
G1 X158.234 Y112.171 E.17637
G1 X156.881 Y110.818 E.06218
G1 X156.511 Y111.143 E.01601
G1 X141.082 Y126.572 E.70901
G1 X141.773 Y127.358 E.03403
G1 X142.245 Y126.886 E.02168
G1 X140.541 Y125.183 E.0783
G1 X141.764 Y124.107 E.05291
SET_VELOCITY_LIMIT ACCEL=8000 ACCEL_TO_DECEL=4000
G1 X159.742 Y108.302 F24000
SET_VELOCITY_LIMIT ACCEL=6000 ACCEL_TO_DECEL=3000
G1 F6141.304
G1 X160.965 Y107.227 E.05291
G1 X162.39 Y108.651 E.06546
G1 X161.238 Y109.802 E.05291
SET_VELOCITY_LIMIT ACCEL=8000 ACCEL_TO_DECEL=4000
G1 X164.618 Y110.511 F24000
SET_VELOCITY_LIMIT ACCEL=2000 ACCEL_TO_DECEL=1000
;TYPE:Internal Bridge
;WIDTH:0.425001
;HEIGHT:0.4
G1 F3524.522
M106 S255
G1 X160.472 Y114.657 E.33196
G1 X160.322 Y114.507 E.01203
G1 X156.484 Y118.345 E.30732
G1 X156.298 Y118.159 E.01487
G1 X164.16 Y110.297 E.62952
G1 X163.846 Y109.94 E.02695
G1 X148.287 Y125.499 E1.2459
G1 X148.172 Y125.384 E.0092
G1 X144.334 Y129.222 E.30732
G1 X144.113 Y129.001 E.0177
G1 X163.532 Y109.582 E1.55495
G1 X163.217 Y109.225 E.02695
G1 X143.338 Y129.105 E1.59185
G1 X143.023 Y128.747 E.02695
G1 X162.903 Y108.867 E1.59185
M73 P72 R10
G1 X162.845 Y108.802 E.00496
G1 X158.979 Y112.668 E.30962
G1 X158.705 Y112.394 E.02194
G1 X142.709 Y128.39 E1.28082
G1 X142.395 Y128.032 E.02695
G1 X150.693 Y119.734 E.66445
G1 X150.666 Y119.708 E.00212
G1 X146.828 Y123.546 E.30732
G1 X146.519 Y123.236 E.02477
G1 X141.937 Y127.818 E.36689
G1 E-.8 F2400
;WIPE_START
G1 F3524.522
G1 X143.351 Y126.404
;WIPE_END
SET_VELOCITY_LIMIT ACCEL=8000 ACCEL_TO_DECEL=4000
G1 X138.962 Y132.648 Z18.8 F24000
G1 X124.84 Y152.734 Z18.8
G1 Z18.4
G1 E.8 F2400
SET_VELOCITY_LIMIT ACCEL=6000 ACCEL_TO_DECEL=3000
;TYPE:Sparse infill
;WIDTH:0.45
;HEIGHT:0.2
G1 F6141.304
M106 S219
G1 X123.46 Y151.87 E.05291
G1 X156.431 Y118.898 E1.5152
G1 X156.484 Y118.951 E.00242
G1 X156.911 Y118.524 E.01961
G1 X160.66 Y122.274 E.17231
G1 X161.253 Y121.753 E.02564
G1 X168.175 Y114.831 E.31808
G1 X164.782 Y110.971 E.16699
G1 X160.908 Y114.845 E.17801
G1 X164.745 Y118.682 E.17634
G1 E-.8 F2400
;WIPE_START
G1 F6141.304
G1 X163.331 Y117.268
;WIPE_END
SET_VELOCITY_LIMIT ACCEL=8000 ACCEL_TO_DECEL=4000
G1 X155.7 Y117.432 Z18.8 F24000
G1 X110.882 Y118.391 Z18.8
G1 Z18.4
G1 E.8 F2400
SET_VELOCITY_LIMIT ACCEL=6000 ACCEL_TO_DECEL=3000
G1 F6141.304
G1 X100.157 Y129.117 E.49287
G1 X100.584 Y129.543 E.01961
G1 X99.715 Y130.412 E.03992
G1 X117.335 Y148.032 E.80972
G1 X118.741 Y148.913 E.0539
G1 X133.041 Y134.613 E.65716
G1 X135.413 Y136.349 E.09552
G1 X135.915 Y135.908 E.02172
G1 X140.237 Y140.229 E.19861
G1 X136.152 Y143.821 E.17674
G1 X110.286 Y117.955 E1.18866
G1 X106.451 Y115.147 E.15445
G1 X99.819 Y121.778 E.30473
G1 X100.246 Y122.205 E.01961
G1 X99.715 Y122.736 E.0244
G1 X127.982 Y151.003 E1.299
G1 X132.067 Y147.412 E.17674
G1 X99.715 Y115.06 E1.48671
G1 X100.227 Y114.549 E.0235
G1 X99.8 Y114.122 E.01961
G1 X102.019 Y111.903 E.10198
G1 X97.587 Y108.659 E.17847
G1 X97.485 Y108.761 E.00472
G1 X97.784 Y109.316 E.02047
G1 X97.078 Y110.022 E.03244
SET_VELOCITY_LIMIT ACCEL=8000 ACCEL_TO_DECEL=4000
G1 X91.417 Y131.482 F24000
SET_VELOCITY_LIMIT ACCEL=2000 ACCEL_TO_DECEL=1000
;TYPE:Internal Bridge
;WIDTH:0.401345
;HEIGHT:0.4
G1 F3952.25
M106 S255
G1 X94.607 Y134.672 E.22778
G1 X95.231 Y134.657 E.03151
G1 X91.609 Y131.036 E.2586
G1 X91.594 Y130.383 E.033
G1 X95.855 Y134.643 E.30423
G1 X96.003 Y134.64 E.0075
G1 X97.306 Y135.456 E.07762
G1 X91.579 Y129.729 E.40893
G1 X91.578 Y129.67 E.00301
G1 X91.709 Y129.641 E.00678
G1 X91.919 Y129.431 E.01501
G1 X99.015 Y136.527 E.50671
G1 X99.427 Y136.785 E.02454
G1 X99.496 Y136.698 E.0056
G1 X96.16 Y133.362 E.23827
G1 X96.324 Y133.197 E.01174
G1 X92.238 Y129.112 E.29174
G1 X92.558 Y128.793 E.02279
G1 X96.643 Y132.878 E.29174
G1 X96.962 Y132.559 E.02279
G1 X92.877 Y128.474 E.29174
G1 X93.196 Y128.154 E.02279
G1 X97.281 Y132.24 E.29174
G1 X97.601 Y131.921 E.02279
G1 X93.515 Y127.835 E.29174
G1 X93.834 Y127.516 E.02279
G1 X97.92 Y131.602 E.29174
G1 X98.239 Y131.282 E.02279
G1 X94.153 Y127.197 E.29174
G1 X94.473 Y126.878 E.02279
G1 X98.558 Y130.963 E.29174
G1 X98.877 Y130.644 E.02279
G1 X91.429 Y123.196 E.53189
G1 X91.414 Y122.542 E.033
G1 X99.196 Y130.325 E.55575
G1 X99.515 Y130.006 E.02279
G1 X91.509 Y122 E.5717
G1 X91.664 Y122.011 E.00782
G1 X91.911 Y121.763 E.01766
G1 X99.835 Y129.687 E.5658
G1 X99.978 Y129.543 E.01024
G1 X96.14 Y125.705 E.27406
G1 X96.316 Y125.53 E.01255
G1 X92.23 Y121.444 E.29174
G1 X92.549 Y121.125 E.02279
G1 X96.635 Y125.21 E.29174
G1 X96.954 Y124.891 E.02279
G1 X92.869 Y120.806 E.29174
G1 X93.188 Y120.487 E.02279
G1 X97.273 Y124.572 E.29174
G1 X97.592 Y124.253 E.02279
G1 X93.507 Y120.168 E.29174
G1 X93.826 Y119.848 E.02279
G1 X97.912 Y123.934 E.29174
G1 X98.231 Y123.615 E.02279
G1 X94.145 Y119.529 E.29174
G1 X94.464 Y119.21 E.02279
G1 X98.55 Y123.296 E.29174
G1 X98.869 Y122.976 E.02279
G1 X91.248 Y115.355 E.54421
G1 X91.233 Y114.702 E.033
G1 X99.188 Y122.657 E.56807
G1 X99.507 Y122.338 E.02279
G1 X91.584 Y114.415 E.5658
G1 X91.903 Y114.095 E.02279
G1 X95.988 Y118.181 E.29174
G1 X96.308 Y117.862 E.02279
G1 X92.222 Y113.776 E.29174
G1 X92.541 Y113.457 E.02279
G1 X96.627 Y117.543 E.29174
G1 X96.946 Y117.224 E.02279
G1 X92.86 Y113.138 E.29174
G1 X93.18 Y112.819 E.02279
G1 X97.265 Y116.904 E.29174
G1 X97.584 Y116.585 E.02279
G1 X93.499 Y112.5 E.29174
G1 X93.818 Y112.181 E.02279
G1 X97.903 Y116.266 E.29174
G1 X98.222 Y115.947 E.02279
G1 X94.137 Y111.861 E.29174
G1 X94.262 Y111.736 E.00895
G1 X91.091 Y108.565 E.22644
G1 X91.082 Y108.168 E.02004
G1 X98.542 Y115.628 E.53267
G1 X98.861 Y115.309 E.02279
G1 X91.067 Y107.515 E.55653
G1 X91.055 Y107.001 E.02595
G1 X91.199 Y107.009 E.00728
G1 X99.18 Y114.989 E.56989
G1 X99.499 Y114.67 E.02279
G1 X91.508 Y106.679 E.57062
G1 X92.132 Y106.665 E.03151
G1 X95.98 Y110.513 E.27479
G1 X96.299 Y110.194 E.02279
G1 X92.756 Y106.651 E.25303
G1 X93.38 Y106.636 E.03151
G1 X96.619 Y109.875 E.23127
G1 X96.938 Y109.556 E.02279
G1 X94.004 Y106.622 E.2095
G1 X94.628 Y106.607 E.03151
G1 X97.4 Y109.38 E.19797
SET_VELOCITY_LIMIT ACCEL=8000 ACCEL_TO_DECEL=4000
G1 X101.245 Y137.949 F24000
SET_VELOCITY_LIMIT ACCEL=6000 ACCEL_TO_DECEL=3000
;TYPE:Sparse infill
;WIDTH:0.45
;HEIGHT:0.2
G1 F6141.304
M106 S219
G1 X99.865 Y137.085 E.05291
G1 X115.314 Y121.636 E.70996
G1 X119.746 Y124.88 E.17847
G1 X104.584 Y140.042 E.69676
G1 X109.303 Y142.999 E.18096
G1 X124.178 Y128.124 E.68356
G1 X128.609 Y131.368 E.17847
G1 X114.022 Y145.956 E.67036
G1 X112.642 Y145.091 E.05291
;TIME_ELAPSED:1698.287842

M106 S227
;LAYER_CHANGE
;:18.6
;HEIGHT:0.200001
;BEFORE_LAYER_CHANGE
;18.6
G92 E0

G1 E-.8 F2400
;WIPE_START
G1 F6141.304
G1 X114.022 Y145.956
G1 X114.285 Y145.693
;WIPE_END
EXCLUDE_OBJECT_END NAME=arm.stl_id_0_copy_0
;_SET_FAN_SPEED_CHANGING_LAYER
; OBJECT_ID: 15
EXCLUDE_OBJECT_START NAME=arm.stl_id_0_copy_0
SET_VELOCITY_LIMIT ACCEL=8000 ACCEL_TO_DECEL=4000
G1 X120.815 Y141.742 Z18.8 F24000
G1 X142.45 Y128.655 Z18.8
G1 Z18.6
G1 E.8 F2400
SET_VELOCITY_LIMIT ACCEL=4000 ACCEL_TO_DECEL=2000 SQUARE_CORNER_VELOCITY=6
;TYPE:Inner wall
G1 F6141.304
G1 X139.666 Y125.488 E.13699
G1 X161.292 Y106.475 E.93572
G1 X169.081 Y115.334 E.3833
G1 X125.56 Y153.597 E1.88305
G1 X95.901 Y135.012 E1.13734
G1 X91.334 Y135.117 E.14845
G1 X90.67 Y106.329 E.93572
G1 X94.862 Y106.232 E.13626
G1 X135.393 Y135.903 E1.63223
G1 X142.967 Y129.244 E.32773
G1 X142.489 Y128.7 E.02353
SET_VELOCITY_LIMIT ACCEL=8000 ACCEL_TO_DECEL=4000 SQUARE_CORNER_VELOCITY=8
G1 X142.414 Y129.208 F24000
SET_VELOCITY_LIMIT ACCEL=4000 ACCEL_TO_DECEL=2000 SQUARE_CORNER_VELOCITY=6
;TYPE:Outer wall
;WIDTH:0.42
G1 F6215
G1 X139.113 Y125.453 E.1505
G1 X161.328 Y105.922 E.89036
G1 X169.634 Y115.37 E.37866
G1 X125.599 Y154.084 E1.76488
G1 X95.792 Y135.406 E1.05877
G1 X90.951 Y135.518 E.14577
G1 X90.269 Y105.946 E.89036
G1 X94.986 Y105.837 E.14203
G1 X135.37 Y135.4 E1.50647
G1 X142.369 Y129.248 E.28049
SET_VELOCITY_LIMIT ACCEL=8000 ACCEL_TO_DECEL=4000 SQUARE_CORNER_VELOCITY=8
G1 X143.357 Y127.9 F24000
SET_VELOCITY_LIMIT ACCEL=6000 ACCEL_TO_DECEL=3000
;TYPE:Internal solid infill
;WIDTH:0.486584
G1 F5634.895
G1 X163.166 Y110.484 E.93414
SET_VELOCITY_LIMIT ACCEL=8000 ACCEL_TO_DECEL=4000
G1 X142.778 Y127.863 F24000
SET_VELOCITY_LIMIT ACCEL=6000 ACCEL_TO_DECEL=3000
;WIDTH:0.419999
G1 F6215
G1 X143.319 Y128.479 E.0247
G1 X163.791 Y110.482 E.82045
G1 X163.249 Y109.865 E.0247
G1 X142.823 Y127.823 E.81865
SET_VELOCITY_LIMIT ACCEL=8000 ACCEL_TO_DECEL=4000
G1 X142.245 Y127.828 F24000
SET_VELOCITY_LIMIT ACCEL=6000 ACCEL_TO_DECEL=3000
G1 F6215
G1 X143.285 Y129.011 E.0474
G1 X164.323 Y110.516 E.84315
G1 X163.283 Y109.333 E.0474
G1 X142.29 Y127.789 E.84135
SET_VELOCITY_LIMIT ACCEL=8000 ACCEL_TO_DECEL=4000
G1 X151.861 Y118.852 F24000
SET_VELOCITY_LIMIT ACCEL=6000 ACCEL_TO_DECEL=3000
;TYPE:Sparse infill
;WIDTH:0.45
G1 F6141.304
G1 X150.638 Y119.928 E.05291
G1 X148.711 Y118 E.08857
G1 X144.626 Y121.591 E.17674
G1 X146.554 Y123.519 E.08857
G1 X142.469 Y127.11 E.17674
G1 X140.541 Y125.183 E.08857
G1 X140.158 Y125.52 E.01661
G1 X141.082 Y126.572 E.0455
G1 X156.511 Y111.143 E.70902
G1 X156.881 Y110.818 E.016
G1 X158.808 Y112.745 E.08857
G1 X154.723 Y116.336 E.17674
G1 X152.796 Y114.409 E.08857
SET_VELOCITY_LIMIT ACCEL=8000 ACCEL_TO_DECEL=4000
G1 X161.67 Y110.229 F24000
SET_VELOCITY_LIMIT ACCEL=6000 ACCEL_TO_DECEL=3000
G1 F6141.304
G1 X162.893 Y109.154 E.05291
G1 X160.965 Y107.227 E.08857
G1 X159.742 Y108.302 E.05291
SET_VELOCITY_LIMIT ACCEL=8000 ACCEL_TO_DECEL=4000
G1 X164.745 Y118.682 F24000
SET_VELOCITY_LIMIT ACCEL=6000 ACCEL_TO_DECEL=3000
G1 F6141.304
M73 P73 R10
G1 X160.48 Y114.417 E.19603
SET_VELOCITY_LIMIT ACCEL=8000 ACCEL_TO_DECEL=4000
G1 X139.014 Y141.305 F24000
SET_VELOCITY_LIMIT ACCEL=6000 ACCEL_TO_DECEL=3000
G1 F6141.304
G1 X140.237 Y140.229 E.05291
G1 X135.915 Y135.908 E.19861
G1 X135.413 Y136.349 E.02172
G1 X133.041 Y134.613 E.09552
G1 X118.741 Y148.913 E.65716
G1 X117.335 Y148.032 E.0539
G1 X96.572 Y127.268 E.95419
G1 X96.521 Y125.077 E.07123
G1 X106.451 Y115.147 E.45631
G1 X110.286 Y117.955 E.15444
G1 X136.152 Y143.821 E1.18866
G1 X132.067 Y147.412 E.17674
G1 X96.209 Y111.554 E1.64783
G1 X96.175 Y110.071 E.04821
G1 X97.587 Y108.659 E.0649
G1 X102.019 Y111.903 E.17847
G1 X96.348 Y117.574 E.26061
G1 X96.39 Y119.411 E.05972
G1 X127.982 Y151.003 E1.45179
G1 X125.525 Y153.164 E.10633
G1 X123.46 Y151.87 E.07918
G1 X164.066 Y111.264 E1.86604
G1 X164.615 Y110.781 E.02373
G1 X168.175 Y114.831 E.17521
G1 X161.253 Y121.753 E.31809
G1 X160.66 Y122.274 E.02563
G1 X156.395 Y118.008 E.19603
G1 X152.31 Y121.599 E.17674
G1 X156.576 Y125.865 E.19603
G1 X152.491 Y129.456 E.17674
G1 X148.225 Y125.19 E.19603
G1 X144.14 Y128.781 E.17674
G1 X148.406 Y133.047 E.19603
G1 X144.321 Y136.638 E.17674
G1 X140 Y132.317 E.19861
G1 X141.222 Y131.241 E.05291
G1 E-.8 F2400
;WIPE_START
G1 F6141.304
G1 X140 Y132.317
G1 X140.262 Y132.579
;WIPE_END
SET_VELOCITY_LIMIT ACCEL=8000 ACCEL_TO_DECEL=4000
G1 X133.31 Y135.729 Z19 F24000
G1 X112.642 Y145.091 Z19
G1 Z18.6
G1 E.8 F2400
SET_VELOCITY_LIMIT ACCEL=6000 ACCEL_TO_DECEL=3000
G1 F6141.304
G1 X114.022 Y145.956 E.05291
G1 X128.609 Y131.368 E.67036
G1 X124.178 Y128.124 E.17847
G1 X109.303 Y142.999 E.68356
G1 X104.584 Y140.042 E.18096
G1 X119.746 Y124.88 E.69676
G1 X115.314 Y121.636 E.17847
G1 X99.865 Y137.085 E.70996
G1 X96.753 Y135.135 E.11934
G1 X96.694 Y132.58 E.08304
G1 X110.882 Y118.391 E.65202
SET_VELOCITY_LIMIT ACCEL=8000 ACCEL_TO_DECEL=4000
G1 X94.947 Y107.75 F24000
SET_VELOCITY_LIMIT ACCEL=6000 ACCEL_TO_DECEL=3000
;TYPE:Internal solid infill
;WIDTH:0.47659
G1 F5764.752
G1 X95.547 Y133.785 E.90152
SET_VELOCITY_LIMIT ACCEL=8000 ACCEL_TO_DECEL=4000
G1 X95.963 Y134.241 F24000
SET_VELOCITY_LIMIT ACCEL=6000 ACCEL_TO_DECEL=3000
;WIDTH:0.419999
G1 F6215
G1 X95.347 Y107.541 E.8039
G1 X94.619 Y107.007 E.02718
G1 X94.524 Y107.009 E.00285
G1 X95.152 Y134.26 E.82045
G1 X95.903 Y134.242 E.0226
SET_VELOCITY_LIMIT ACCEL=8000 ACCEL_TO_DECEL=4000
G1 X96.354 Y134.833 F24000
SET_VELOCITY_LIMIT ACCEL=6000 ACCEL_TO_DECEL=3000
G1 F6215
G1 X95.72 Y107.346 E.82757
G1 X94.738 Y106.627 E.03663
G1 X94.138 Y106.641 E.01805
G1 X94.784 Y134.645 E.84315
G1 X95.953 Y134.618 E.03519
G1 X96.301 Y134.805 E.01188
SET_VELOCITY_LIMIT ACCEL=8000 ACCEL_TO_DECEL=4000
G1 X91.083 Y109.152 F24000
SET_VELOCITY_LIMIT ACCEL=6000 ACCEL_TO_DECEL=3000
;TYPE:Sparse infill
;WIDTH:0.45
G1 F6141.304
G1 X91.046 Y107.524 E.05291
G1 X91.922 Y106.648 E.04025
G1 X91.317 Y106.662 E.01964
G1 X93.804 Y109.149 E.11428
G1 X93.878 Y112.368 E.10462
G1 X91.219 Y115.027 E.12222
G1 X91.2 Y114.221 E.0262
G1 X93.985 Y117.006 E.12799
G1 X94.051 Y119.871 E.09311
G1 X91.392 Y122.53 E.12222
G1 X91.381 Y122.078 E.01469
G1 X94.166 Y124.863 E.12799
G1 X94.224 Y127.374 E.0816
G1 X91.565 Y130.033 E.12222
G1 X91.562 Y129.935 E.00318
G1 X94.348 Y132.72 E.12799
G1 X94.385 Y134.348 E.05291
;TIME_ELAPSED:1715.005127

;LAYER_CHANGE
;:18.8
;HEIGHT:0.199999
;BEFORE_LAYER_CHANGE
;18.8
G92 E0

G1 E-.8 F2400
;WIPE_START
G1 F6141.304
G1 X94.348 Y132.72
G1 X94.085 Y132.458
;WIPE_END
EXCLUDE_OBJECT_END NAME=arm.stl_id_0_copy_0
;_SET_FAN_SPEED_CHANGING_LAYER
; OBJECT_ID: 15
EXCLUDE_OBJECT_START NAME=arm.stl_id_0_copy_0
SET_VELOCITY_LIMIT ACCEL=8000 ACCEL_TO_DECEL=4000
G1 X101.694 Y131.859 Z19 F24000
G1 X142.45 Y128.655 Z19
G1 Z18.8
G1 E.8 F2400
SET_VELOCITY_LIMIT ACCEL=4000 ACCEL_TO_DECEL=2000 SQUARE_CORNER_VELOCITY=6
;TYPE:Inner wall
G1 F6141.304
G1 X139.666 Y125.488 E.13699
G1 X161.292 Y106.475 E.93572
G1 X169.081 Y115.334 E.3833
G1 X125.56 Y153.597 E1.88305
G1 X95.901 Y135.012 E1.13734
G1 X91.334 Y135.117 E.14845
G1 X90.67 Y106.329 E.93572
G1 X94.862 Y106.232 E.13626
G1 X135.393 Y135.903 E1.63223
G1 X142.967 Y129.244 E.32773
G1 X142.489 Y128.7 E.02353
SET_VELOCITY_LIMIT ACCEL=8000 ACCEL_TO_DECEL=4000 SQUARE_CORNER_VELOCITY=8
G1 X142.414 Y129.208 F24000
SET_VELOCITY_LIMIT ACCEL=4000 ACCEL_TO_DECEL=2000 SQUARE_CORNER_VELOCITY=6
;TYPE:Outer wall
;WIDTH:0.42
G1 F6629.9
G1 X139.113 Y125.453 E.1505
G1 X161.328 Y105.922 E.89036
G1 X169.634 Y115.37 E.37866
G1 X125.599 Y154.084 E1.76488
G1 X95.792 Y135.406 E1.05877
G1 X90.951 Y135.518 E.14577
G1 X90.269 Y105.946 E.89036
G1 X94.986 Y105.837 E.14203
G1 X135.37 Y135.4 E1.50647
G1 X142.369 Y129.248 E.28049
G1 E-.8 F2400
;WIPE_START
G1 F6629.9
G1 X141.067 Y127.73
;WIPE_END
SET_VELOCITY_LIMIT ACCEL=8000 ACCEL_TO_DECEL=4000 SQUARE_CORNER_VELOCITY=8
G1 X141.222 Y131.241 Z19.2 F24000
G1 Z18.8
G1 E.8 F2400
SET_VELOCITY_LIMIT ACCEL=6000 ACCEL_TO_DECEL=3000
;TYPE:Sparse infill
;WIDTH:0.45
G1 F6141.304
G1 X140 Y132.317 E.05291
G1 X144.321 Y136.638 E.19861
G1 X148.406 Y133.047 E.17674
G1 X144.14 Y128.781 E.19603
G1 X148.225 Y125.19 E.17674
G1 X152.491 Y129.456 E.19603
G1 X156.576 Y125.865 E.17674
G1 X152.31 Y121.599 E.19603
G1 X156.395 Y118.008 E.17674
G1 X160.66 Y122.274 E.19603
G1 X161.253 Y121.753 E.02563
G1 X168.175 Y114.831 E.31809
G1 X164.615 Y110.781 E.17521
G1 X164.066 Y111.264 E.02373
G1 X123.46 Y151.87 E1.86604
G1 X125.525 Y153.164 E.07918
G1 X127.982 Y151.003 E.10633
G1 X96.39 Y119.411 E1.45179
G1 X96.348 Y117.574 E.05972
G1 X102.019 Y111.903 E.26061
G1 X97.587 Y108.659 E.17847
G1 X96.175 Y110.071 E.0649
G1 X96.209 Y111.554 E.04821
G1 X132.067 Y147.412 E1.64783
G1 X136.152 Y143.821 E.17674
G1 X110.286 Y117.955 E1.18866
G1 X106.451 Y115.147 E.15444
G1 X96.521 Y125.077 E.45631
G1 X96.572 Y127.268 E.07123
G1 X117.335 Y148.032 E.95419
G1 X118.741 Y148.913 E.0539
G1 X133.041 Y134.613 E.65716
G1 X135.413 Y136.349 E.09552
G1 X135.915 Y135.908 E.02172
G1 X140.237 Y140.229 E.19861
G1 X139.014 Y141.305 E.05291
SET_VELOCITY_LIMIT ACCEL=8000 ACCEL_TO_DECEL=4000
G1 X151.72 Y118.711 F24000
SET_VELOCITY_LIMIT ACCEL=6000 ACCEL_TO_DECEL=3000
G1 F6141.304
G1 X150.497 Y119.786 E.05291
G1 X148.711 Y118 E.08206
G1 X144.626 Y121.591 E.17674
G1 X146.412 Y123.377 E.08206
G1 X147.635 Y122.302 E.05291
SET_VELOCITY_LIMIT ACCEL=8000 ACCEL_TO_DECEL=4000
G1 X152.796 Y114.409 F24000
SET_VELOCITY_LIMIT ACCEL=6000 ACCEL_TO_DECEL=3000
G1 F6141.304
G1 X154.582 Y116.195 E.08206
G1 X158.666 Y112.603 E.17674
G1 X156.881 Y110.818 E.08206
G1 X156.511 Y111.143 E.016
G1 X141.082 Y126.572 E.70902
G1 X141.822 Y127.413 E.03639
G1 X142.327 Y126.968 E.02188
G1 X140.541 Y125.183 E.08206
G1 X141.764 Y124.107 E.05291
SET_VELOCITY_LIMIT ACCEL=8000 ACCEL_TO_DECEL=4000
G1 X158.342 Y116 F24000
SET_VELOCITY_LIMIT ACCEL=6000 ACCEL_TO_DECEL=3000
;TYPE:Internal solid infill
;WIDTH:0.445138
G1 F6215.534
G1 X164.132 Y110.21 E.2629
G1 X163.866 Y109.907 E.01294
G1 X155.504 Y118.269 E.37966
G1 X150.797 Y122.407 E.20124
G1 X163.6 Y109.604 E.58132
G1 X163.334 Y109.302 E.01294
G1 X146.09 Y126.546 E.78297
G1 X143.241 Y129.05 E.12178
G1 X143.136 Y128.931 E.00511
G1 X160.94 Y111.127 E.8084
G1 X156.233 Y115.265 E.20124
G1 X142.87 Y128.628 E.60674
G1 X142.604 Y128.325 E.01294
G1 X151.525 Y119.404 E.40509
G1 X146.818 Y123.542 E.20124
G1 X142.338 Y128.022 E.20343
G1 X142.071 Y127.72 E.01294
G1 X143.98 Y125.811 E.08668
SET_VELOCITY_LIMIT ACCEL=8000 ACCEL_TO_DECEL=4000
G1 X163.23 Y108.988 F24000
SET_VELOCITY_LIMIT ACCEL=6000 ACCEL_TO_DECEL=3000
;TYPE:Gap infill
;WIDTH:0.258898
G1 F11575.272
G1 X162.695 Y109.489 E.01264
;WIDTH:0.301481
G1 F9668.918
G1 X162.16 Y109.991 E.01513
;WIDTH:0.344064
G1 F8301.698
G1 X161.626 Y110.492 E.01763
;WIDTH:0.365355
G1 F7753.51
G1 X161.091 Y110.994 E.01887
SET_VELOCITY_LIMIT ACCEL=8000 ACCEL_TO_DECEL=4000
G1 X158.277 Y115.935 F24000
SET_VELOCITY_LIMIT ACCEL=6000 ACCEL_TO_DECEL=3000
;WIDTH:0.234893
G1 F13022.678
G1 X157.778 Y116.404 E.0105
;WIDTH:0.192972
G1 F15000
G1 X157.278 Y116.873 E.00821
;WIDTH:0.15105
G1 X156.778 Y117.342 E.00591
;WIDTH:0.13009
G1 X156.278 Y117.81 E.00477
SET_VELOCITY_LIMIT ACCEL=8000 ACCEL_TO_DECEL=4000
G1 X155.459 Y115.724 F24000
SET_VELOCITY_LIMIT ACCEL=6000 ACCEL_TO_DECEL=3000
;WIDTH:0.111009
G1 F15000
G1 X154.918 Y116.23 E.00403
;WIDTH:0.15669
G1 X154.378 Y116.737 E.00673
;WIDTH:0.202371
G1 X153.838 Y117.244 E.00943
;WIDTH:0.248053
G1 F12187.247
G1 X153.297 Y117.75 E.01213
;WIDTH:0.293734
G1 F9967.555
G1 X152.757 Y118.257 E.01483
;WIDTH:0.339415
G1 F8431.842
G1 X152.217 Y118.764 E.01753
;WIDTH:0.362256
G1 F7828.75
G1 X151.676 Y119.271 E.01888
SET_VELOCITY_LIMIT ACCEL=8000 ACCEL_TO_DECEL=4000
G1 X150.646 Y122.54 F24000
SET_VELOCITY_LIMIT ACCEL=6000 ACCEL_TO_DECEL=3000
;WIDTH:0.385097
G1 F7306.167
G1 X150.106 Y123.047 E.02023
;WIDTH:0.339416
G1 F8431.836
G1 X149.565 Y123.554 E.01753
;WIDTH:0.293734
G1 F9967.548
G1 X149.025 Y124.06 E.01483
;WIDTH:0.248053
G1 F12187.242
G1 X148.485 Y124.567 E.01213
;WIDTH:0.202372
G1 F15000
G1 X147.944 Y125.074 E.00943
;WIDTH:0.15669
G1 X147.404 Y125.581 E.00673
;WIDTH:0.13385
G1 X146.863 Y126.087 E.00538
SET_VELOCITY_LIMIT ACCEL=8000 ACCEL_TO_DECEL=4000
G1 X146.044 Y124 F24000
SET_VELOCITY_LIMIT ACCEL=6000 ACCEL_TO_DECEL=3000
;WIDTH:0.109129
G1 F15000
G1 X145.544 Y124.469 E.00362
;WIDTH:0.15105
G1 X145.045 Y124.938 E.00591
;WIDTH:0.192971
G1 X144.545 Y125.407 E.00821
;WIDTH:0.213931
G1 F14618.938
G1 X144.045 Y125.875 E.00935
SET_VELOCITY_LIMIT ACCEL=8000 ACCEL_TO_DECEL=4000
G1 X160.48 Y114.417 F24000
SET_VELOCITY_LIMIT ACCEL=6000 ACCEL_TO_DECEL=3000
;TYPE:Sparse infill
;WIDTH:0.45
G1 F6141.304
G1 X164.745 Y118.682 E.19603
SET_VELOCITY_LIMIT ACCEL=8000 ACCEL_TO_DECEL=4000
G1 X161.189 Y113.455 F24000
SET_VELOCITY_LIMIT ACCEL=6000 ACCEL_TO_DECEL=3000
;TYPE:Internal solid infill
;WIDTH:0.38292
G1 F7352.941
G1 X164.279 Y110.557 E.11498
SET_VELOCITY_LIMIT ACCEL=8000 ACCEL_TO_DECEL=4000
G1 X159.742 Y108.302 F24000
SET_VELOCITY_LIMIT ACCEL=6000 ACCEL_TO_DECEL=3000
;TYPE:Sparse infill
;WIDTH:0.45
G1 F6141.304
G1 X160.965 Y107.227 E.05291
G1 X162.751 Y109.012 E.08206
G1 X161.528 Y110.087 E.05291
G1 E-.8 F2400
;WIPE_START
G1 F6141.304
G1 X162.751 Y109.012
G1 X162.488 Y108.749
;WIPE_END
SET_VELOCITY_LIMIT ACCEL=8000 ACCEL_TO_DECEL=4000
G1 X154.986 Y110.151 Z19.2 F24000
G1 X110.882 Y118.391 Z19.2
G1 Z18.8
G1 E.8 F2400
SET_VELOCITY_LIMIT ACCEL=6000 ACCEL_TO_DECEL=3000
G1 F6141.304
G1 X96.694 Y132.58 E.65202
G1 X96.753 Y135.135 E.08304
G1 X99.865 Y137.085 E.11934
G1 X115.314 Y121.636 E.70996
G1 X119.746 Y124.88 E.17847
G1 X104.584 Y140.042 E.69676
G1 X109.303 Y142.999 E.18096
G1 X124.178 Y128.124 E.68356
M73 P74 R10
G1 X128.609 Y131.368 E.17847
G1 X114.022 Y145.956 E.67036
G1 X112.642 Y145.091 E.05291
SET_VELOCITY_LIMIT ACCEL=8000 ACCEL_TO_DECEL=4000
G1 X96.354 Y134.833 F24000
SET_VELOCITY_LIMIT ACCEL=6000 ACCEL_TO_DECEL=3000
;TYPE:Internal solid infill
;WIDTH:0.419999
G1 F6629.911
G1 X95.72 Y107.346 E.82757
G1 X94.738 Y106.627 E.03663
G1 X93.939 Y106.646 E.02407
G1 X94.584 Y134.65 E.84315
G1 X95.953 Y134.618 E.04121
G1 X96.301 Y134.805 E.01188
SET_VELOCITY_LIMIT ACCEL=8000 ACCEL_TO_DECEL=4000
G1 X95.963 Y134.241 F24000
SET_VELOCITY_LIMIT ACCEL=6000 ACCEL_TO_DECEL=3000
G1 F6629.911
G1 X95.347 Y107.541 E.8039
G1 X94.619 Y107.007 E.02718
G1 X94.324 Y107.014 E.00887
G1 X94.952 Y134.264 E.82045
G1 X95.903 Y134.242 E.02862
SET_VELOCITY_LIMIT ACCEL=8000 ACCEL_TO_DECEL=4000
G1 X95.608 Y133.902 F24000
SET_VELOCITY_LIMIT ACCEL=6000 ACCEL_TO_DECEL=3000
;WIDTH:0.359756
G1 F7890.53
G1 X95.004 Y107.72 E.66236
G1 X94.682 Y107.484 E.0101
G1 X95.291 Y133.909 E.66852
G1 X95.548 Y133.904 E.0065
SET_VELOCITY_LIMIT ACCEL=8000 ACCEL_TO_DECEL=4000
G1 X94.18 Y134.143 F24000
SET_VELOCITY_LIMIT ACCEL=6000 ACCEL_TO_DECEL=3000
;TYPE:Sparse infill
;WIDTH:0.45
G1 F6141.304
G1 X94.143 Y132.516 E.05291
G1 X91.562 Y129.935 E.11858
G1 X91.565 Y130.033 E.00318
G1 X94.029 Y127.569 E.11323
G1 X93.962 Y124.658 E.09461
G1 X91.381 Y122.078 E.11858
G1 X91.392 Y122.53 E.01469
G1 X93.856 Y120.066 E.11323
G1 X93.78 Y116.801 E.10612
G1 X91.2 Y114.221 E.11858
G1 X91.219 Y115.027 E.0262
G1 X93.683 Y112.563 E.11323
G1 X93.599 Y108.944 E.11763
G1 X91.317 Y106.662 E.10486
G1 X91.922 Y106.648 E.01964
G1 X91.046 Y107.524 E.04025
G1 X91.083 Y109.152 E.05291
;TIME_ELAPSED:1732.904907

;LAYER_CHANGE
;:19
;HEIGHT:0.200001
;BEFORE_LAYER_CHANGE
;19
G92 E0

G1 E-.8 F2400
;WIPE_START
G1 F6141.304
G1 X91.046 Y107.524
G1 X91.309 Y107.261
;WIPE_END
EXCLUDE_OBJECT_END NAME=arm.stl_id_0_copy_0
;_SET_FAN_SPEED_CHANGING_LAYER
; OBJECT_ID: 15
EXCLUDE_OBJECT_START NAME=arm.stl_id_0_copy_0
SET_VELOCITY_LIMIT ACCEL=8000 ACCEL_TO_DECEL=4000
G1 X98.35 Y110.207 Z19.2 F24000
G1 X142.45 Y128.655 Z19.2
G1 Z19
G1 E.8 F2400
SET_VELOCITY_LIMIT ACCEL=4000 ACCEL_TO_DECEL=2000 SQUARE_CORNER_VELOCITY=6
;TYPE:Inner wall
G1 F6141.304
G1 X139.666 Y125.488 E.13699
G1 X161.292 Y106.475 E.93572
G1 X169.081 Y115.334 E.3833
G1 X125.56 Y153.597 E1.88305
G1 X95.901 Y135.012 E1.13734
G1 X91.334 Y135.117 E.14845
G1 X90.67 Y106.329 E.93572
G1 X94.862 Y106.232 E.13626
G1 X135.393 Y135.903 E1.63223
G1 X142.967 Y129.244 E.32773
G1 X142.489 Y128.7 E.02353
SET_VELOCITY_LIMIT ACCEL=8000 ACCEL_TO_DECEL=4000 SQUARE_CORNER_VELOCITY=8
G1 X142.414 Y129.208 F24000
SET_VELOCITY_LIMIT ACCEL=4000 ACCEL_TO_DECEL=2000 SQUARE_CORNER_VELOCITY=6
;TYPE:Outer wall
;WIDTH:0.42
G1 F6629.9
G1 X139.113 Y125.453 E.1505
G1 X161.328 Y105.922 E.89036
G1 X169.634 Y115.37 E.37866
G1 X125.599 Y154.084 E1.76488
G1 X95.792 Y135.406 E1.05877
G1 X90.951 Y135.518 E.14577
G1 X90.269 Y105.946 E.89036
G1 X94.986 Y105.837 E.14203
G1 X135.37 Y135.4 E1.50647
G1 X142.369 Y129.248 E.28049
G1 E-.8 F2400
;WIPE_START
M73 P74 R9
G1 F6629.9
G1 X141.067 Y127.73
;WIPE_END
SET_VELOCITY_LIMIT ACCEL=8000 ACCEL_TO_DECEL=4000 SQUARE_CORNER_VELOCITY=8
G1 X141.222 Y131.241 Z19.4 F24000
G1 Z19
G1 E.8 F2400
SET_VELOCITY_LIMIT ACCEL=6000 ACCEL_TO_DECEL=3000
;TYPE:Sparse infill
;WIDTH:0.45
G1 F6141.304
G1 X140 Y132.317 E.05291
G1 X144.321 Y136.638 E.19861
G1 X148.406 Y133.047 E.17674
G1 X144.551 Y129.192 E.17714
G1 X148.636 Y125.601 E.17674
G1 X152.491 Y129.456 E.17714
G1 X156.576 Y125.865 E.17674
G1 X152.721 Y122.01 E.17714
G1 X151.498 Y123.085 E.05291
G1 E-.8 F2400
;WIPE_START
G1 F6141.304
G1 X152.721 Y122.01
G1 X152.984 Y122.273
;WIPE_END
SET_VELOCITY_LIMIT ACCEL=8000 ACCEL_TO_DECEL=4000
G1 X153.217 Y117.128 Z19.4 F24000
G1 Z19
G1 E.8 F2400
SET_VELOCITY_LIMIT ACCEL=6000 ACCEL_TO_DECEL=3000
G1 F6141.304
G1 X154.44 Y116.053 E.05291
G1 X152.796 Y114.409 E.07555
SET_VELOCITY_LIMIT ACCEL=8000 ACCEL_TO_DECEL=4000
G1 X159.742 Y108.302 F24000
SET_VELOCITY_LIMIT ACCEL=6000 ACCEL_TO_DECEL=3000
G1 F6141.304
G1 X160.965 Y107.227 E.05291
G1 X162.609 Y108.871 E.07555
G1 X158.525 Y112.462 E.17674
G1 X156.881 Y110.818 E.07555
G1 X156.511 Y111.143 E.016
G1 X141.082 Y126.572 E.70902
G1 X141.689 Y127.263 E.02989
G1 X142.185 Y126.826 E.02146
G1 X140.541 Y125.183 E.07555
G1 X144.626 Y121.591 E.17674
G1 X146.27 Y123.235 E.07555
G1 X150.355 Y119.644 E.17674
G1 X148.711 Y118 E.07555
G1 X147.488 Y119.075 E.05291
G1 E-.8 F2400
;WIPE_START
G1 F6141.304
G1 X148.711 Y118
G1 X148.974 Y118.263
;WIPE_END
SET_VELOCITY_LIMIT ACCEL=8000 ACCEL_TO_DECEL=4000
G1 X155.932 Y115.127 Z19.4 F24000
G1 X164.717 Y111.168 Z19.4
G1 Z19
G1 E.8 F2400
SET_VELOCITY_LIMIT ACCEL=2000 ACCEL_TO_DECEL=1000
;TYPE:Top surface
;WIDTH:0.420529
G1 F6620.605
G1 X162.68 Y109.131 E.08681
SET_VELOCITY_LIMIT ACCEL=8000 ACCEL_TO_DECEL=4000
G1 X162.396 Y109.381 F24000
SET_VELOCITY_LIMIT ACCEL=2000 ACCEL_TO_DECEL=1000
G1 F6620.605
G1 X164.433 Y111.417 E.08681
SET_VELOCITY_LIMIT ACCEL=8000 ACCEL_TO_DECEL=4000
G1 X164.149 Y111.667 F24000
SET_VELOCITY_LIMIT ACCEL=2000 ACCEL_TO_DECEL=1000
G1 F6620.605
G1 X162.112 Y109.631 E.08681
SET_VELOCITY_LIMIT ACCEL=8000 ACCEL_TO_DECEL=4000
G1 X161.828 Y109.881 F24000
SET_VELOCITY_LIMIT ACCEL=2000 ACCEL_TO_DECEL=1000
G1 F6620.605
G1 X163.864 Y111.917 E.08681
SET_VELOCITY_LIMIT ACCEL=8000 ACCEL_TO_DECEL=4000
G1 X163.58 Y112.167 F24000
SET_VELOCITY_LIMIT ACCEL=2000 ACCEL_TO_DECEL=1000
G1 F6620.605
G1 X161.544 Y110.13 E.08681
SET_VELOCITY_LIMIT ACCEL=8000 ACCEL_TO_DECEL=4000
G1 X161.259 Y110.38 F24000
SET_VELOCITY_LIMIT ACCEL=2000 ACCEL_TO_DECEL=1000
G1 F6620.605
G1 X163.296 Y112.417 E.08681
SET_VELOCITY_LIMIT ACCEL=8000 ACCEL_TO_DECEL=4000
G1 X163.012 Y112.667 F24000
SET_VELOCITY_LIMIT ACCEL=2000 ACCEL_TO_DECEL=1000
G1 F6620.605
G1 X160.975 Y110.63 E.08681
SET_VELOCITY_LIMIT ACCEL=8000 ACCEL_TO_DECEL=4000
G1 X160.691 Y110.88 F24000
SET_VELOCITY_LIMIT ACCEL=2000 ACCEL_TO_DECEL=1000
G1 F6620.605
G1 X162.728 Y112.916 E.08681
SET_VELOCITY_LIMIT ACCEL=8000 ACCEL_TO_DECEL=4000
G1 X162.443 Y113.166 F24000
SET_VELOCITY_LIMIT ACCEL=2000 ACCEL_TO_DECEL=1000
G1 F6620.605
G1 X160.407 Y111.13 E.08681
SET_VELOCITY_LIMIT ACCEL=8000 ACCEL_TO_DECEL=4000
G1 X160.123 Y111.38 F24000
SET_VELOCITY_LIMIT ACCEL=2000 ACCEL_TO_DECEL=1000
G1 F6620.605
G1 X162.159 Y113.416 E.08681
SET_VELOCITY_LIMIT ACCEL=8000 ACCEL_TO_DECEL=4000
G1 X161.875 Y113.666 F24000
SET_VELOCITY_LIMIT ACCEL=2000 ACCEL_TO_DECEL=1000
G1 F6620.605
G1 X159.839 Y111.629 E.08681
SET_VELOCITY_LIMIT ACCEL=8000 ACCEL_TO_DECEL=4000
G1 X159.554 Y111.879 F24000
SET_VELOCITY_LIMIT ACCEL=2000 ACCEL_TO_DECEL=1000
G1 F6620.605
G1 X161.591 Y113.916 E.08681
SET_VELOCITY_LIMIT ACCEL=8000 ACCEL_TO_DECEL=4000
G1 X161.307 Y114.166 F24000
SET_VELOCITY_LIMIT ACCEL=2000 ACCEL_TO_DECEL=1000
G1 F6620.605
G1 X159.27 Y112.129 E.08681
SET_VELOCITY_LIMIT ACCEL=8000 ACCEL_TO_DECEL=4000
G1 X158.986 Y112.379 F24000
SET_VELOCITY_LIMIT ACCEL=2000 ACCEL_TO_DECEL=1000
G1 F6620.605
G1 X161.023 Y114.415 E.08681
SET_VELOCITY_LIMIT ACCEL=8000 ACCEL_TO_DECEL=4000
G1 X160.738 Y114.665 F24000
SET_VELOCITY_LIMIT ACCEL=2000 ACCEL_TO_DECEL=1000
G1 F6620.605
G1 X158.702 Y112.629 E.08681
SET_VELOCITY_LIMIT ACCEL=8000 ACCEL_TO_DECEL=4000
G1 X158.418 Y112.879 F24000
SET_VELOCITY_LIMIT ACCEL=2000 ACCEL_TO_DECEL=1000
G1 F6620.605
G1 X160.454 Y114.915 E.08681
SET_VELOCITY_LIMIT ACCEL=8000 ACCEL_TO_DECEL=4000
G1 X160.17 Y115.165 F24000
SET_VELOCITY_LIMIT ACCEL=2000 ACCEL_TO_DECEL=1000
G1 F6620.605
G1 X158.133 Y113.128 E.08681
SET_VELOCITY_LIMIT ACCEL=8000 ACCEL_TO_DECEL=4000
G1 X157.849 Y113.378 F24000
SET_VELOCITY_LIMIT ACCEL=2000 ACCEL_TO_DECEL=1000
G1 F6620.605
G1 X159.886 Y115.415 E.08681
SET_VELOCITY_LIMIT ACCEL=8000 ACCEL_TO_DECEL=4000
G1 X159.602 Y115.665 F24000
SET_VELOCITY_LIMIT ACCEL=2000 ACCEL_TO_DECEL=1000
G1 F6620.605
G1 X157.565 Y113.628 E.08681
SET_VELOCITY_LIMIT ACCEL=8000 ACCEL_TO_DECEL=4000
G1 X157.281 Y113.878 F24000
SET_VELOCITY_LIMIT ACCEL=2000 ACCEL_TO_DECEL=1000
G1 F6620.605
G1 X159.317 Y115.914 E.08681
SET_VELOCITY_LIMIT ACCEL=8000 ACCEL_TO_DECEL=4000
G1 X159.033 Y116.164 F24000
SET_VELOCITY_LIMIT ACCEL=2000 ACCEL_TO_DECEL=1000
G1 F6620.605
G1 X156.997 Y114.128 E.08681
SET_VELOCITY_LIMIT ACCEL=8000 ACCEL_TO_DECEL=4000
G1 X156.713 Y114.378 F24000
SET_VELOCITY_LIMIT ACCEL=2000 ACCEL_TO_DECEL=1000
G1 F6620.605
G1 X158.749 Y116.414 E.08681
SET_VELOCITY_LIMIT ACCEL=8000 ACCEL_TO_DECEL=4000
G1 X158.465 Y116.664 F24000
SET_VELOCITY_LIMIT ACCEL=2000 ACCEL_TO_DECEL=1000
G1 F6620.605
G1 X156.428 Y114.627 E.08681
SET_VELOCITY_LIMIT ACCEL=8000 ACCEL_TO_DECEL=4000
G1 X156.144 Y114.877 F24000
SET_VELOCITY_LIMIT ACCEL=2000 ACCEL_TO_DECEL=1000
G1 F6620.605
G1 X158.181 Y116.914 E.08681
SET_VELOCITY_LIMIT ACCEL=8000 ACCEL_TO_DECEL=4000
G1 X157.897 Y117.164 F24000
SET_VELOCITY_LIMIT ACCEL=2000 ACCEL_TO_DECEL=1000
G1 F6620.605
G1 X155.86 Y115.127 E.08681
SET_VELOCITY_LIMIT ACCEL=8000 ACCEL_TO_DECEL=4000
G1 X155.576 Y115.377 F24000
SET_VELOCITY_LIMIT ACCEL=2000 ACCEL_TO_DECEL=1000
G1 F6620.605
G1 X157.612 Y117.414 E.08681
SET_VELOCITY_LIMIT ACCEL=8000 ACCEL_TO_DECEL=4000
G1 X157.328 Y117.663 F24000
SET_VELOCITY_LIMIT ACCEL=2000 ACCEL_TO_DECEL=1000
G1 F6620.605
G1 X155.292 Y115.627 E.08681
SET_VELOCITY_LIMIT ACCEL=8000 ACCEL_TO_DECEL=4000
G1 X155.007 Y115.877 F24000
SET_VELOCITY_LIMIT ACCEL=2000 ACCEL_TO_DECEL=1000
G1 F6620.605
G1 X157.044 Y117.913 E.08681
SET_VELOCITY_LIMIT ACCEL=8000 ACCEL_TO_DECEL=4000
G1 X156.76 Y118.163 F24000
SET_VELOCITY_LIMIT ACCEL=2000 ACCEL_TO_DECEL=1000
G1 F6620.605
G1 X154.723 Y116.127 E.08681
SET_VELOCITY_LIMIT ACCEL=8000 ACCEL_TO_DECEL=4000
G1 X154.439 Y116.376 F24000
SET_VELOCITY_LIMIT ACCEL=2000 ACCEL_TO_DECEL=1000
G1 F6620.605
G1 X156.476 Y118.413 E.08681
SET_VELOCITY_LIMIT ACCEL=8000 ACCEL_TO_DECEL=4000
G1 X156.191 Y118.663 F24000
SET_VELOCITY_LIMIT ACCEL=2000 ACCEL_TO_DECEL=1000
G1 F6620.605
G1 X154.155 Y116.626 E.08681
SET_VELOCITY_LIMIT ACCEL=8000 ACCEL_TO_DECEL=4000
G1 X153.871 Y116.876 F24000
SET_VELOCITY_LIMIT ACCEL=2000 ACCEL_TO_DECEL=1000
G1 F6620.605
G1 X155.907 Y118.913 E.08681
SET_VELOCITY_LIMIT ACCEL=8000 ACCEL_TO_DECEL=4000
G1 X155.623 Y119.162 F24000
SET_VELOCITY_LIMIT ACCEL=2000 ACCEL_TO_DECEL=1000
G1 F6620.605
G1 X153.587 Y117.126 E.08681
SET_VELOCITY_LIMIT ACCEL=8000 ACCEL_TO_DECEL=4000
G1 X153.302 Y117.376 F24000
SET_VELOCITY_LIMIT ACCEL=2000 ACCEL_TO_DECEL=1000
G1 F6620.605
G1 X155.339 Y119.412 E.08681
SET_VELOCITY_LIMIT ACCEL=8000 ACCEL_TO_DECEL=4000
G1 X155.055 Y119.662 F24000
SET_VELOCITY_LIMIT ACCEL=2000 ACCEL_TO_DECEL=1000
G1 F6620.605
G1 X153.018 Y117.626 E.08681
SET_VELOCITY_LIMIT ACCEL=8000 ACCEL_TO_DECEL=4000
G1 X152.734 Y117.875 F24000
SET_VELOCITY_LIMIT ACCEL=2000 ACCEL_TO_DECEL=1000
G1 F6620.605
G1 X154.771 Y119.912 E.08681
SET_VELOCITY_LIMIT ACCEL=8000 ACCEL_TO_DECEL=4000
G1 X154.486 Y120.162 F24000
SET_VELOCITY_LIMIT ACCEL=2000 ACCEL_TO_DECEL=1000
G1 F6620.605
G1 X152.45 Y118.125 E.08681
SET_VELOCITY_LIMIT ACCEL=8000 ACCEL_TO_DECEL=4000
G1 X152.166 Y118.375 F24000
SET_VELOCITY_LIMIT ACCEL=2000 ACCEL_TO_DECEL=1000
G1 F6620.605
G1 X154.202 Y120.412 E.08681
SET_VELOCITY_LIMIT ACCEL=8000 ACCEL_TO_DECEL=4000
G1 X153.918 Y120.661 F24000
SET_VELOCITY_LIMIT ACCEL=2000 ACCEL_TO_DECEL=1000
G1 F6620.605
G1 X151.882 Y118.625 E.08681
SET_VELOCITY_LIMIT ACCEL=8000 ACCEL_TO_DECEL=4000
G1 X151.597 Y118.875 F24000
SET_VELOCITY_LIMIT ACCEL=2000 ACCEL_TO_DECEL=1000
G1 F6620.605
G1 X153.634 Y120.911 E.08681
SET_VELOCITY_LIMIT ACCEL=8000 ACCEL_TO_DECEL=4000
G1 X153.35 Y121.161 F24000
SET_VELOCITY_LIMIT ACCEL=2000 ACCEL_TO_DECEL=1000
G1 F6620.605
G1 X151.313 Y119.125 E.08681
SET_VELOCITY_LIMIT ACCEL=8000 ACCEL_TO_DECEL=4000
G1 X151.029 Y119.374 F24000
SET_VELOCITY_LIMIT ACCEL=2000 ACCEL_TO_DECEL=1000
G1 F6620.605
G1 X153.066 Y121.411 E.08681
SET_VELOCITY_LIMIT ACCEL=8000 ACCEL_TO_DECEL=4000
G1 X152.781 Y121.661 F24000
SET_VELOCITY_LIMIT ACCEL=2000 ACCEL_TO_DECEL=1000
G1 F6620.605
G1 X150.745 Y119.624 E.08681
SET_VELOCITY_LIMIT ACCEL=8000 ACCEL_TO_DECEL=4000
G1 X150.461 Y119.874 F24000
SET_VELOCITY_LIMIT ACCEL=2000 ACCEL_TO_DECEL=1000
G1 F6620.605
G1 X152.497 Y121.911 E.08681
SET_VELOCITY_LIMIT ACCEL=8000 ACCEL_TO_DECEL=4000
G1 X152.213 Y122.16 F24000
SET_VELOCITY_LIMIT ACCEL=2000 ACCEL_TO_DECEL=1000
G1 F6620.605
G1 X150.176 Y120.124 E.08681
SET_VELOCITY_LIMIT ACCEL=8000 ACCEL_TO_DECEL=4000
G1 X149.892 Y120.374 F24000
SET_VELOCITY_LIMIT ACCEL=2000 ACCEL_TO_DECEL=1000
G1 F6620.605
G1 X151.929 Y122.41 E.08681
SET_VELOCITY_LIMIT ACCEL=8000 ACCEL_TO_DECEL=4000
G1 X151.645 Y122.66 F24000
SET_VELOCITY_LIMIT ACCEL=2000 ACCEL_TO_DECEL=1000
G1 F6620.605
G1 X149.608 Y120.624 E.08681
SET_VELOCITY_LIMIT ACCEL=8000 ACCEL_TO_DECEL=4000
G1 X149.324 Y120.873 F24000
SET_VELOCITY_LIMIT ACCEL=2000 ACCEL_TO_DECEL=1000
G1 F6620.605
G1 X151.36 Y122.91 E.08681
SET_VELOCITY_LIMIT ACCEL=8000 ACCEL_TO_DECEL=4000
G1 X151.076 Y123.16 F24000
SET_VELOCITY_LIMIT ACCEL=2000 ACCEL_TO_DECEL=1000
G1 F6620.605
G1 X149.04 Y121.123 E.08681
SET_VELOCITY_LIMIT ACCEL=8000 ACCEL_TO_DECEL=4000
G1 X148.756 Y121.373 F24000
SET_VELOCITY_LIMIT ACCEL=2000 ACCEL_TO_DECEL=1000
G1 F6620.605
G1 X150.792 Y123.41 E.08681
SET_VELOCITY_LIMIT ACCEL=8000 ACCEL_TO_DECEL=4000
G1 X150.508 Y123.66 F24000
SET_VELOCITY_LIMIT ACCEL=2000 ACCEL_TO_DECEL=1000
G1 F6620.605
G1 X148.471 Y121.623 E.08681
SET_VELOCITY_LIMIT ACCEL=8000 ACCEL_TO_DECEL=4000
G1 X148.187 Y121.873 F24000
SET_VELOCITY_LIMIT ACCEL=2000 ACCEL_TO_DECEL=1000
G1 F6620.605
G1 X150.224 Y123.909 E.08681
SET_VELOCITY_LIMIT ACCEL=8000 ACCEL_TO_DECEL=4000
G1 X149.94 Y124.159 F24000
SET_VELOCITY_LIMIT ACCEL=2000 ACCEL_TO_DECEL=1000
G1 F6620.605
G1 X147.903 Y122.123 E.08681
SET_VELOCITY_LIMIT ACCEL=8000 ACCEL_TO_DECEL=4000
G1 X147.619 Y122.373 F24000
SET_VELOCITY_LIMIT ACCEL=2000 ACCEL_TO_DECEL=1000
G1 F6620.605
G1 X149.655 Y124.409 E.08681
SET_VELOCITY_LIMIT ACCEL=8000 ACCEL_TO_DECEL=4000
G1 X149.371 Y124.659 F24000
SET_VELOCITY_LIMIT ACCEL=2000 ACCEL_TO_DECEL=1000
G1 F6620.605
G1 X147.335 Y122.622 E.08681
SET_VELOCITY_LIMIT ACCEL=8000 ACCEL_TO_DECEL=4000
G1 X147.05 Y122.872 F24000
SET_VELOCITY_LIMIT ACCEL=2000 ACCEL_TO_DECEL=1000
G1 F6620.605
G1 X149.087 Y124.909 E.08681
SET_VELOCITY_LIMIT ACCEL=8000 ACCEL_TO_DECEL=4000
G1 X148.803 Y125.159 F24000
SET_VELOCITY_LIMIT ACCEL=2000 ACCEL_TO_DECEL=1000
G1 F6620.605
G1 X146.766 Y123.122 E.08681
SET_VELOCITY_LIMIT ACCEL=8000 ACCEL_TO_DECEL=4000
G1 X146.482 Y123.372 F24000
SET_VELOCITY_LIMIT ACCEL=2000 ACCEL_TO_DECEL=1000
G1 F6620.605
G1 X148.519 Y125.408 E.08681
SET_VELOCITY_LIMIT ACCEL=8000 ACCEL_TO_DECEL=4000
G1 X148.234 Y125.658 F24000
SET_VELOCITY_LIMIT ACCEL=2000 ACCEL_TO_DECEL=1000
G1 F6620.605
G1 X146.198 Y123.622 E.08681
SET_VELOCITY_LIMIT ACCEL=8000 ACCEL_TO_DECEL=4000
G1 X145.914 Y123.872 F24000
SET_VELOCITY_LIMIT ACCEL=2000 ACCEL_TO_DECEL=1000
G1 F6620.605
G1 X147.95 Y125.908 E.08681
SET_VELOCITY_LIMIT ACCEL=8000 ACCEL_TO_DECEL=4000
G1 X147.666 Y126.158 F24000
SET_VELOCITY_LIMIT ACCEL=2000 ACCEL_TO_DECEL=1000
G1 F6620.605
G1 X145.63 Y124.121 E.08681
SET_VELOCITY_LIMIT ACCEL=8000 ACCEL_TO_DECEL=4000
G1 X145.345 Y124.371 F24000
SET_VELOCITY_LIMIT ACCEL=2000 ACCEL_TO_DECEL=1000
G1 F6620.605
G1 X147.382 Y126.408 E.08681
SET_VELOCITY_LIMIT ACCEL=8000 ACCEL_TO_DECEL=4000
G1 X147.098 Y126.658 F24000
SET_VELOCITY_LIMIT ACCEL=2000 ACCEL_TO_DECEL=1000
G1 F6620.605
G1 X145.061 Y124.621 E.08681
SET_VELOCITY_LIMIT ACCEL=8000 ACCEL_TO_DECEL=4000
G1 X144.777 Y124.871 F24000
SET_VELOCITY_LIMIT ACCEL=2000 ACCEL_TO_DECEL=1000
G1 F6620.605
G1 X146.814 Y126.907 E.08681
SET_VELOCITY_LIMIT ACCEL=8000 ACCEL_TO_DECEL=4000
G1 X146.529 Y127.157 F24000
SET_VELOCITY_LIMIT ACCEL=2000 ACCEL_TO_DECEL=1000
G1 F6620.605
G1 X144.493 Y125.121 E.08681
SET_VELOCITY_LIMIT ACCEL=8000 ACCEL_TO_DECEL=4000
G1 X144.209 Y125.371 F24000
SET_VELOCITY_LIMIT ACCEL=2000 ACCEL_TO_DECEL=1000
G1 F6620.605
G1 X146.245 Y127.407 E.08681
SET_VELOCITY_LIMIT ACCEL=8000 ACCEL_TO_DECEL=4000
G1 X145.961 Y127.657 F24000
SET_VELOCITY_LIMIT ACCEL=2000 ACCEL_TO_DECEL=1000
G1 F6620.605
G1 X143.924 Y125.62 E.08681
SET_VELOCITY_LIMIT ACCEL=8000 ACCEL_TO_DECEL=4000
G1 X143.64 Y125.87 F24000
SET_VELOCITY_LIMIT ACCEL=2000 ACCEL_TO_DECEL=1000
G1 F6620.605
G1 X145.677 Y127.907 E.08681
SET_VELOCITY_LIMIT ACCEL=8000 ACCEL_TO_DECEL=4000
G1 X145.393 Y128.157 F24000
SET_VELOCITY_LIMIT ACCEL=2000 ACCEL_TO_DECEL=1000
G1 F6620.605
G1 X143.356 Y126.12 E.08681
SET_VELOCITY_LIMIT ACCEL=8000 ACCEL_TO_DECEL=4000
G1 X143.072 Y126.37 F24000
SET_VELOCITY_LIMIT ACCEL=2000 ACCEL_TO_DECEL=1000
G1 F6620.605
G1 X145.108 Y128.406 E.08681
SET_VELOCITY_LIMIT ACCEL=8000 ACCEL_TO_DECEL=4000
G1 X144.824 Y128.656 F24000
SET_VELOCITY_LIMIT ACCEL=2000 ACCEL_TO_DECEL=1000
G1 F6620.605
G1 X142.788 Y126.62 E.08681
SET_VELOCITY_LIMIT ACCEL=8000 ACCEL_TO_DECEL=4000
G1 X142.504 Y126.87 F24000
SET_VELOCITY_LIMIT ACCEL=2000 ACCEL_TO_DECEL=1000
G1 F6620.605
G1 X144.54 Y128.906 E.08681
SET_VELOCITY_LIMIT ACCEL=8000 ACCEL_TO_DECEL=4000
G1 X144.256 Y129.156 F24000
SET_VELOCITY_LIMIT ACCEL=2000 ACCEL_TO_DECEL=1000
G1 F6620.605
G1 X142.219 Y127.119 E.08681
SET_VELOCITY_LIMIT ACCEL=8000 ACCEL_TO_DECEL=4000
G1 X141.935 Y127.369 F24000
SET_VELOCITY_LIMIT ACCEL=2000 ACCEL_TO_DECEL=1000
G1 F6620.605
G1 X143.972 Y129.406 E.08681
SET_VELOCITY_LIMIT ACCEL=8000 ACCEL_TO_DECEL=4000
G1 X143.688 Y129.656 F24000
SET_VELOCITY_LIMIT ACCEL=2000 ACCEL_TO_DECEL=1000
G1 F6620.605
G1 X142.529 Y128.497 E.0494
SET_VELOCITY_LIMIT ACCEL=8000 ACCEL_TO_DECEL=4000
G1 X142.963 Y129.465 F24000
SET_VELOCITY_LIMIT ACCEL=2000 ACCEL_TO_DECEL=1000
G1 F6620.605
G1 X143.403 Y129.906 E.01877
SET_VELOCITY_LIMIT ACCEL=8000 ACCEL_TO_DECEL=4000
G1 X143.075 Y130.111 F24000
SET_VELOCITY_LIMIT ACCEL=2000 ACCEL_TO_DECEL=1000
G1 F6620.605
G1 X142.679 Y129.715 E.01689
SET_VELOCITY_LIMIT ACCEL=8000 ACCEL_TO_DECEL=4000
G1 X164.922 Y111.012 F24000
SET_VELOCITY_LIMIT ACCEL=6000 ACCEL_TO_DECEL=3000
;TYPE:Gap infill
;WIDTH:0.201123
G1 F15000
G1 X164.424 Y110.481 E.0092
;WIDTH:0.244306
G1 F12413.996
G1 X163.926 Y109.95 E.01171
;WIDTH:0.287489
G1 F10222.095
G1 X163.427 Y109.418 E.01422
;WIDTH:0.30908
G1 F9392.861
G1 X162.929 Y108.887 E.01547
SET_VELOCITY_LIMIT ACCEL=8000 ACCEL_TO_DECEL=4000
G1 X142.61 Y128.416 F24000
SET_VELOCITY_LIMIT ACCEL=6000 ACCEL_TO_DECEL=3000
;WIDTH:0.168532
G1 F15000
G1 X142.182 Y127.96 E.00627
;WIDTH:0.150178
G1 X141.754 Y127.503 E.00535
G1 E-.8 F2400
;WIPE_START
G1 F15000
G1 X142.182 Y127.96
;WIPE_END
SET_VELOCITY_LIMIT ACCEL=8000 ACCEL_TO_DECEL=4000
G1 X140.419 Y135.386 Z19.4 F24000
G1 X139.014 Y141.305 Z19.4
G1 Z19
G1 E.8 F2400
SET_VELOCITY_LIMIT ACCEL=6000 ACCEL_TO_DECEL=3000
;TYPE:Sparse infill
;WIDTH:0.45
G1 F6141.304
G1 X140.237 Y140.229 E.05291
G1 X135.915 Y135.908 E.19861
G1 X135.413 Y136.349 E.02172
G1 X133.041 Y134.613 E.09552
G1 X118.741 Y148.913 E.65716
G1 X117.335 Y148.032 E.0539
G1 X96.572 Y127.268 E.95419
G1 X96.521 Y125.077 E.07123
G1 X106.451 Y115.147 E.45631
G1 X110.286 Y117.955 E.15444
G1 X136.152 Y143.821 E1.18866
G1 X134.929 Y144.896 E.05291
SET_VELOCITY_LIMIT ACCEL=8000 ACCEL_TO_DECEL=4000
G1 X124.84 Y152.734 F24000
SET_VELOCITY_LIMIT ACCEL=6000 ACCEL_TO_DECEL=3000
G1 F6141.304
G1 X123.46 Y151.87 E.05291
G1 X157.676 Y117.654 E1.57237
G1 X160.89 Y114.828 E.1391
G1 X164.745 Y118.682 E.17714
SET_VELOCITY_LIMIT ACCEL=8000 ACCEL_TO_DECEL=4000
G1 X167.1 Y113.608 F24000
SET_VELOCITY_LIMIT ACCEL=6000 ACCEL_TO_DECEL=3000
G1 F6141.304
G1 X168.175 Y114.831 E.05291
G1 X161.253 Y121.753 E.31809
G1 X160.66 Y122.274 E.02563
G1 X156.806 Y118.419 E.17714
G1 E-.8 F2400
;WIPE_START
G1 F6141.304
G1 X158.22 Y119.833
;WIPE_END
SET_VELOCITY_LIMIT ACCEL=8000 ACCEL_TO_DECEL=4000
G1 X151.544 Y123.533 Z19.4 F24000
G1 X112.642 Y145.091 Z19.4
G1 Z19
G1 E.8 F2400
SET_VELOCITY_LIMIT ACCEL=6000 ACCEL_TO_DECEL=3000
G1 F6141.304
G1 X114.022 Y145.956 E.05291
G1 X128.609 Y131.368 E.67036
G1 X124.178 Y128.124 E.17847
G1 X109.303 Y142.999 E.68356
G1 X104.584 Y140.042 E.18096
G1 X119.746 Y124.88 E.69676
G1 X115.314 Y121.636 E.17847
G1 X99.865 Y137.085 E.70996
G1 X96.753 Y135.135 E.11934
G1 X96.694 Y132.58 E.08304
G1 X110.882 Y118.391 E.65202
SET_VELOCITY_LIMIT ACCEL=8000 ACCEL_TO_DECEL=4000
G1 X96.273 Y107.697 F24000
SET_VELOCITY_LIMIT ACCEL=6000 ACCEL_TO_DECEL=3000
G1 F6141.304
G1 X97.587 Y108.659 E.05291
G1 X96.175 Y110.071 E.0649
G1 X96.209 Y111.554 E.04821
G1 X132.067 Y147.412 E1.64783
G1 X127.982 Y151.003 E.17674
G1 X96.39 Y119.411 E1.45179
G1 X96.348 Y117.574 E.05972
G1 X102.019 Y111.903 E.26061
M73 P75 R9
G1 X100.705 Y110.941 E.05291
SET_VELOCITY_LIMIT ACCEL=8000 ACCEL_TO_DECEL=4000
G1 X91.083 Y109.152 F24000
SET_VELOCITY_LIMIT ACCEL=6000 ACCEL_TO_DECEL=3000
G1 F6141.304
G1 X91.046 Y107.524 E.05291
G1 X91.922 Y106.648 E.04025
G1 X91.317 Y106.662 E.01964
G1 X93.395 Y108.739 E.09545
G1 X93.487 Y112.759 E.13064
G1 X91.219 Y115.027 E.10425
G1 X91.2 Y114.221 E.0262
G1 X93.576 Y116.597 E.10917
G1 X93.66 Y120.262 E.11913
G1 X91.392 Y122.53 E.10425
G1 X91.381 Y122.078 E.01469
G1 X93.757 Y124.454 E.10917
G1 X93.833 Y127.765 E.10762
G1 X91.565 Y130.033 E.10425
G1 X91.562 Y129.935 E.00318
G1 X93.938 Y132.311 E.10917
G1 X93.976 Y133.939 E.05291
SET_VELOCITY_LIMIT ACCEL=8000 ACCEL_TO_DECEL=4000
G1 X96.354 Y134.833 F24000
SET_VELOCITY_LIMIT ACCEL=6000 ACCEL_TO_DECEL=3000
;TYPE:Internal solid infill
;WIDTH:0.419999
G1 F6629.911
G1 X95.72 Y107.346 E.82757
G1 X94.738 Y106.627 E.03663
G1 X93.739 Y106.65 E.03009
G1 X94.384 Y134.655 E.84315
G1 X95.953 Y134.618 E.04723
G1 X96.301 Y134.805 E.01188
SET_VELOCITY_LIMIT ACCEL=8000 ACCEL_TO_DECEL=4000
G1 X95.963 Y134.241 F24000
SET_VELOCITY_LIMIT ACCEL=6000 ACCEL_TO_DECEL=3000
G1 F6629.911
G1 X95.347 Y107.541 E.8039
G1 X94.619 Y107.007 E.02718
G1 X94.124 Y107.019 E.01489
G1 X94.752 Y134.269 E.82045
G1 X95.903 Y134.242 E.03464
SET_VELOCITY_LIMIT ACCEL=8000 ACCEL_TO_DECEL=4000
G1 X95.557 Y133.853 F24000
SET_VELOCITY_LIMIT ACCEL=6000 ACCEL_TO_DECEL=3000
;WIDTH:0.459757
G1 F5997.556
G1 X94.955 Y107.745 E.86894
G1 X94.531 Y107.435 E.01749
G1 X95.14 Y133.863 E.87959
G1 X95.497 Y133.855 E.01187
;TIME_ELAPSED:1756.164185

;LAYER_CHANGE
;:19.2
;HEIGHT:0.200001
;BEFORE_LAYER_CHANGE
;19.2
G92 E0

G1 E-.8 F2400
;WIPE_START
G1 F5997.556
G1 X95.14 Y133.863
G1 X95.102 Y132.22
;WIPE_END
EXCLUDE_OBJECT_END NAME=arm.stl_id_0_copy_0
;_SET_FAN_SPEED_CHANGING_LAYER
; OBJECT_ID: 15
EXCLUDE_OBJECT_START NAME=arm.stl_id_0_copy_0
SET_VELOCITY_LIMIT ACCEL=8000 ACCEL_TO_DECEL=4000
G1 X102.712 Y132.814 Z19.4 F24000
G1 X135.954 Y135.409 Z19.4
G1 Z19.2
G1 E.8 F2400
SET_VELOCITY_LIMIT ACCEL=4000 ACCEL_TO_DECEL=2000 SQUARE_CORNER_VELOCITY=6
;TYPE:Inner wall
;WIDTH:0.45
G1 F6141.304
G1 X164.594 Y110.23 E1.23917
G1 X169.081 Y115.334 E.22083
G1 X125.56 Y153.597 E1.88305
G1 X95.015 Y134.457 E1.1713
G1 X95.028 Y135.032 E.01869
G1 X91.334 Y135.117 E.1201
G1 X90.67 Y106.329 E.93572
G1 X94.862 Y106.232 E.13626
G1 X95.503 Y106.702 E.02582
G1 X135.393 Y135.903 E1.60641
G1 X135.909 Y135.449 E.02233
SET_VELOCITY_LIMIT ACCEL=8000 ACCEL_TO_DECEL=4000 SQUARE_CORNER_VELOCITY=8
G1 X135.37 Y135.4 F24000
SET_VELOCITY_LIMIT ACCEL=4000 ACCEL_TO_DECEL=2000 SQUARE_CORNER_VELOCITY=6
;TYPE:Outer wall
;WIDTH:0.42
G1 F6629.9
G1 X164.629 Y109.677 E1.17266
G1 X169.634 Y115.37 E.22816
G1 X125.599 Y154.084 E1.76488
G1 X95.424 Y135.176 E1.07186
G1 X95.429 Y135.415 E.0072
G1 X90.951 Y135.518 E.13485
G1 X90.269 Y105.946 E.89036
G1 X94.986 Y105.837 E.14203
G1 X95.735 Y106.385 E.02792
G1 X135.322 Y135.365 E1.47674
G1 E-.8 F2400
;WIPE_START
G1 F6629.9
G1 X136.826 Y134.047
;WIPE_END
SET_VELOCITY_LIMIT ACCEL=8000 ACCEL_TO_DECEL=4000 SQUARE_CORNER_VELOCITY=8
G1 X135.511 Y141.565 Z19.6 F24000
G1 X134.929 Y144.896 Z19.6
G1 Z19.2
G1 E.8 F2400
SET_VELOCITY_LIMIT ACCEL=6000 ACCEL_TO_DECEL=3000
;TYPE:Sparse infill
;WIDTH:0.45
G1 F6141.304
G1 X136.152 Y143.821 E.05291
G1 X110.286 Y117.955 E1.18866
G1 X106.451 Y115.147 E.15444
G1 X97.088 Y124.51 E.43026
G1 X97.165 Y127.862 E.10896
G1 X117.335 Y148.032 E.9269
G1 X118.741 Y148.913 E.0539
G1 X133.041 Y134.613 E.65716
G1 X135.413 Y136.349 E.09552
G1 X135.915 Y135.908 E.02172
G1 X140.237 Y140.229 E.19861
G1 X139.014 Y141.305 E.05291
SET_VELOCITY_LIMIT ACCEL=8000 ACCEL_TO_DECEL=4000
G1 X153.477 Y120.468 F24000
SET_VELOCITY_LIMIT ACCEL=6000 ACCEL_TO_DECEL=3000
G1 F6141.304
G1 X152.254 Y121.543 E.05291
G1 X156.576 Y125.865 E.19861
G1 X152.491 Y129.456 E.17674
G1 X148.169 Y125.134 E.19861
G1 X144.084 Y128.725 E.17674
G1 X148.406 Y133.047 E.19861
G1 X144.321 Y136.638 E.17674
G1 X140 Y132.317 E.19861
G1 X141.222 Y131.241 E.05291
SET_VELOCITY_LIMIT ACCEL=8000 ACCEL_TO_DECEL=4000
G1 X164.745 Y118.682 F24000
SET_VELOCITY_LIMIT ACCEL=6000 ACCEL_TO_DECEL=3000
G1 F6141.304
G1 X160.423 Y114.361 E.19861
G1 X156.339 Y117.952 E.17674
G1 X160.66 Y122.274 E.19861
G1 X161.253 Y121.753 E.02563
G1 X168.175 Y114.831 E.31809
G1 X164.584 Y110.746 E.17674
G1 X123.46 Y151.87 E1.88983
G1 X124.84 Y152.734 E.05291
SET_VELOCITY_LIMIT ACCEL=8000 ACCEL_TO_DECEL=4000
G1 X96.602 Y135.258 F24000
SET_VELOCITY_LIMIT ACCEL=2000 ACCEL_TO_DECEL=1000
;TYPE:Top surface
;WIDTH:0.424215
G1 F6556.603
G1 X97.102 Y134.758 E.02151
SET_VELOCITY_LIMIT ACCEL=8000 ACCEL_TO_DECEL=4000
G1 X97.09 Y134.231 F24000
SET_VELOCITY_LIMIT ACCEL=2000 ACCEL_TO_DECEL=1000
G1 F6556.603
G1 X96.271 Y135.05 E.03526
SET_VELOCITY_LIMIT ACCEL=8000 ACCEL_TO_DECEL=4000
G1 X95.939 Y134.843 F24000
SET_VELOCITY_LIMIT ACCEL=2000 ACCEL_TO_DECEL=1000
G1 F6556.603
G1 X97.078 Y133.704 E.049
SET_VELOCITY_LIMIT ACCEL=8000 ACCEL_TO_DECEL=4000
G1 X97.065 Y133.177 F24000
SET_VELOCITY_LIMIT ACCEL=2000 ACCEL_TO_DECEL=1000
G1 F6556.603
G1 X95.608 Y134.635 E.06275
SET_VELOCITY_LIMIT ACCEL=8000 ACCEL_TO_DECEL=4000
G1 X95.276 Y134.427 F24000
SET_VELOCITY_LIMIT ACCEL=2000 ACCEL_TO_DECEL=1000
G1 F6556.603
G1 X97.053 Y132.65 E.07649
SET_VELOCITY_LIMIT ACCEL=8000 ACCEL_TO_DECEL=4000
G1 X97.041 Y132.123 F24000
SET_VELOCITY_LIMIT ACCEL=2000 ACCEL_TO_DECEL=1000
G1 F6556.603
G1 X94.945 Y134.22 E.09024
SET_VELOCITY_LIMIT ACCEL=8000 ACCEL_TO_DECEL=4000
G1 X94.848 Y134.316 F24000
SET_VELOCITY_LIMIT ACCEL=2000 ACCEL_TO_DECEL=1000
G1 F6556.603
G1 X94.279 Y134.886 E.02452
SET_VELOCITY_LIMIT ACCEL=8000 ACCEL_TO_DECEL=4000
G1 X94.033 Y134.592 F24000
SET_VELOCITY_LIMIT ACCEL=2000 ACCEL_TO_DECEL=1000
G1 F6556.603
G1 X97.029 Y131.596 E.12896
SET_VELOCITY_LIMIT ACCEL=8000 ACCEL_TO_DECEL=4000
G1 X97.017 Y131.069 F24000
SET_VELOCITY_LIMIT ACCEL=2000 ACCEL_TO_DECEL=1000
G1 F6556.603
G1 X94.021 Y134.065 E.12896
SET_VELOCITY_LIMIT ACCEL=8000 ACCEL_TO_DECEL=4000
G1 X94.009 Y133.538 F24000
SET_VELOCITY_LIMIT ACCEL=2000 ACCEL_TO_DECEL=1000
G1 F6556.603
G1 X97.005 Y130.542 E.12896
SET_VELOCITY_LIMIT ACCEL=8000 ACCEL_TO_DECEL=4000
G1 X96.992 Y130.015 F24000
SET_VELOCITY_LIMIT ACCEL=2000 ACCEL_TO_DECEL=1000
G1 F6556.603
G1 X93.997 Y133.011 E.12896
SET_VELOCITY_LIMIT ACCEL=8000 ACCEL_TO_DECEL=4000
G1 X93.984 Y132.484 F24000
SET_VELOCITY_LIMIT ACCEL=2000 ACCEL_TO_DECEL=1000
G1 F6556.603
G1 X96.98 Y129.488 E.12896
SET_VELOCITY_LIMIT ACCEL=8000 ACCEL_TO_DECEL=4000
G1 X96.968 Y128.961 F24000
SET_VELOCITY_LIMIT ACCEL=2000 ACCEL_TO_DECEL=1000
G1 F6556.603
G1 X93.972 Y131.956 E.12896
SET_VELOCITY_LIMIT ACCEL=8000 ACCEL_TO_DECEL=4000
G1 X93.96 Y131.429 F24000
SET_VELOCITY_LIMIT ACCEL=2000 ACCEL_TO_DECEL=1000
G1 F6556.603
G1 X96.956 Y128.433 E.12896
SET_VELOCITY_LIMIT ACCEL=8000 ACCEL_TO_DECEL=4000
G1 X96.944 Y127.906 F24000
SET_VELOCITY_LIMIT ACCEL=2000 ACCEL_TO_DECEL=1000
G1 F6556.603
G1 X93.948 Y130.902 E.12896
SET_VELOCITY_LIMIT ACCEL=8000 ACCEL_TO_DECEL=4000
G1 X93.936 Y130.375 F24000
SET_VELOCITY_LIMIT ACCEL=2000 ACCEL_TO_DECEL=1000
G1 F6556.603
G1 X96.932 Y127.379 E.12896
SET_VELOCITY_LIMIT ACCEL=8000 ACCEL_TO_DECEL=4000
G1 X96.92 Y126.852 F24000
SET_VELOCITY_LIMIT ACCEL=2000 ACCEL_TO_DECEL=1000
G1 F6556.603
G1 X93.924 Y129.848 E.12896
SET_VELOCITY_LIMIT ACCEL=8000 ACCEL_TO_DECEL=4000
G1 X93.912 Y129.321 F24000
SET_VELOCITY_LIMIT ACCEL=2000 ACCEL_TO_DECEL=1000
G1 F6556.603
G1 X96.907 Y126.325 E.12896
SET_VELOCITY_LIMIT ACCEL=8000 ACCEL_TO_DECEL=4000
G1 X96.895 Y125.798 F24000
SET_VELOCITY_LIMIT ACCEL=2000 ACCEL_TO_DECEL=1000
G1 F6556.603
G1 X93.899 Y128.794 E.12896
SET_VELOCITY_LIMIT ACCEL=8000 ACCEL_TO_DECEL=4000
G1 X93.887 Y128.267 F24000
SET_VELOCITY_LIMIT ACCEL=2000 ACCEL_TO_DECEL=1000
G1 F6556.603
G1 X96.883 Y125.271 E.12896
SET_VELOCITY_LIMIT ACCEL=8000 ACCEL_TO_DECEL=4000
G1 X96.871 Y124.744 F24000
SET_VELOCITY_LIMIT ACCEL=2000 ACCEL_TO_DECEL=1000
G1 F6556.603
G1 X93.875 Y127.74 E.12896
SET_VELOCITY_LIMIT ACCEL=8000 ACCEL_TO_DECEL=4000
G1 X93.863 Y127.213 F24000
SET_VELOCITY_LIMIT ACCEL=2000 ACCEL_TO_DECEL=1000
G1 F6556.603
G1 X96.859 Y124.217 E.12896
SET_VELOCITY_LIMIT ACCEL=8000 ACCEL_TO_DECEL=4000
G1 X96.847 Y123.69 F24000
SET_VELOCITY_LIMIT ACCEL=2000 ACCEL_TO_DECEL=1000
G1 F6556.603
G1 X93.851 Y126.686 E.12896
SET_VELOCITY_LIMIT ACCEL=8000 ACCEL_TO_DECEL=4000
G1 X93.839 Y126.159 F24000
SET_VELOCITY_LIMIT ACCEL=2000 ACCEL_TO_DECEL=1000
G1 F6556.603
G1 X96.835 Y123.163 E.12896
SET_VELOCITY_LIMIT ACCEL=8000 ACCEL_TO_DECEL=4000
G1 X96.822 Y122.636 F24000
SET_VELOCITY_LIMIT ACCEL=2000 ACCEL_TO_DECEL=1000
G1 F6556.603
G1 X93.826 Y125.632 E.12896
SET_VELOCITY_LIMIT ACCEL=8000 ACCEL_TO_DECEL=4000
G1 X93.814 Y125.104 F24000
SET_VELOCITY_LIMIT ACCEL=2000 ACCEL_TO_DECEL=1000
G1 F6556.603
G1 X96.81 Y122.109 E.12896
SET_VELOCITY_LIMIT ACCEL=8000 ACCEL_TO_DECEL=4000
G1 X96.798 Y121.581 F24000
SET_VELOCITY_LIMIT ACCEL=2000 ACCEL_TO_DECEL=1000
G1 F6556.603
G1 X93.802 Y124.577 E.12896
SET_VELOCITY_LIMIT ACCEL=8000 ACCEL_TO_DECEL=4000
G1 X93.79 Y124.05 F24000
SET_VELOCITY_LIMIT ACCEL=2000 ACCEL_TO_DECEL=1000
G1 F6556.603
G1 X96.786 Y121.054 E.12896
SET_VELOCITY_LIMIT ACCEL=8000 ACCEL_TO_DECEL=4000
G1 X96.774 Y120.527 F24000
SET_VELOCITY_LIMIT ACCEL=2000 ACCEL_TO_DECEL=1000
G1 F6556.603
G1 X93.778 Y123.523 E.12896
SET_VELOCITY_LIMIT ACCEL=8000 ACCEL_TO_DECEL=4000
G1 X93.766 Y122.996 F24000
SET_VELOCITY_LIMIT ACCEL=2000 ACCEL_TO_DECEL=1000
G1 F6556.603
G1 X96.762 Y120 E.12896
SET_VELOCITY_LIMIT ACCEL=8000 ACCEL_TO_DECEL=4000
G1 X96.749 Y119.473 F24000
SET_VELOCITY_LIMIT ACCEL=2000 ACCEL_TO_DECEL=1000
G1 F6556.603
G1 X93.754 Y122.469 E.12896
SET_VELOCITY_LIMIT ACCEL=8000 ACCEL_TO_DECEL=4000
G1 X93.741 Y121.942 F24000
SET_VELOCITY_LIMIT ACCEL=2000 ACCEL_TO_DECEL=1000
G1 F6556.603
G1 X96.737 Y118.946 E.12896
SET_VELOCITY_LIMIT ACCEL=8000 ACCEL_TO_DECEL=4000
G1 X96.725 Y118.419 F24000
SET_VELOCITY_LIMIT ACCEL=2000 ACCEL_TO_DECEL=1000
G1 F6556.603
G1 X93.729 Y121.415 E.12896
SET_VELOCITY_LIMIT ACCEL=8000 ACCEL_TO_DECEL=4000
G1 X93.717 Y120.888 F24000
SET_VELOCITY_LIMIT ACCEL=2000 ACCEL_TO_DECEL=1000
G1 F6556.603
G1 X96.713 Y117.892 E.12896
SET_VELOCITY_LIMIT ACCEL=8000 ACCEL_TO_DECEL=4000
G1 X96.701 Y117.365 F24000
SET_VELOCITY_LIMIT ACCEL=2000 ACCEL_TO_DECEL=1000
G1 F6556.603
G1 X93.705 Y120.361 E.12896
SET_VELOCITY_LIMIT ACCEL=8000 ACCEL_TO_DECEL=4000
G1 X93.693 Y119.834 F24000
SET_VELOCITY_LIMIT ACCEL=2000 ACCEL_TO_DECEL=1000
G1 F6556.603
G1 X96.689 Y116.838 E.12896
SET_VELOCITY_LIMIT ACCEL=8000 ACCEL_TO_DECEL=4000
G1 X96.677 Y116.311 F24000
SET_VELOCITY_LIMIT ACCEL=2000 ACCEL_TO_DECEL=1000
G1 F6556.603
G1 X93.681 Y119.307 E.12896
SET_VELOCITY_LIMIT ACCEL=8000 ACCEL_TO_DECEL=4000
G1 X93.669 Y118.779 F24000
SET_VELOCITY_LIMIT ACCEL=2000 ACCEL_TO_DECEL=1000
G1 F6556.603
G1 X96.664 Y115.784 E.12896
SET_VELOCITY_LIMIT ACCEL=8000 ACCEL_TO_DECEL=4000
G1 X96.652 Y115.256 F24000
SET_VELOCITY_LIMIT ACCEL=2000 ACCEL_TO_DECEL=1000
G1 F6556.603
G1 X93.656 Y118.252 E.12896
SET_VELOCITY_LIMIT ACCEL=8000 ACCEL_TO_DECEL=4000
G1 X93.644 Y117.725 F24000
SET_VELOCITY_LIMIT ACCEL=2000 ACCEL_TO_DECEL=1000
G1 F6556.603
G1 X96.64 Y114.729 E.12896
SET_VELOCITY_LIMIT ACCEL=8000 ACCEL_TO_DECEL=4000
G1 X96.628 Y114.202 F24000
SET_VELOCITY_LIMIT ACCEL=2000 ACCEL_TO_DECEL=1000
G1 F6556.603
G1 X93.632 Y117.198 E.12896
SET_VELOCITY_LIMIT ACCEL=8000 ACCEL_TO_DECEL=4000
G1 X93.62 Y116.671 F24000
SET_VELOCITY_LIMIT ACCEL=2000 ACCEL_TO_DECEL=1000
G1 F6556.603
G1 X96.616 Y113.675 E.12896
SET_VELOCITY_LIMIT ACCEL=8000 ACCEL_TO_DECEL=4000
G1 X96.604 Y113.148 F24000
SET_VELOCITY_LIMIT ACCEL=2000 ACCEL_TO_DECEL=1000
G1 F6556.603
G1 X93.608 Y116.144 E.12896
SET_VELOCITY_LIMIT ACCEL=8000 ACCEL_TO_DECEL=4000
G1 X93.596 Y115.617 F24000
SET_VELOCITY_LIMIT ACCEL=2000 ACCEL_TO_DECEL=1000
G1 F6556.603
G1 X96.591 Y112.621 E.12896
SET_VELOCITY_LIMIT ACCEL=8000 ACCEL_TO_DECEL=4000
G1 X96.579 Y112.094 F24000
SET_VELOCITY_LIMIT ACCEL=2000 ACCEL_TO_DECEL=1000
G1 F6556.603
G1 X93.583 Y115.09 E.12896
SET_VELOCITY_LIMIT ACCEL=8000 ACCEL_TO_DECEL=4000
G1 X93.571 Y114.563 F24000
SET_VELOCITY_LIMIT ACCEL=2000 ACCEL_TO_DECEL=1000
G1 F6556.603
G1 X96.567 Y111.567 E.12896
SET_VELOCITY_LIMIT ACCEL=8000 ACCEL_TO_DECEL=4000
G1 X96.555 Y111.04 F24000
SET_VELOCITY_LIMIT ACCEL=2000 ACCEL_TO_DECEL=1000
G1 F6556.603
G1 X93.559 Y114.036 E.12896
SET_VELOCITY_LIMIT ACCEL=8000 ACCEL_TO_DECEL=4000
G1 X93.547 Y113.509 F24000
SET_VELOCITY_LIMIT ACCEL=2000 ACCEL_TO_DECEL=1000
G1 F6556.603
G1 X96.543 Y110.513 E.12896
SET_VELOCITY_LIMIT ACCEL=8000 ACCEL_TO_DECEL=4000
G1 X96.531 Y109.986 F24000
SET_VELOCITY_LIMIT ACCEL=2000 ACCEL_TO_DECEL=1000
G1 F6556.603
G1 X93.535 Y112.982 E.12896
SET_VELOCITY_LIMIT ACCEL=8000 ACCEL_TO_DECEL=4000
G1 X93.523 Y112.454 F24000
SET_VELOCITY_LIMIT ACCEL=2000 ACCEL_TO_DECEL=1000
G1 F6556.603
G1 X96.519 Y109.459 E.12896
SET_VELOCITY_LIMIT ACCEL=8000 ACCEL_TO_DECEL=4000
G1 X96.506 Y108.931 F24000
SET_VELOCITY_LIMIT ACCEL=2000 ACCEL_TO_DECEL=1000
G1 F6556.603
G1 X93.511 Y111.927 E.12896
SET_VELOCITY_LIMIT ACCEL=8000 ACCEL_TO_DECEL=4000
G1 X93.498 Y111.4 F24000
SET_VELOCITY_LIMIT ACCEL=2000 ACCEL_TO_DECEL=1000
G1 F6556.603
G1 X96.494 Y108.404 E.12896
SET_VELOCITY_LIMIT ACCEL=8000 ACCEL_TO_DECEL=4000
G1 X96.482 Y107.877 F24000
SET_VELOCITY_LIMIT ACCEL=2000 ACCEL_TO_DECEL=1000
G1 F6556.603
G1 X93.486 Y110.873 E.12896
SET_VELOCITY_LIMIT ACCEL=8000 ACCEL_TO_DECEL=4000
G1 X93.474 Y110.346 F24000
SET_VELOCITY_LIMIT ACCEL=2000 ACCEL_TO_DECEL=1000
G1 F6556.603
G1 X96.319 Y107.501 E.12245
SET_VELOCITY_LIMIT ACCEL=8000 ACCEL_TO_DECEL=4000
G1 X96.008 Y107.273 F24000
SET_VELOCITY_LIMIT ACCEL=2000 ACCEL_TO_DECEL=1000
G1 F6556.603
G1 X93.462 Y109.819 E.10957
SET_VELOCITY_LIMIT ACCEL=8000 ACCEL_TO_DECEL=4000
G1 X93.45 Y109.292 F24000
SET_VELOCITY_LIMIT ACCEL=2000 ACCEL_TO_DECEL=1000
G1 F6556.603
G1 X95.696 Y107.046 E.0967
SET_VELOCITY_LIMIT ACCEL=8000 ACCEL_TO_DECEL=4000
G1 X95.385 Y106.818 F24000
SET_VELOCITY_LIMIT ACCEL=2000 ACCEL_TO_DECEL=1000
G1 F6556.603
G1 X93.438 Y108.765 E.08382
SET_VELOCITY_LIMIT ACCEL=8000 ACCEL_TO_DECEL=4000
G1 X93.425 Y108.238 F24000
SET_VELOCITY_LIMIT ACCEL=2000 ACCEL_TO_DECEL=1000
G1 F6556.603
G1 X95.074 Y106.59 E.07094
SET_VELOCITY_LIMIT ACCEL=8000 ACCEL_TO_DECEL=4000
G1 X94.725 Y106.399 F24000
SET_VELOCITY_LIMIT ACCEL=2000 ACCEL_TO_DECEL=1000
G1 F6556.603
G1 X93.413 Y107.711 E.05646
SET_VELOCITY_LIMIT ACCEL=8000 ACCEL_TO_DECEL=4000
G1 X93.401 Y107.184 F24000
SET_VELOCITY_LIMIT ACCEL=2000 ACCEL_TO_DECEL=1000
G1 F6556.603
G1 X94.173 Y106.412 E.03323
SET_VELOCITY_LIMIT ACCEL=8000 ACCEL_TO_DECEL=4000
G1 X94.162 Y134.721 F24000
SET_VELOCITY_LIMIT ACCEL=6000 ACCEL_TO_DECEL=3000
;TYPE:Gap infill
;WIDTH:0.126292
G1 F15000
G1 X94.122 Y134.726 E.00027
;WIDTH:0.16959
G1 X94.082 Y134.732 E.00041
G1 X94.085 Y134.783 E.00052
G1 X94.216 Y134.847 E.00147
SET_VELOCITY_LIMIT ACCEL=8000 ACCEL_TO_DECEL=4000
G1 X93.771 Y133.734 F24000
SET_VELOCITY_LIMIT ACCEL=6000 ACCEL_TO_DECEL=3000
;TYPE:Sparse infill
;WIDTH:0.45
G1 F6141.304
G1 X93.733 Y132.106 E.05291
G1 X91.562 Y129.935 E.09976
G1 X91.565 Y130.033 E.00318
G1 X93.638 Y127.96 E.09526
G1 X93.552 Y124.249 E.12063
G1 X91.381 Y122.078 E.09976
G1 X91.392 Y122.53 E.01469
G1 X93.465 Y120.457 E.09526
G1 X93.371 Y116.392 E.13214
G1 X91.2 Y114.221 E.09976
G1 X91.219 Y115.027 E.0262
G1 X93.292 Y112.954 E.09526
G1 X93.19 Y108.535 E.14365
G1 X91.317 Y106.662 E.08604
G1 X91.922 Y106.648 E.01964
G1 X91.046 Y107.524 E.04025
G1 X91.083 Y109.152 E.05291
G1 E-.8 F2400
;WIPE_START
G1 F6141.304
G1 X91.046 Y107.524
G1 X91.309 Y107.261
;WIPE_END
SET_VELOCITY_LIMIT ACCEL=8000 ACCEL_TO_DECEL=4000
G1 X98.416 Y110.045 Z19.6 F24000
G1 X100.705 Y110.941 Z19.6
G1 Z19.2
G1 E.8 F2400
SET_VELOCITY_LIMIT ACCEL=6000 ACCEL_TO_DECEL=3000
G1 F6141.304
G1 X102.019 Y111.903 E.05291
G1 X96.915 Y117.007 E.23455
G1 X96.984 Y120.005 E.09745
G1 X127.982 Y151.003 E1.4245
G1 X132.067 Y147.412 E.17674
G1 X96.803 Y112.148 E1.62054
G1 X96.742 Y109.504 E.08594
G1 X97.587 Y108.659 E.03884
G1 X98.901 Y109.621 E.05291
SET_VELOCITY_LIMIT ACCEL=8000 ACCEL_TO_DECEL=4000
G1 X110.882 Y118.391 F24000
SET_VELOCITY_LIMIT ACCEL=6000 ACCEL_TO_DECEL=3000
G1 F6141.304
G1 X97.261 Y132.013 E.62597
G1 X97.341 Y135.504 E.11346
G1 X99.865 Y137.085 E.09677
G1 X115.314 Y121.636 E.70996
G1 X119.746 Y124.88 E.17847
G1 X104.584 Y140.042 E.69676
G1 X109.303 Y142.999 E.18096
G1 X124.178 Y128.124 E.68356
G1 X128.609 Y131.368 E.17847
G1 X114.022 Y145.956 E.67036
G1 X112.642 Y145.091 E.05291
G1 E-.8 F2400
SET_VELOCITY_LIMIT ACCEL=8000 ACCEL_TO_DECEL=4000
G1 X119.22 Y141.22 Z19.6 F24000
G1 X141.809 Y127.926 Z19.6
G1 Z19.2
G1 E.8 F2400
SET_VELOCITY_LIMIT ACCEL=4000 ACCEL_TO_DECEL=2000 SQUARE_CORNER_VELOCITY=6
;TYPE:Inner wall
G1 F6141.304
G1 X139.666 Y125.488 E.10547
G1 X161.292 Y106.475 E.93572
G1 X163.733 Y109.251 E.1201
G1 X142.106 Y128.264 E.93572
G1 X141.849 Y127.971 E.01267
SET_VELOCITY_LIMIT ACCEL=8000 ACCEL_TO_DECEL=4000 SQUARE_CORNER_VELOCITY=8
G1 X142.071 Y128.817 F24000
SET_VELOCITY_LIMIT ACCEL=4000 ACCEL_TO_DECEL=2000 SQUARE_CORNER_VELOCITY=6
;TYPE:Outer wall
;WIDTH:0.42
G1 F6629.9
G1 X139.113 Y125.453 E.13485
G1 X161.328 Y105.922 E.89036
G1 X164.286 Y109.287 E.13485
G1 X142.116 Y128.778 E.88856
SET_VELOCITY_LIMIT ACCEL=8000 ACCEL_TO_DECEL=4000 SQUARE_CORNER_VELOCITY=8
G1 X141.873 Y127.379 F24000
SET_VELOCITY_LIMIT ACCEL=6000 ACCEL_TO_DECEL=3000
;TYPE:Internal solid infill
;WIDTH:0.453107
G1 F6094.788
G1 X142.143 Y127.687 E.01343
G1 X163.156 Y109.214 E.9161
G1 X162.885 Y108.906 E.01343
G1 X141.918 Y127.34 E.91413
SET_VELOCITY_LIMIT ACCEL=8000 ACCEL_TO_DECEL=4000
M73 P76 R9
G1 X152.796 Y114.409 F24000
SET_VELOCITY_LIMIT ACCEL=6000 ACCEL_TO_DECEL=3000
;TYPE:Sparse infill
;WIDTH:0.45
G1 F6141.304
G1 X154.298 Y115.911 E.06904
G1 X158.383 Y112.32 E.17674
G1 X156.881 Y110.818 E.06904
G1 X156.511 Y111.143 E.016
G1 X141.082 Y126.572 E.70902
G1 X141.557 Y127.112 E.02339
G1 X142.044 Y126.685 E.02104
G1 X140.541 Y125.183 E.06904
G1 X144.626 Y121.591 E.17674
G1 X146.129 Y123.094 E.06904
G1 X150.213 Y119.502 E.17674
G1 X148.711 Y118 E.06904
G1 X147.488 Y119.075 E.05291
SET_VELOCITY_LIMIT ACCEL=8000 ACCEL_TO_DECEL=4000
G1 X159.742 Y108.302 F24000
SET_VELOCITY_LIMIT ACCEL=6000 ACCEL_TO_DECEL=3000
G1 F6141.304
G1 X160.965 Y107.227 E.05291
G1 X162.468 Y108.729 E.06904
G1 X161.245 Y109.804 E.05291
;TIME_ELAPSED:1778.183472

;LAYER_CHANGE
;:19.4
;HEIGHT:0.199999
;BEFORE_LAYER_CHANGE
;19.4
G92 E0

G1 E-.8 F2400
;WIPE_START
G1 F6141.304
G1 X162.468 Y108.729
G1 X162.205 Y108.466
;WIPE_END
EXCLUDE_OBJECT_END NAME=arm.stl_id_0_copy_0
;_SET_FAN_SPEED_CHANGING_LAYER
; OBJECT_ID: 15
EXCLUDE_OBJECT_START NAME=arm.stl_id_0_copy_0
SET_VELOCITY_LIMIT ACCEL=8000 ACCEL_TO_DECEL=4000
G1 X156.646 Y113.696 Z19.6 F24000
G1 X141.677 Y127.776 Z19.6
G1 Z19.4
G1 E.8 F2400
SET_VELOCITY_LIMIT ACCEL=4000 ACCEL_TO_DECEL=2000 SQUARE_CORNER_VELOCITY=6
;TYPE:Inner wall
G1 F6141.304
G1 X139.666 Y125.488 E.09897
G1 X161.292 Y106.475 E.93572
G1 X163.601 Y109.101 E.1136
G1 X141.974 Y128.114 E.93572
G1 X141.717 Y127.821 E.01267
SET_VELOCITY_LIMIT ACCEL=8000 ACCEL_TO_DECEL=4000 SQUARE_CORNER_VELOCITY=8
G1 X141.939 Y128.667 F24000
SET_VELOCITY_LIMIT ACCEL=4000 ACCEL_TO_DECEL=2000 SQUARE_CORNER_VELOCITY=6
;TYPE:Outer wall
;WIDTH:0.42
G1 F6629.9
G1 X139.113 Y125.453 E.12883
G1 X161.328 Y105.922 E.89036
G1 X164.154 Y109.136 E.12883
G1 X141.984 Y128.628 E.88856
SET_VELOCITY_LIMIT ACCEL=8000 ACCEL_TO_DECEL=4000 SQUARE_CORNER_VELOCITY=8
G1 X141.741 Y127.229 F24000
SET_VELOCITY_LIMIT ACCEL=6000 ACCEL_TO_DECEL=3000
;TYPE:Internal solid infill
;WIDTH:0.453107
G1 F6094.781
G1 X142.011 Y127.537 E.01343
G1 X163.024 Y109.064 E.9161
G1 X162.753 Y108.756 E.01343
G1 X141.786 Y127.19 E.91414
SET_VELOCITY_LIMIT ACCEL=8000 ACCEL_TO_DECEL=4000
G1 X152.933 Y116.845 F24000
SET_VELOCITY_LIMIT ACCEL=6000 ACCEL_TO_DECEL=3000
;TYPE:Sparse infill
;WIDTH:0.45
G1 F6141.304
G1 X154.156 Y115.77 E.05291
G1 X152.796 Y114.409 E.06252
SET_VELOCITY_LIMIT ACCEL=8000 ACCEL_TO_DECEL=4000
G1 X159.742 Y108.302 F24000
SET_VELOCITY_LIMIT ACCEL=6000 ACCEL_TO_DECEL=3000
G1 F6141.304
G1 X160.965 Y107.227 E.05291
G1 X162.326 Y108.587 E.06252
G1 X158.241 Y112.178 E.17674
G1 X156.881 Y110.818 E.06252
G1 X156.511 Y111.143 E.016
G1 X141.082 Y126.572 E.70902
G1 X141.425 Y126.962 E.0169
G1 X141.902 Y126.543 E.02062
G1 X140.541 Y125.183 E.06252
G1 X144.626 Y121.591 E.17674
G1 X145.987 Y122.952 E.06252
G1 X150.072 Y119.361 E.17674
G1 X148.711 Y118 E.06252
G1 X147.488 Y119.075 E.05291
G1 E-.8 F2400
SET_VELOCITY_LIMIT ACCEL=8000 ACCEL_TO_DECEL=4000
G1 X143.086 Y125.31 Z19.8 F24000
G1 X135.954 Y135.409 Z19.8
G1 Z19.4
G1 E.8 F2400
SET_VELOCITY_LIMIT ACCEL=4000 ACCEL_TO_DECEL=2000 SQUARE_CORNER_VELOCITY=6
;TYPE:Inner wall
G1 F6141.304
G1 X164.594 Y110.23 E1.23917
G1 X169.081 Y115.334 E.22083
G1 X125.56 Y153.597 E1.88305
G1 X96.329 Y135.28 E1.12093
G1 X95.673 Y106.83 E.92472
G1 X97.115 Y107.882 E.05801
G1 X135.393 Y135.903 E1.54149
G1 X135.909 Y135.449 E.02233
SET_VELOCITY_LIMIT ACCEL=8000 ACCEL_TO_DECEL=4000 SQUARE_CORNER_VELOCITY=8
G1 X135.37 Y135.4 F24000
SET_VELOCITY_LIMIT ACCEL=4000 ACCEL_TO_DECEL=2000 SQUARE_CORNER_VELOCITY=6
;TYPE:Outer wall
;WIDTH:0.42
G1 F6629.9
G1 X164.629 Y109.677 E1.17266
G1 X169.634 Y115.37 E.22816
G1 X125.599 Y154.084 E1.76488
G1 X95.942 Y135.5 E1.05347
G1 X95.263 Y106.046 E.88681
G1 X97.347 Y107.565 E.07765
G1 X135.322 Y135.365 E1.4166
G1 E-.8 F2400
;WIPE_START
G1 F6629.9
G1 X136.826 Y134.047
;WIPE_END
SET_VELOCITY_LIMIT ACCEL=8000 ACCEL_TO_DECEL=4000 SQUARE_CORNER_VELOCITY=8
G1 X139.014 Y141.305 Z19.8 F24000
G1 Z19.4
G1 E.8 F2400
SET_VELOCITY_LIMIT ACCEL=6000 ACCEL_TO_DECEL=3000
;TYPE:Sparse infill
;WIDTH:0.45
G1 F6141.304
G1 X140.237 Y140.229 E.05291
G1 X135.915 Y135.908 E.19861
G1 X135.413 Y136.349 E.02172
G1 X133.041 Y134.613 E.09552
G1 X118.741 Y148.913 E.65716
G1 X117.335 Y148.032 E.0539
G1 X96.49 Y127.187 E.95791
G1 X96.444 Y125.154 E.06608
G1 X106.451 Y115.147 E.45987
G1 X110.286 Y117.955 E.15444
G1 X136.152 Y143.821 E1.18866
G1 X134.929 Y144.896 E.05291
SET_VELOCITY_LIMIT ACCEL=8000 ACCEL_TO_DECEL=4000
G1 X124.84 Y152.734 F24000
SET_VELOCITY_LIMIT ACCEL=6000 ACCEL_TO_DECEL=3000
G1 F6141.304
G1 X123.46 Y151.87 E.05291
G1 X164.584 Y110.746 E1.88983
G1 X168.175 Y114.831 E.17674
G1 X161.253 Y121.753 E.31809
G1 X160.66 Y122.274 E.02563
G1 X156.339 Y117.952 E.19861
G1 X160.423 Y114.361 E.17674
G1 X164.745 Y118.682 E.19861
SET_VELOCITY_LIMIT ACCEL=8000 ACCEL_TO_DECEL=4000
G1 X141.222 Y131.241 F24000
SET_VELOCITY_LIMIT ACCEL=6000 ACCEL_TO_DECEL=3000
G1 F6141.304
G1 X140 Y132.317 E.05291
G1 X144.321 Y136.638 E.19861
G1 X148.406 Y133.047 E.17674
G1 X144.084 Y128.725 E.19861
G1 X148.169 Y125.134 E.17674
G1 X152.491 Y129.456 E.19861
G1 X156.576 Y125.865 E.17674
G1 X152.254 Y121.543 E.19861
G1 X153.477 Y120.468 E.05291
G1 E-.8 F2400
;WIPE_START
G1 F6141.304
G1 X152.254 Y121.543
G1 X152.517 Y121.806
;WIPE_END
SET_VELOCITY_LIMIT ACCEL=8000 ACCEL_TO_DECEL=4000
G1 X145.926 Y125.655 Z19.8 F24000
G1 X112.642 Y145.091 Z19.8
G1 Z19.4
G1 E.8 F2400
SET_VELOCITY_LIMIT ACCEL=6000 ACCEL_TO_DECEL=3000
G1 F6141.304
G1 X114.022 Y145.956 E.05291
G1 X128.609 Y131.368 E.67036
G1 X124.178 Y128.124 E.17847
G1 X109.303 Y142.999 E.68356
G1 X104.584 Y140.042 E.18096
G1 X119.746 Y124.88 E.69676
G1 X115.314 Y121.636 E.17847
G1 X99.865 Y137.085 E.70996
G1 X96.673 Y135.084 E.12242
G1 X96.617 Y132.657 E.07889
G1 X110.882 Y118.391 E.65558
SET_VELOCITY_LIMIT ACCEL=8000 ACCEL_TO_DECEL=4000
G1 X96.272 Y107.698 F24000
SET_VELOCITY_LIMIT ACCEL=6000 ACCEL_TO_DECEL=3000
G1 F6141.304
G1 X97.587 Y108.659 E.05291
G1 X96.098 Y110.148 E.06845
G1 X96.128 Y111.473 E.04306
G1 X132.067 Y147.412 E1.65156
G1 X127.982 Y151.003 E.17674
G1 X96.309 Y119.33 E1.45552
G1 X96.271 Y117.651 E.05457
G1 X102.019 Y111.903 E.26416
G1 X100.705 Y110.941 E.05291
G1 E-.8 F2400
SET_VELOCITY_LIMIT ACCEL=8000 ACCEL_TO_DECEL=4000
G1 X98.768 Y118.324 Z19.8 F24000
G1 X94.379 Y135.047 Z19.8
G1 Z19.4
G1 E.8 F2400
SET_VELOCITY_LIMIT ACCEL=4000 ACCEL_TO_DECEL=2000 SQUARE_CORNER_VELOCITY=6
;TYPE:Inner wall
G1 F6141.304
G1 X91.334 Y135.117 E.09897
G1 X90.67 Y106.329 E.93572
G1 X94.165 Y106.248 E.1136
G1 X94.802 Y133.895 E.89863
G1 X94.829 Y135.037 E.03709
G1 X94.439 Y135.046 E.01267
SET_VELOCITY_LIMIT ACCEL=8000 ACCEL_TO_DECEL=4000 SQUARE_CORNER_VELOCITY=8
G1 X95.23 Y135.419 F24000
SET_VELOCITY_LIMIT ACCEL=4000 ACCEL_TO_DECEL=2000 SQUARE_CORNER_VELOCITY=6
;TYPE:Outer wall
;WIDTH:0.42
G1 F6629.9
G1 X90.951 Y135.518 E.12883
G1 X90.269 Y105.946 E.89036
G1 X94.548 Y105.847 E.12883
G1 X95.194 Y133.886 E.8442
G1 X95.228 Y135.359 E.04435
SET_VELOCITY_LIMIT ACCEL=8000 ACCEL_TO_DECEL=4000 SQUARE_CORNER_VELOCITY=8
G1 X94.411 Y134.637 F24000
SET_VELOCITY_LIMIT ACCEL=6000 ACCEL_TO_DECEL=3000
;TYPE:Internal solid infill
;WIDTH:0.453108
G1 F6094.766
G1 X93.766 Y106.666 E.9161
G1 X93.356 Y106.676 E.01343
G1 X94 Y134.647 E.9161
G1 X94.351 Y134.639 E.01147
SET_VELOCITY_LIMIT ACCEL=8000 ACCEL_TO_DECEL=4000
G1 X91.083 Y109.152 F24000
SET_VELOCITY_LIMIT ACCEL=6000 ACCEL_TO_DECEL=3000
;TYPE:Sparse infill
;WIDTH:0.45
G1 F6141.304
G1 X91.046 Y107.524 E.05291
G1 X91.922 Y106.648 E.04025
G1 X91.317 Y106.662 E.01964
G1 X92.985 Y108.33 E.07663
G1 X93.096 Y113.15 E.15666
G1 X91.219 Y115.027 E.08627
G1 X91.2 Y114.221 E.0262
G1 X93.166 Y116.187 E.09035
G1 X93.269 Y120.653 E.14515
G1 X91.392 Y122.53 E.08627
G1 X91.381 Y122.078 E.01469
G1 X93.347 Y124.044 E.09035
G1 X93.442 Y128.156 E.13364
G1 X91.565 Y130.033 E.08627
G1 X91.562 Y129.935 E.00318
G1 X93.528 Y131.901 E.09035
G1 X93.566 Y133.529 E.05291
;TIME_ELAPSED:1796.162354

;LAYER_CHANGE
;:19.6
;HEIGHT:0.200001
;BEFORE_LAYER_CHANGE
;19.6
G92 E0

G1 E-.8 F2400
;WIPE_START
G1 F6141.304
G1 X93.528 Y131.901
G1 X93.266 Y131.638
;WIPE_END
EXCLUDE_OBJECT_END NAME=arm.stl_id_0_copy_0
;_SET_FAN_SPEED_CHANGING_LAYER
; OBJECT_ID: 15
EXCLUDE_OBJECT_START NAME=arm.stl_id_0_copy_0
SET_VELOCITY_LIMIT ACCEL=8000 ACCEL_TO_DECEL=4000
G1 X100.872 Y131.006 Z19.8 F24000
G1 X141.545 Y127.626 Z19.8
G1 Z19.6
G1 E.8 F2400
SET_VELOCITY_LIMIT ACCEL=4000 ACCEL_TO_DECEL=2000 SQUARE_CORNER_VELOCITY=6
;TYPE:Inner wall
G1 F6141.304
G1 X139.666 Y125.488 E.09248
G1 X161.292 Y106.475 E.93572
G1 X163.469 Y108.951 E.1071
G1 X141.842 Y127.964 E.93572
G1 X141.585 Y127.671 E.01267
SET_VELOCITY_LIMIT ACCEL=8000 ACCEL_TO_DECEL=4000 SQUARE_CORNER_VELOCITY=8
G1 X141.807 Y128.517 F24000
SET_VELOCITY_LIMIT ACCEL=4000 ACCEL_TO_DECEL=2000 SQUARE_CORNER_VELOCITY=6
;TYPE:Outer wall
;WIDTH:0.42
G1 F6629.9
G1 X139.113 Y125.453 E.12281
G1 X161.328 Y105.922 E.89036
G1 X164.022 Y108.986 E.12281
G1 X141.852 Y128.477 E.88856
SET_VELOCITY_LIMIT ACCEL=8000 ACCEL_TO_DECEL=4000 SQUARE_CORNER_VELOCITY=8
G1 X141.608 Y127.079 F24000
SET_VELOCITY_LIMIT ACCEL=6000 ACCEL_TO_DECEL=3000
;TYPE:Internal solid infill
;WIDTH:0.453107
G1 F6094.788
G1 X141.879 Y127.387 E.01343
G1 X162.892 Y108.914 E.9161
G1 X162.621 Y108.605 E.01343
G1 X141.654 Y127.039 E.91413
SET_VELOCITY_LIMIT ACCEL=8000 ACCEL_TO_DECEL=4000
M73 P76 R8
G1 X147.488 Y119.075 F24000
SET_VELOCITY_LIMIT ACCEL=6000 ACCEL_TO_DECEL=3000
;TYPE:Sparse infill
;WIDTH:0.45
G1 F6141.304
G1 X148.711 Y118 E.05291
G1 X149.93 Y119.219 E.05601
G1 X145.845 Y122.81 E.17674
G1 X144.626 Y121.591 E.05601
G1 X140.541 Y125.183 E.17674
G1 X141.76 Y126.401 E.05601
G1 X141.293 Y126.812 E.02021
G1 X141.082 Y126.572 E.0104
G1 X156.511 Y111.143 E.70902
G1 X156.881 Y110.818 E.016
G1 X158.099 Y112.037 E.05601
G1 X162.184 Y108.445 E.17674
G1 X160.965 Y107.227 E.05601
G1 X159.742 Y108.302 E.05291
SET_VELOCITY_LIMIT ACCEL=8000 ACCEL_TO_DECEL=4000
G1 X152.796 Y114.409 F24000
SET_VELOCITY_LIMIT ACCEL=6000 ACCEL_TO_DECEL=3000
G1 F6141.304
G1 X154.015 Y115.628 E.05601
G1 X155.238 Y114.553 E.05291
G1 E-.8 F2400
SET_VELOCITY_LIMIT ACCEL=8000 ACCEL_TO_DECEL=4000
G1 X150.056 Y120.157 Z20 F24000
G1 X135.954 Y135.409 Z20
G1 Z19.6
G1 E.8 F2400
SET_VELOCITY_LIMIT ACCEL=4000 ACCEL_TO_DECEL=2000 SQUARE_CORNER_VELOCITY=6
;TYPE:Inner wall
G1 F6141.304
M73 P77 R8
G1 X164.594 Y110.23 E1.23917
G1 X169.081 Y115.334 E.22083
G1 X125.56 Y153.597 E1.88305
G1 X96.329 Y135.28 E1.12093
G1 X95.673 Y106.831 E.92467
G1 X98.728 Y109.062 E.12291
G1 X135.393 Y135.903 E1.47656
G1 X135.909 Y135.449 E.02233
SET_VELOCITY_LIMIT ACCEL=8000 ACCEL_TO_DECEL=4000 SQUARE_CORNER_VELOCITY=8
G1 X135.37 Y135.4 F24000
SET_VELOCITY_LIMIT ACCEL=4000 ACCEL_TO_DECEL=2000 SQUARE_CORNER_VELOCITY=6
;TYPE:Outer wall
;WIDTH:0.42
G1 F6629.9
G1 X164.629 Y109.677 E1.17266
G1 X169.634 Y115.37 E.22816
G1 X125.599 Y154.084 E1.76488
G1 X95.942 Y135.5 E1.05347
G1 X95.263 Y106.046 E.88679
G1 X98.959 Y108.746 E.13778
G1 X135.322 Y135.365 E1.35646
G1 E-.8 F2400
;WIPE_START
G1 F6629.9
G1 X136.826 Y134.047
;WIPE_END
SET_VELOCITY_LIMIT ACCEL=8000 ACCEL_TO_DECEL=4000 SQUARE_CORNER_VELOCITY=8
G1 X135.511 Y141.565 Z20 F24000
G1 X134.929 Y144.896 Z20
G1 Z19.6
G1 E.8 F2400
SET_VELOCITY_LIMIT ACCEL=6000 ACCEL_TO_DECEL=3000
;TYPE:Sparse infill
;WIDTH:0.45
G1 F6141.304
G1 X136.152 Y143.821 E.05291
G1 X110.286 Y117.955 E1.18866
G1 X106.451 Y115.147 E.15444
G1 X96.444 Y125.154 E.45987
G1 X96.49 Y127.187 E.06608
G1 X117.335 Y148.032 E.95791
G1 X118.741 Y148.913 E.0539
G1 X133.041 Y134.613 E.65716
G1 X135.413 Y136.349 E.09552
G1 X135.915 Y135.908 E.02172
G1 X140.237 Y140.229 E.19861
G1 X139.014 Y141.305 E.05291
SET_VELOCITY_LIMIT ACCEL=8000 ACCEL_TO_DECEL=4000
G1 X153.477 Y120.468 F24000
SET_VELOCITY_LIMIT ACCEL=6000 ACCEL_TO_DECEL=3000
G1 F6141.304
G1 X152.254 Y121.543 E.05291
G1 X156.576 Y125.865 E.19861
G1 X152.491 Y129.456 E.17674
G1 X148.169 Y125.134 E.19861
G1 X144.084 Y128.725 E.17674
G1 X148.406 Y133.047 E.19861
G1 X144.321 Y136.638 E.17674
G1 X140 Y132.317 E.19861
G1 X141.222 Y131.241 E.05291
SET_VELOCITY_LIMIT ACCEL=8000 ACCEL_TO_DECEL=4000
G1 X164.745 Y118.682 F24000
SET_VELOCITY_LIMIT ACCEL=6000 ACCEL_TO_DECEL=3000
G1 F6141.304
G1 X160.423 Y114.361 E.19861
G1 X156.339 Y117.952 E.17674
G1 X160.66 Y122.274 E.19861
G1 X161.253 Y121.753 E.02563
G1 X168.175 Y114.831 E.31809
G1 X164.584 Y110.746 E.17674
G1 X123.46 Y151.87 E1.88983
G1 X124.84 Y152.734 E.05291
SET_VELOCITY_LIMIT ACCEL=8000 ACCEL_TO_DECEL=4000
G1 X110.882 Y118.391 F24000
SET_VELOCITY_LIMIT ACCEL=6000 ACCEL_TO_DECEL=3000
G1 F6141.304
G1 X96.617 Y132.657 E.65558
G1 X96.673 Y135.084 E.07889
G1 X99.865 Y137.085 E.12242
G1 X115.314 Y121.636 E.70996
G1 X119.746 Y124.88 E.17847
G1 X104.584 Y140.042 E.69676
G1 X109.303 Y142.999 E.18096
G1 X124.178 Y128.124 E.68356
G1 X128.609 Y131.368 E.17847
G1 X114.022 Y145.956 E.67036
G1 X112.642 Y145.091 E.05291
SET_VELOCITY_LIMIT ACCEL=8000 ACCEL_TO_DECEL=4000
G1 X100.705 Y110.941 F24000
SET_VELOCITY_LIMIT ACCEL=6000 ACCEL_TO_DECEL=3000
G1 F6141.304
G1 X102.019 Y111.903 E.05291
G1 X96.271 Y117.651 E.26416
G1 X96.309 Y119.33 E.05457
G1 X127.982 Y151.003 E1.45552
G1 X132.067 Y147.412 E.17674
G1 X96.128 Y111.473 E1.65156
G1 X96.098 Y110.148 E.04306
G1 X97.586 Y108.66 E.06841
G1 X96.271 Y107.699 E.05291
G1 E-.8 F2400
SET_VELOCITY_LIMIT ACCEL=8000 ACCEL_TO_DECEL=4000
G1 X95.689 Y115.31 Z20 F24000
G1 X94.179 Y135.051 Z20
G1 Z19.6
G1 E.8 F2400
SET_VELOCITY_LIMIT ACCEL=4000 ACCEL_TO_DECEL=2000 SQUARE_CORNER_VELOCITY=6
;TYPE:Inner wall
G1 F6141.304
G1 X91.334 Y135.117 E.09248
G1 X90.67 Y106.329 E.93572
G1 X93.965 Y106.253 E.1071
G1 X94.575 Y132.698 E.85955
G1 X94.629 Y135.041 E.07616
G1 X94.239 Y135.05 E.01267
SET_VELOCITY_LIMIT ACCEL=8000 ACCEL_TO_DECEL=4000 SQUARE_CORNER_VELOCITY=8
G1 X95.03 Y135.424 F24000
SET_VELOCITY_LIMIT ACCEL=4000 ACCEL_TO_DECEL=2000 SQUARE_CORNER_VELOCITY=6
;TYPE:Outer wall
;WIDTH:0.42
G1 F6629.9
G1 X90.951 Y135.518 E.12281
G1 X90.269 Y105.946 E.89036
G1 X94.348 Y105.852 E.12281
G1 X94.967 Y132.689 E.80801
G1 X95.028 Y135.364 E.08054
SET_VELOCITY_LIMIT ACCEL=8000 ACCEL_TO_DECEL=4000 SQUARE_CORNER_VELOCITY=8
G1 X94.211 Y134.642 F24000
SET_VELOCITY_LIMIT ACCEL=6000 ACCEL_TO_DECEL=3000
;TYPE:Internal solid infill
;WIDTH:0.453106
G1 F6094.796
G1 X93.566 Y106.671 E.9161
G1 X93.156 Y106.68 E.01343
G1 X93.801 Y134.651 E.9161
G1 X94.151 Y134.643 E.01147
SET_VELOCITY_LIMIT ACCEL=8000 ACCEL_TO_DECEL=4000
G1 X93.361 Y133.324 F24000
SET_VELOCITY_LIMIT ACCEL=6000 ACCEL_TO_DECEL=3000
;TYPE:Sparse infill
;WIDTH:0.45
G1 F6141.304
G1 X93.324 Y131.696 E.05291
G1 X91.562 Y129.935 E.08094
G1 X91.565 Y130.033 E.00318
G1 X93.247 Y128.351 E.07729
G1 X93.143 Y123.839 E.14665
G1 X91.381 Y122.078 E.08094
G1 X91.392 Y122.53 E.01469
G1 X93.074 Y120.848 E.07729
G1 X92.961 Y115.982 E.15816
G1 X91.2 Y114.221 E.08094
G1 X91.219 Y115.027 E.0262
G1 X92.901 Y113.345 E.07729
G1 X92.78 Y108.125 E.16967
G1 X91.317 Y106.662 E.06722
G1 X91.922 Y106.648 E.01964
G1 X91.046 Y107.524 E.04025
G1 X91.083 Y109.152 E.05291
;TIME_ELAPSED:1814.140381

;LAYER_CHANGE
;:19.8
;HEIGHT:0.199999
;BEFORE_LAYER_CHANGE
;19.8
G92 E0

G1 E-.8 F2400
;WIPE_START
G1 F6141.304
G1 X91.046 Y107.524
G1 X91.309 Y107.261
;WIPE_END
EXCLUDE_OBJECT_END NAME=arm.stl_id_0_copy_0
;_SET_FAN_SPEED_CHANGING_LAYER
; OBJECT_ID: 15
EXCLUDE_OBJECT_START NAME=arm.stl_id_0_copy_0
SET_VELOCITY_LIMIT ACCEL=8000 ACCEL_TO_DECEL=4000
G1 X98.387 Y110.117 Z20 F24000
G1 X141.413 Y127.476 Z20
G1 Z19.8
G1 E.8 F2400
SET_VELOCITY_LIMIT ACCEL=4000 ACCEL_TO_DECEL=2000 SQUARE_CORNER_VELOCITY=6
;TYPE:Inner wall
G1 F6141.304
G1 X139.666 Y125.488 E.08598
G1 X161.292 Y106.475 E.93572
G1 X163.337 Y108.8 E.1006
G1 X141.71 Y127.813 E.93572
G1 X141.453 Y127.521 E.01267
SET_VELOCITY_LIMIT ACCEL=8000 ACCEL_TO_DECEL=4000 SQUARE_CORNER_VELOCITY=8
G1 X141.675 Y128.367 F24000
SET_VELOCITY_LIMIT ACCEL=4000 ACCEL_TO_DECEL=2000 SQUARE_CORNER_VELOCITY=6
;TYPE:Outer wall
;WIDTH:0.42
G1 F6629.9
G1 X139.113 Y125.453 E.11679
G1 X161.328 Y105.922 E.89036
G1 X163.89 Y108.836 E.11679
G1 X141.72 Y128.327 E.88856
SET_VELOCITY_LIMIT ACCEL=8000 ACCEL_TO_DECEL=4000 SQUARE_CORNER_VELOCITY=8
G1 X141.476 Y126.929 F24000
SET_VELOCITY_LIMIT ACCEL=6000 ACCEL_TO_DECEL=3000
;TYPE:Internal solid infill
;WIDTH:0.453106
G1 F6094.804
G1 X141.747 Y127.237 E.01343
G1 X162.76 Y108.763 E.9161
G1 X162.489 Y108.455 E.01343
G1 X141.521 Y126.889 E.91413
SET_VELOCITY_LIMIT ACCEL=8000 ACCEL_TO_DECEL=4000
G1 X141.619 Y126.26 F24000
SET_VELOCITY_LIMIT ACCEL=6000 ACCEL_TO_DECEL=3000
;TYPE:Sparse infill
;WIDTH:0.45
G1 F6141.304
G1 X140.541 Y125.183 E.0495
G1 X140.158 Y125.52 E.01661
G1 X141.082 Y126.572 E.0455
G1 X156.511 Y111.143 E.70902
G1 X156.881 Y110.818 E.016
G1 X157.958 Y111.895 E.0495
G1 X153.873 Y115.486 E.17674
G1 X152.796 Y114.409 E.0495
SET_VELOCITY_LIMIT ACCEL=8000 ACCEL_TO_DECEL=4000
G1 X147.488 Y119.075 F24000
SET_VELOCITY_LIMIT ACCEL=6000 ACCEL_TO_DECEL=3000
G1 F6141.304
G1 X148.711 Y118 E.05291
G1 X149.788 Y119.077 E.0495
G1 X145.703 Y122.668 E.17674
G1 X144.626 Y121.591 E.0495
G1 X143.403 Y122.666 E.05291
SET_VELOCITY_LIMIT ACCEL=8000 ACCEL_TO_DECEL=4000
G1 X160.82 Y109.379 F24000
SET_VELOCITY_LIMIT ACCEL=6000 ACCEL_TO_DECEL=3000
G1 F6141.304
G1 X162.043 Y108.304 E.05291
G1 X160.965 Y107.227 E.0495
G1 X159.742 Y108.302 E.05291
G1 E-.8 F2400
SET_VELOCITY_LIMIT ACCEL=8000 ACCEL_TO_DECEL=4000
G1 X154.708 Y114.038 Z20.2 F24000
G1 X135.954 Y135.409 Z20.2
G1 Z19.8
G1 E.8 F2400
SET_VELOCITY_LIMIT ACCEL=4000 ACCEL_TO_DECEL=2000 SQUARE_CORNER_VELOCITY=6
;TYPE:Inner wall
G1 F6141.304
G1 X164.594 Y110.23 E1.23917
G1 X169.081 Y115.334 E.22083
G1 X125.56 Y153.597 E1.88305
G1 X96.329 Y135.28 E1.12093
G1 X95.673 Y106.832 E.92466
G1 X100.34 Y110.242 E.18783
G1 X135.393 Y135.903 E1.41163
G1 X135.909 Y135.449 E.02233
SET_VELOCITY_LIMIT ACCEL=8000 ACCEL_TO_DECEL=4000 SQUARE_CORNER_VELOCITY=8
G1 X135.37 Y135.4 F24000
SET_VELOCITY_LIMIT ACCEL=4000 ACCEL_TO_DECEL=2000 SQUARE_CORNER_VELOCITY=6
;TYPE:Outer wall
;WIDTH:0.42
G1 F6629.9
G1 X164.629 Y109.677 E1.17266
G1 X169.634 Y115.37 E.22816
G1 X125.599 Y154.084 E1.76488
G1 X95.942 Y135.5 E1.05347
G1 X95.263 Y106.047 E.88679
G1 X100.572 Y109.926 E.19792
G1 X135.322 Y135.365 E1.29632
G1 E-.8 F2400
;WIPE_START
G1 F6629.9
G1 X136.826 Y134.047
;WIPE_END
SET_VELOCITY_LIMIT ACCEL=8000 ACCEL_TO_DECEL=4000 SQUARE_CORNER_VELOCITY=8
G1 X139.014 Y141.305 Z20.2 F24000
G1 Z19.8
G1 E.8 F2400
SET_VELOCITY_LIMIT ACCEL=6000 ACCEL_TO_DECEL=3000
;TYPE:Sparse infill
;WIDTH:0.45
G1 F6141.304
G1 X140.237 Y140.229 E.05291
G1 X135.915 Y135.908 E.19861
G1 X135.413 Y136.349 E.02172
G1 X133.041 Y134.613 E.09552
G1 X118.741 Y148.913 E.65716
G1 X117.335 Y148.032 E.0539
G1 X96.49 Y127.187 E.95791
G1 X96.444 Y125.154 E.06608
G1 X106.451 Y115.147 E.45987
M73 P78 R8
G1 X110.286 Y117.955 E.15444
G1 X136.152 Y143.821 E1.18866
G1 X134.929 Y144.896 E.05291
SET_VELOCITY_LIMIT ACCEL=8000 ACCEL_TO_DECEL=4000
G1 X124.84 Y152.734 F24000
SET_VELOCITY_LIMIT ACCEL=6000 ACCEL_TO_DECEL=3000
G1 F6141.304
G1 X123.46 Y151.87 E.05291
G1 X164.584 Y110.746 E1.88983
G1 X168.175 Y114.831 E.17674
G1 X161.253 Y121.753 E.31809
G1 X160.66 Y122.274 E.02563
G1 X156.339 Y117.952 E.19861
G1 X160.423 Y114.361 E.17674
G1 X164.745 Y118.682 E.19861
SET_VELOCITY_LIMIT ACCEL=8000 ACCEL_TO_DECEL=4000
G1 X141.222 Y131.241 F24000
SET_VELOCITY_LIMIT ACCEL=6000 ACCEL_TO_DECEL=3000
G1 F6141.304
G1 X140 Y132.317 E.05291
G1 X144.321 Y136.638 E.19861
G1 X148.406 Y133.047 E.17674
G1 X144.084 Y128.725 E.19861
G1 X148.169 Y125.134 E.17674
G1 X152.491 Y129.456 E.19861
G1 X156.576 Y125.865 E.17674
G1 X152.254 Y121.543 E.19861
G1 X153.477 Y120.468 E.05291
G1 E-.8 F2400
;WIPE_START
G1 F6141.304
G1 X152.254 Y121.543
G1 X152.517 Y121.806
;WIPE_END
SET_VELOCITY_LIMIT ACCEL=8000 ACCEL_TO_DECEL=4000
G1 X145.926 Y125.655 Z20.2 F24000
G1 X112.642 Y145.091 Z20.2
G1 Z19.8
G1 E.8 F2400
SET_VELOCITY_LIMIT ACCEL=6000 ACCEL_TO_DECEL=3000
G1 F6141.304
G1 X114.022 Y145.956 E.05291
G1 X128.609 Y131.368 E.67036
G1 X124.178 Y128.124 E.17847
G1 X109.303 Y142.999 E.68356
G1 X104.584 Y140.042 E.18096
G1 X119.746 Y124.88 E.69676
G1 X115.314 Y121.636 E.17847
G1 X99.865 Y137.085 E.70996
G1 X96.673 Y135.084 E.12242
G1 X96.617 Y132.657 E.07889
G1 X110.882 Y118.391 E.65558
SET_VELOCITY_LIMIT ACCEL=8000 ACCEL_TO_DECEL=4000
G1 X96.271 Y107.7 F24000
SET_VELOCITY_LIMIT ACCEL=6000 ACCEL_TO_DECEL=3000
G1 F6141.304
G1 X97.585 Y108.661 E.05291
G1 X96.098 Y110.148 E.06836
G1 X96.128 Y111.473 E.04306
G1 X132.067 Y147.412 E1.65156
G1 X127.982 Y151.003 E.17674
G1 X96.309 Y119.33 E1.45552
G1 X96.271 Y117.651 E.05457
G1 X102.019 Y111.903 E.26416
G1 X100.705 Y110.941 E.05291
G1 E-.8 F2400
SET_VELOCITY_LIMIT ACCEL=8000 ACCEL_TO_DECEL=4000
G1 X98.654 Y118.293 Z20.2 F24000
G1 X93.979 Y135.056 Z20.2
G1 Z19.8
G1 E.8 F2400
SET_VELOCITY_LIMIT ACCEL=4000 ACCEL_TO_DECEL=2000 SQUARE_CORNER_VELOCITY=6
;TYPE:Inner wall
G1 F6141.304
G1 X91.334 Y135.117 E.08598
G1 X90.67 Y106.329 E.93572
G1 X93.765 Y106.258 E.1006
G1 X94.347 Y131.5 E.82048
G1 X94.429 Y135.046 E.11523
G1 X94.039 Y135.055 E.01267
SET_VELOCITY_LIMIT ACCEL=8000 ACCEL_TO_DECEL=4000 SQUARE_CORNER_VELOCITY=8
G1 X94.83 Y135.429 F24000
SET_VELOCITY_LIMIT ACCEL=4000 ACCEL_TO_DECEL=2000 SQUARE_CORNER_VELOCITY=6
;TYPE:Outer wall
;WIDTH:0.42
G1 F6629.9
G1 X90.951 Y135.518 E.11679
G1 X90.269 Y105.946 E.89036
G1 X94.148 Y105.857 E.11679
G1 X94.739 Y131.491 E.77182
G1 X94.828 Y135.369 E.11674
SET_VELOCITY_LIMIT ACCEL=8000 ACCEL_TO_DECEL=4000 SQUARE_CORNER_VELOCITY=8
G1 X94.011 Y134.647 F24000
SET_VELOCITY_LIMIT ACCEL=6000 ACCEL_TO_DECEL=3000
;TYPE:Internal solid infill
;WIDTH:0.453106
G1 F6094.796
G1 X93.366 Y106.675 E.9161
G1 X92.956 Y106.685 E.01343
G1 X93.601 Y134.656 E.9161
G1 X93.951 Y134.648 E.01147
SET_VELOCITY_LIMIT ACCEL=8000 ACCEL_TO_DECEL=4000
G1 X91.083 Y109.152 F24000
SET_VELOCITY_LIMIT ACCEL=6000 ACCEL_TO_DECEL=3000
;TYPE:Sparse infill
;WIDTH:0.45
G1 F6141.304
G1 X91.046 Y107.524 E.05291
G1 X91.922 Y106.648 E.04025
G1 X91.317 Y106.662 E.01964
G1 X92.575 Y107.92 E.05781
G1 X92.705 Y113.541 E.18269
G1 X91.219 Y115.027 E.0683
G1 X91.2 Y114.221 E.0262
G1 X92.757 Y115.777 E.07153
G1 X92.878 Y121.044 E.17118
G1 X91.392 Y122.53 E.0683
G1 X91.381 Y122.078 E.01469
G1 X92.938 Y123.635 E.07153
G1 X93.051 Y128.547 E.15967
G1 X91.565 Y130.033 E.0683
G1 X91.562 Y129.935 E.00318
G1 X93.119 Y131.492 E.07153
G1 X93.156 Y133.12 E.05291
;TIME_ELAPSED:1832.216919

;LAYER_CHANGE
;:20
;HEIGHT:0.200001
;BEFORE_LAYER_CHANGE
;20
G92 E0

G1 E-.8 F2400
;WIPE_START
G1 F6141.304
G1 X93.119 Y131.492
G1 X92.856 Y131.229
;WIPE_END
EXCLUDE_OBJECT_END NAME=arm.stl_id_0_copy_0
;_SET_FAN_SPEED_CHANGING_LAYER
; OBJECT_ID: 15
EXCLUDE_OBJECT_START NAME=arm.stl_id_0_copy_0
SET_VELOCITY_LIMIT ACCEL=8000 ACCEL_TO_DECEL=4000
G1 X100.464 Y130.616 Z20.2 F24000
G1 X141.281 Y127.325 Z20.2
G1 Z20
G1 E.8 F2400
SET_VELOCITY_LIMIT ACCEL=4000 ACCEL_TO_DECEL=2000 SQUARE_CORNER_VELOCITY=6
;TYPE:Inner wall
G1 F6141.304
G1 X139.666 Y125.488 E.07948
G1 X161.292 Y106.475 E.93572
G1 X163.205 Y108.65 E.0941
G1 X141.578 Y127.663 E.93572
G1 X141.321 Y127.37 E.01267
SET_VELOCITY_LIMIT ACCEL=8000 ACCEL_TO_DECEL=4000 SQUARE_CORNER_VELOCITY=8
G1 X141.543 Y128.217 F24000
SET_VELOCITY_LIMIT ACCEL=4000 ACCEL_TO_DECEL=2000 SQUARE_CORNER_VELOCITY=6
;TYPE:Outer wall
;WIDTH:0.42
G1 F6629.9
G1 X139.113 Y125.453 E.11077
G1 X161.328 Y105.922 E.89036
G1 X163.758 Y108.686 E.11077
G1 X141.588 Y128.177 E.88856
SET_VELOCITY_LIMIT ACCEL=8000 ACCEL_TO_DECEL=4000 SQUARE_CORNER_VELOCITY=8
G1 X141.344 Y126.779 F24000
SET_VELOCITY_LIMIT ACCEL=6000 ACCEL_TO_DECEL=3000
;TYPE:Internal solid infill
;WIDTH:0.453107
G1 F6094.781
G1 X141.615 Y127.087 E.01343
G1 X162.628 Y108.613 E.9161
G1 X162.357 Y108.305 E.01343
G1 X141.389 Y126.739 E.91414
SET_VELOCITY_LIMIT ACCEL=8000 ACCEL_TO_DECEL=4000
G1 X147.488 Y119.075 F24000
SET_VELOCITY_LIMIT ACCEL=6000 ACCEL_TO_DECEL=3000
;TYPE:Sparse infill
;WIDTH:0.45
G1 F6141.304
G1 X148.711 Y118 E.05291
G1 X149.646 Y118.936 E.04299
G1 X150.869 Y117.86 E.05291
SET_VELOCITY_LIMIT ACCEL=8000 ACCEL_TO_DECEL=4000
G1 X152.796 Y114.409 F24000
SET_VELOCITY_LIMIT ACCEL=6000 ACCEL_TO_DECEL=3000
G1 F6141.304
G1 X153.731 Y115.344 E.04299
G1 X157.816 Y111.753 E.17674
G1 X156.881 Y110.818 E.04299
G1 X156.511 Y111.143 E.016
G1 X141.964 Y125.69 E.66849
G1 X141.477 Y126.118 E.02108
G1 X140.541 Y125.183 E.04299
G1 X144.626 Y121.591 E.17674
G1 X145.562 Y122.527 E.04299
SET_VELOCITY_LIMIT ACCEL=8000 ACCEL_TO_DECEL=4000
G1 X159.742 Y108.302 F24000
SET_VELOCITY_LIMIT ACCEL=6000 ACCEL_TO_DECEL=3000
G1 F6141.304
G1 X160.965 Y107.227 E.05291
G1 X161.901 Y108.162 E.04299
G1 X160.678 Y109.237 E.05291
G1 E-.8 F2400
SET_VELOCITY_LIMIT ACCEL=8000 ACCEL_TO_DECEL=4000
G1 X155.437 Y114.785 Z20.4 F24000
G1 X135.954 Y135.409 Z20.4
G1 Z20
G1 E.8 F2400
SET_VELOCITY_LIMIT ACCEL=4000 ACCEL_TO_DECEL=2000 SQUARE_CORNER_VELOCITY=6
;TYPE:Inner wall
G1 F6141.304
G1 X164.594 Y110.23 E1.23917
G1 X169.081 Y115.334 E.22083
G1 X125.56 Y153.597 E1.88305
G1 X96.329 Y135.28 E1.12093
G1 X95.673 Y106.832 E.92465
G1 X101.952 Y111.422 E.25275
G1 X135.393 Y135.903 E1.3467
G1 X135.909 Y135.449 E.02233
SET_VELOCITY_LIMIT ACCEL=8000 ACCEL_TO_DECEL=4000 SQUARE_CORNER_VELOCITY=8
G1 X135.37 Y135.4 F24000
SET_VELOCITY_LIMIT ACCEL=4000 ACCEL_TO_DECEL=2000 SQUARE_CORNER_VELOCITY=6
;TYPE:Outer wall
;WIDTH:0.42
G1 F6629.9
G1 X164.629 Y109.677 E1.17266
G1 X169.634 Y115.37 E.22816
G1 X125.599 Y154.084 E1.76488
G1 X95.942 Y135.5 E1.05347
G1 X95.263 Y106.047 E.88679
G1 X102.184 Y111.106 E.25806
G1 X135.322 Y135.365 E1.23617
G1 E-.8 F2400
;WIPE_START
G1 F6629.9
G1 X136.826 Y134.047
;WIPE_END
SET_VELOCITY_LIMIT ACCEL=8000 ACCEL_TO_DECEL=4000 SQUARE_CORNER_VELOCITY=8
G1 X135.511 Y141.565 Z20.4 F24000
G1 X134.929 Y144.896 Z20.4
G1 Z20
G1 E.8 F2400
SET_VELOCITY_LIMIT ACCEL=6000 ACCEL_TO_DECEL=3000
;TYPE:Sparse infill
;WIDTH:0.45
G1 F6141.304
G1 X136.152 Y143.821 E.05291
G1 X110.286 Y117.955 E1.18866
G1 X106.451 Y115.147 E.15444
G1 X96.444 Y125.154 E.45987
G1 X96.49 Y127.187 E.06608
G1 X117.335 Y148.032 E.95791
G1 X118.741 Y148.913 E.0539
G1 X133.041 Y134.613 E.65716
G1 X135.413 Y136.349 E.09552
G1 X135.915 Y135.908 E.02172
G1 X140.237 Y140.229 E.19861
G1 X139.014 Y141.305 E.05291
SET_VELOCITY_LIMIT ACCEL=8000 ACCEL_TO_DECEL=4000
G1 X153.477 Y120.468 F24000
SET_VELOCITY_LIMIT ACCEL=6000 ACCEL_TO_DECEL=3000
G1 F6141.304
G1 X152.254 Y121.543 E.05291
G1 X156.576 Y125.865 E.19861
G1 X152.491 Y129.456 E.17674
G1 X148.169 Y125.134 E.19861
G1 X144.084 Y128.725 E.17674
G1 X148.406 Y133.047 E.19861
G1 X144.321 Y136.638 E.17674
G1 X140 Y132.317 E.19861
G1 X141.222 Y131.241 E.05291
SET_VELOCITY_LIMIT ACCEL=8000 ACCEL_TO_DECEL=4000
G1 X164.745 Y118.682 F24000
SET_VELOCITY_LIMIT ACCEL=6000 ACCEL_TO_DECEL=3000
G1 F6141.304
G1 X160.423 Y114.361 E.19861
G1 X156.339 Y117.952 E.17674
G1 X160.66 Y122.274 E.19861
G1 X161.253 Y121.753 E.02563
G1 X168.175 Y114.831 E.31809
G1 X164.584 Y110.746 E.17674
G1 X123.46 Y151.87 E1.88983
G1 X124.84 Y152.734 E.05291
SET_VELOCITY_LIMIT ACCEL=8000 ACCEL_TO_DECEL=4000
G1 X110.882 Y118.391 F24000
SET_VELOCITY_LIMIT ACCEL=6000 ACCEL_TO_DECEL=3000
G1 F6141.304
G1 X96.617 Y132.657 E.65558
G1 X96.673 Y135.084 E.07889
G1 X99.865 Y137.085 E.12242
G1 X115.314 Y121.636 E.70996
G1 X119.746 Y124.88 E.17847
G1 X104.584 Y140.042 E.69676
G1 X109.303 Y142.999 E.18096
G1 X124.178 Y128.124 E.68356
G1 X128.609 Y131.368 E.17847
G1 X114.022 Y145.956 E.67036
G1 X112.642 Y145.091 E.05291
SET_VELOCITY_LIMIT ACCEL=8000 ACCEL_TO_DECEL=4000
G1 X100.705 Y110.942 F24000
SET_VELOCITY_LIMIT ACCEL=6000 ACCEL_TO_DECEL=3000
G1 F6141.304
G1 X102.019 Y111.903 E.05291
G1 X96.271 Y117.651 E.26416
G1 X96.309 Y119.33 E.05457
G1 X127.982 Y151.003 E1.45552
G1 X132.067 Y147.412 E.17674
G1 X96.128 Y111.473 E1.65156
G1 X96.098 Y110.148 E.04306
G1 X97.585 Y108.661 E.06834
M73 P79 R8
G1 X96.27 Y107.7 E.05291
G1 E-.8 F2400
SET_VELOCITY_LIMIT ACCEL=8000 ACCEL_TO_DECEL=4000
G1 X95.578 Y115.301 Z20.4 F24000
G1 X93.779 Y135.061 Z20.4
G1 Z20
G1 E.8 F2400
SET_VELOCITY_LIMIT ACCEL=4000 ACCEL_TO_DECEL=2000 SQUARE_CORNER_VELOCITY=6
;TYPE:Inner wall
G1 F6141.304
G1 X91.334 Y135.117 E.07948
G1 X90.67 Y106.329 E.93572
G1 X93.565 Y106.262 E.0941
G1 X94.119 Y130.303 E.78141
G1 X94.229 Y135.05 E.15431
G1 X93.839 Y135.059 E.01267
SET_VELOCITY_LIMIT ACCEL=8000 ACCEL_TO_DECEL=4000 SQUARE_CORNER_VELOCITY=8
G1 X94.63 Y135.433 F24000
SET_VELOCITY_LIMIT ACCEL=4000 ACCEL_TO_DECEL=2000 SQUARE_CORNER_VELOCITY=6
;TYPE:Outer wall
;WIDTH:0.42
G1 F6629.9
G1 X90.951 Y135.518 E.11077
G1 X90.269 Y105.946 E.89036
G1 X93.948 Y105.861 E.11077
G1 X94.511 Y130.294 E.73563
G1 X94.628 Y135.373 E.15293
SET_VELOCITY_LIMIT ACCEL=8000 ACCEL_TO_DECEL=4000 SQUARE_CORNER_VELOCITY=8
G1 X93.811 Y134.651 F24000
SET_VELOCITY_LIMIT ACCEL=6000 ACCEL_TO_DECEL=3000
;TYPE:Internal solid infill
;WIDTH:0.453108
G1 F6094.766
G1 X93.166 Y106.68 E.9161
G1 X92.756 Y106.69 E.01343
G1 X93.401 Y134.661 E.9161
G1 X93.751 Y134.653 E.01147
SET_VELOCITY_LIMIT ACCEL=8000 ACCEL_TO_DECEL=4000
G1 X92.952 Y132.915 F24000
SET_VELOCITY_LIMIT ACCEL=6000 ACCEL_TO_DECEL=3000
;TYPE:Sparse infill
;WIDTH:0.45
G1 F6141.304
G1 X92.914 Y131.287 E.05291
G1 X91.562 Y129.935 E.06211
G1 X91.565 Y130.033 E.00318
G1 X92.855 Y128.742 E.05932
G1 X92.733 Y123.43 E.17268
G1 X91.381 Y122.078 E.06211
G1 X91.392 Y122.53 E.01469
G1 X92.682 Y121.239 E.05932
G1 X92.552 Y115.573 E.18419
G1 X91.2 Y114.221 E.06211
G1 X91.219 Y115.027 E.0262
G1 X92.51 Y113.736 E.05932
G1 X92.371 Y107.716 E.1957
G1 X91.317 Y106.662 E.0484
G1 X91.922 Y106.648 E.01964
G1 X91.046 Y107.524 E.04025
G1 X91.083 Y109.152 E.05291
;TIME_ELAPSED:1850.140015

;LAYER_CHANGE
;:20.2
;HEIGHT:0.200001
;BEFORE_LAYER_CHANGE
;20.2
G92 E0

G1 E-.8 F2400
;WIPE_START
G1 F6141.304
G1 X91.046 Y107.524
G1 X91.309 Y107.261
;WIPE_END
EXCLUDE_OBJECT_END NAME=arm.stl_id_0_copy_0
;_SET_FAN_SPEED_CHANGING_LAYER
; OBJECT_ID: 15
EXCLUDE_OBJECT_START NAME=arm.stl_id_0_copy_0
SET_VELOCITY_LIMIT ACCEL=8000 ACCEL_TO_DECEL=4000
G1 X98.396 Y110.093 Z20.4 F24000
G1 X141.149 Y127.175 Z20.4
G1 Z20.2
G1 E.8 F2400
SET_VELOCITY_LIMIT ACCEL=4000 ACCEL_TO_DECEL=2000 SQUARE_CORNER_VELOCITY=6
;TYPE:Inner wall
G1 F6141.304
G1 X139.666 Y125.488 E.07298
G1 X161.292 Y106.475 E.93572
G1 X163.072 Y108.5 E.0876
G1 X141.446 Y127.513 E.93572
G1 X141.189 Y127.22 E.01267
SET_VELOCITY_LIMIT ACCEL=8000 ACCEL_TO_DECEL=4000 SQUARE_CORNER_VELOCITY=8
G1 X141.41 Y128.066 F24000
SET_VELOCITY_LIMIT ACCEL=4000 ACCEL_TO_DECEL=2000 SQUARE_CORNER_VELOCITY=6
;TYPE:Outer wall
;WIDTH:0.42
G1 F6629.9
G1 X139.113 Y125.453 E.10475
G1 X161.328 Y105.922 E.89036
G1 X163.626 Y108.536 E.10475
G1 X141.456 Y128.027 E.88856
SET_VELOCITY_LIMIT ACCEL=8000 ACCEL_TO_DECEL=4000 SQUARE_CORNER_VELOCITY=8
G1 X141.212 Y126.628 F24000
SET_VELOCITY_LIMIT ACCEL=6000 ACCEL_TO_DECEL=3000
;TYPE:Internal solid infill
;WIDTH:0.453106
G1 F6094.796
G1 X141.483 Y126.936 E.01343
G1 X162.496 Y108.463 E.9161
G1 X162.225 Y108.155 E.01343
G1 X141.257 Y126.589 E.91413
SET_VELOCITY_LIMIT ACCEL=8000 ACCEL_TO_DECEL=4000
G1 X145.42 Y122.385 F24000
SET_VELOCITY_LIMIT ACCEL=6000 ACCEL_TO_DECEL=3000
;TYPE:Sparse infill
;WIDTH:0.45
G1 F6141.304
G1 X144.626 Y121.591 E.03647
G1 X140.541 Y125.183 E.17674
G1 X141.335 Y125.976 E.03647
G1 X144.168 Y123.486 E.12256
G1 X156.511 Y111.143 E.56721
G1 X156.881 Y110.818 E.016
G1 X157.674 Y111.611 E.03647
G1 X153.59 Y115.203 E.17674
G1 X152.796 Y114.409 E.03647
SET_VELOCITY_LIMIT ACCEL=8000 ACCEL_TO_DECEL=4000
G1 X150.728 Y117.719 F24000
SET_VELOCITY_LIMIT ACCEL=6000 ACCEL_TO_DECEL=3000
G1 F6141.304
G1 X149.505 Y118.794 E.05291
G1 X148.711 Y118 E.03647
G1 X147.488 Y119.075 E.05291
SET_VELOCITY_LIMIT ACCEL=8000 ACCEL_TO_DECEL=4000
G1 X160.536 Y109.095 F24000
SET_VELOCITY_LIMIT ACCEL=6000 ACCEL_TO_DECEL=3000
G1 F6141.304
G1 X161.759 Y108.02 E.05291
G1 X160.965 Y107.227 E.03647
G1 X159.742 Y108.302 E.05291
G1 E-.8 F2400
SET_VELOCITY_LIMIT ACCEL=8000 ACCEL_TO_DECEL=4000
G1 X154.708 Y114.038 Z20.6 F24000
G1 X135.954 Y135.409 Z20.6
G1 Z20.2
G1 E.8 F2400
SET_VELOCITY_LIMIT ACCEL=4000 ACCEL_TO_DECEL=2000 SQUARE_CORNER_VELOCITY=6
;TYPE:Inner wall
G1 F6141.304
G1 X164.594 Y110.23 E1.23917
G1 X169.081 Y115.334 E.22083
G1 X125.56 Y153.597 E1.88305
G1 X96.329 Y135.28 E1.12093
G1 X95.673 Y106.832 E.92464
G1 X103.564 Y112.603 E.31767
G1 X135.393 Y135.903 E1.28178
G1 X135.909 Y135.449 E.02233
SET_VELOCITY_LIMIT ACCEL=8000 ACCEL_TO_DECEL=4000 SQUARE_CORNER_VELOCITY=8
G1 X135.37 Y135.4 F24000
SET_VELOCITY_LIMIT ACCEL=4000 ACCEL_TO_DECEL=2000 SQUARE_CORNER_VELOCITY=6
;TYPE:Outer wall
;WIDTH:0.42
G1 F6629.9
G1 X164.629 Y109.677 E1.17266
G1 X169.634 Y115.37 E.22816
G1 X125.599 Y154.084 E1.76488
G1 X95.942 Y135.5 E1.05347
G1 X95.263 Y106.047 E.88678
G1 X103.796 Y112.286 E.3182
G1 X135.322 Y135.365 E1.17603
G1 E-.8 F2400
;WIPE_START
G1 F6629.9
M73 P79 R7
G1 X136.826 Y134.047
;WIPE_END
SET_VELOCITY_LIMIT ACCEL=8000 ACCEL_TO_DECEL=4000 SQUARE_CORNER_VELOCITY=8
G1 X139.014 Y141.305 Z20.6 F24000
G1 Z20.2
G1 E.8 F2400
SET_VELOCITY_LIMIT ACCEL=6000 ACCEL_TO_DECEL=3000
;TYPE:Sparse infill
;WIDTH:0.45
G1 F6141.304
G1 X140.237 Y140.229 E.05291
G1 X135.915 Y135.908 E.19861
G1 X135.413 Y136.349 E.02172
G1 X133.041 Y134.613 E.09552
G1 X118.741 Y148.913 E.65716
G1 X117.335 Y148.032 E.0539
G1 X96.49 Y127.187 E.95791
G1 X96.444 Y125.154 E.06608
G1 X106.451 Y115.147 E.45987
G1 X110.286 Y117.955 E.15444
G1 X136.152 Y143.821 E1.18866
G1 X134.929 Y144.896 E.05291
SET_VELOCITY_LIMIT ACCEL=8000 ACCEL_TO_DECEL=4000
G1 X124.84 Y152.734 F24000
SET_VELOCITY_LIMIT ACCEL=6000 ACCEL_TO_DECEL=3000
G1 F6141.304
G1 X123.46 Y151.87 E.05291
G1 X164.584 Y110.746 E1.88983
G1 X168.175 Y114.831 E.17674
G1 X161.253 Y121.753 E.31809
G1 X160.66 Y122.274 E.02563
G1 X156.339 Y117.952 E.19861
G1 X160.423 Y114.361 E.17674
G1 X164.745 Y118.682 E.19861
SET_VELOCITY_LIMIT ACCEL=8000 ACCEL_TO_DECEL=4000
G1 X141.222 Y131.241 F24000
SET_VELOCITY_LIMIT ACCEL=6000 ACCEL_TO_DECEL=3000
G1 F6141.304
G1 X140 Y132.317 E.05291
G1 X144.321 Y136.638 E.19861
G1 X148.406 Y133.047 E.17674
G1 X144.084 Y128.725 E.19861
G1 X148.169 Y125.134 E.17674
G1 X152.491 Y129.456 E.19861
G1 X156.576 Y125.865 E.17674
G1 X152.254 Y121.543 E.19861
G1 X153.477 Y120.468 E.05291
G1 E-.8 F2400
;WIPE_START
G1 F6141.304
G1 X152.254 Y121.543
G1 X152.517 Y121.806
;WIPE_END
SET_VELOCITY_LIMIT ACCEL=8000 ACCEL_TO_DECEL=4000
G1 X145.926 Y125.655 Z20.6 F24000
G1 X112.642 Y145.091 Z20.6
G1 Z20.2
G1 E.8 F2400
SET_VELOCITY_LIMIT ACCEL=6000 ACCEL_TO_DECEL=3000
G1 F6141.304
G1 X114.022 Y145.956 E.05291
G1 X128.609 Y131.368 E.67036
G1 X124.178 Y128.124 E.17847
G1 X109.303 Y142.999 E.68356
G1 X104.584 Y140.042 E.18096
G1 X119.746 Y124.88 E.69676
G1 X115.314 Y121.636 E.17847
G1 X99.865 Y137.085 E.70996
G1 X96.673 Y135.084 E.12242
G1 X96.617 Y132.657 E.07889
G1 X110.882 Y118.391 E.65558
SET_VELOCITY_LIMIT ACCEL=8000 ACCEL_TO_DECEL=4000
G1 X96.27 Y107.7 F24000
SET_VELOCITY_LIMIT ACCEL=6000 ACCEL_TO_DECEL=3000
G1 F6141.304
G1 X97.584 Y108.662 E.05291
G1 X96.098 Y110.148 E.06832
G1 X96.128 Y111.473 E.04306
G1 X132.067 Y147.412 E1.65156
G1 X127.982 Y151.003 E.17674
G1 X96.309 Y119.33 E1.45552
G1 X96.271 Y117.651 E.05457
G1 X102.018 Y111.904 E.26413
G1 X100.704 Y110.943 E.05291
G1 E-.8 F2400
SET_VELOCITY_LIMIT ACCEL=8000 ACCEL_TO_DECEL=4000
G1 X98.542 Y118.262 Z20.6 F24000
G1 X93.579 Y135.065 Z20.6
G1 Z20.2
G1 E.8 F2400
SET_VELOCITY_LIMIT ACCEL=4000 ACCEL_TO_DECEL=2000 SQUARE_CORNER_VELOCITY=6
;TYPE:Inner wall
G1 F6141.304
G1 X91.334 Y135.117 E.07298
G1 X90.67 Y106.329 E.93572
G1 X93.365 Y106.267 E.0876
G1 X93.892 Y129.106 E.74234
G1 X94.029 Y135.055 E.19338
G1 X93.639 Y135.064 E.01267
SET_VELOCITY_LIMIT ACCEL=8000 ACCEL_TO_DECEL=4000 SQUARE_CORNER_VELOCITY=8
G1 X94.43 Y135.438 F24000
SET_VELOCITY_LIMIT ACCEL=4000 ACCEL_TO_DECEL=2000 SQUARE_CORNER_VELOCITY=6
;TYPE:Outer wall
;WIDTH:0.42
G1 F6629.9
G1 X90.951 Y135.518 E.10475
G1 X90.269 Y105.946 E.89036
G1 X93.748 Y105.866 E.10475
G1 X94.284 Y129.096 E.69943
G1 X94.428 Y135.378 E.18912
SET_VELOCITY_LIMIT ACCEL=8000 ACCEL_TO_DECEL=4000 SQUARE_CORNER_VELOCITY=8
G1 X93.611 Y134.656 F24000
SET_VELOCITY_LIMIT ACCEL=6000 ACCEL_TO_DECEL=3000
;TYPE:Internal solid infill
;WIDTH:0.453107
G1 F6094.781
G1 X92.966 Y106.685 E.9161
G1 X92.556 Y106.694 E.01343
G1 X93.201 Y134.665 E.9161
G1 X93.551 Y134.657 E.01147
SET_VELOCITY_LIMIT ACCEL=8000 ACCEL_TO_DECEL=4000
G1 X91.083 Y109.152 F24000
SET_VELOCITY_LIMIT ACCEL=6000 ACCEL_TO_DECEL=3000
;TYPE:Sparse infill
;WIDTH:0.45
G1 F6141.304
G1 X91.046 Y107.524 E.05291
G1 X91.922 Y106.648 E.04025
G1 X91.317 Y106.662 E.01964
G1 X92.166 Y107.511 E.03899
G1 X92.314 Y113.932 E.20871
G1 X91.219 Y115.027 E.05033
G1 X91.2 Y114.221 E.0262
G1 X92.347 Y115.368 E.0527
G1 X92.487 Y121.435 E.1972
G1 X91.392 Y122.53 E.05033
G1 X91.381 Y122.078 E.01469
G1 X92.528 Y123.225 E.0527
G1 X92.66 Y128.938 E.18569
G1 X91.565 Y130.033 E.05033
G1 X91.562 Y129.935 E.00318
G1 X92.709 Y131.082 E.0527
G1 X92.747 Y132.71 E.05291
;TIME_ELAPSED:1868.098999

;LAYER_CHANGE
;:20.4
;HEIGHT:0.199999
;BEFORE_LAYER_CHANGE
;20.4
G92 E0

G1 E-.8 F2400
;WIPE_START
G1 F6141.304
G1 X92.709 Y131.082
G1 X92.447 Y130.819
;WIPE_END
EXCLUDE_OBJECT_END NAME=arm.stl_id_0_copy_0
;_SET_FAN_SPEED_CHANGING_LAYER
; OBJECT_ID: 15
EXCLUDE_OBJECT_START NAME=arm.stl_id_0_copy_0
SET_VELOCITY_LIMIT ACCEL=8000 ACCEL_TO_DECEL=4000
G1 X100.056 Y130.225 Z20.6 F24000
G1 X141.017 Y127.025 Z20.6
G1 Z20.4
G1 E.8 F2400
SET_VELOCITY_LIMIT ACCEL=4000 ACCEL_TO_DECEL=2000 SQUARE_CORNER_VELOCITY=6
;TYPE:Inner wall
G1 F6141.304
G1 X139.666 Y125.488 E.06648
G1 X161.292 Y106.475 E.93572
G1 X162.94 Y108.35 E.0811
G1 X141.314 Y127.363 E.93572
G1 X141.056 Y127.07 E.01267
SET_VELOCITY_LIMIT ACCEL=8000 ACCEL_TO_DECEL=4000 SQUARE_CORNER_VELOCITY=8
G1 X141.278 Y127.916 F24000
SET_VELOCITY_LIMIT ACCEL=4000 ACCEL_TO_DECEL=2000 SQUARE_CORNER_VELOCITY=6
;TYPE:Outer wall
;WIDTH:0.42
G1 F6629.9
G1 X139.113 Y125.453 E.09873
G1 X161.328 Y105.922 E.89036
G1 X163.494 Y108.385 E.09873
G1 X141.323 Y127.877 E.88856
SET_VELOCITY_LIMIT ACCEL=8000 ACCEL_TO_DECEL=4000 SQUARE_CORNER_VELOCITY=8
G1 X141.08 Y126.478 F24000
SET_VELOCITY_LIMIT ACCEL=6000 ACCEL_TO_DECEL=3000
;TYPE:Internal solid infill
;WIDTH:0.453107
G1 F6094.781
G1 X141.351 Y126.786 E.01343
G1 X162.364 Y108.313 E.9161
G1 X162.093 Y108.005 E.01343
G1 X141.125 Y126.439 E.91414
SET_VELOCITY_LIMIT ACCEL=8000 ACCEL_TO_DECEL=4000
M73 P80 R7
G1 X147.488 Y119.075 F24000
SET_VELOCITY_LIMIT ACCEL=6000 ACCEL_TO_DECEL=3000
;TYPE:Sparse infill
;WIDTH:0.45
G1 F6141.304
G1 X148.711 Y118 E.05291
G1 X149.363 Y118.652 E.02996
SET_VELOCITY_LIMIT ACCEL=8000 ACCEL_TO_DECEL=4000
G1 X152.796 Y114.409 F24000
SET_VELOCITY_LIMIT ACCEL=6000 ACCEL_TO_DECEL=3000
G1 F6141.304
G1 X153.448 Y115.061 E.02996
G1 X154.671 Y113.986 E.05291
SET_VELOCITY_LIMIT ACCEL=8000 ACCEL_TO_DECEL=4000
G1 X159.742 Y108.302 F24000
SET_VELOCITY_LIMIT ACCEL=6000 ACCEL_TO_DECEL=3000
G1 F6141.304
G1 X160.965 Y107.227 E.05291
G1 X161.617 Y107.879 E.02996
G1 X157.533 Y111.47 E.17674
G1 X156.881 Y110.818 E.02996
G1 X156.511 Y111.143 E.016
G1 X146.372 Y121.282 E.46594
G1 X145.278 Y122.243 E.04731
G1 X144.626 Y121.591 E.02996
G1 X140.541 Y125.183 E.17674
G1 X141.193 Y125.834 E.02996
G1 X142.416 Y124.759 E.05291
G1 E-.8 F2400
SET_VELOCITY_LIMIT ACCEL=8000 ACCEL_TO_DECEL=4000
G1 X138.457 Y131.285 Z20.8 F24000
G1 X135.954 Y135.409 Z20.8
G1 Z20.4
G1 E.8 F2400
SET_VELOCITY_LIMIT ACCEL=4000 ACCEL_TO_DECEL=2000 SQUARE_CORNER_VELOCITY=6
;TYPE:Inner wall
G1 F6141.304
G1 X164.594 Y110.23 E1.23917
G1 X169.081 Y115.334 E.22083
G1 X125.56 Y153.597 E1.88305
G1 X96.329 Y135.28 E1.12093
G1 X95.673 Y106.833 E.92464
G1 X105.177 Y113.783 E.3826
G1 X135.393 Y135.903 E1.21685
G1 X135.909 Y135.449 E.02233
SET_VELOCITY_LIMIT ACCEL=8000 ACCEL_TO_DECEL=4000 SQUARE_CORNER_VELOCITY=8
G1 X135.37 Y135.4 F24000
SET_VELOCITY_LIMIT ACCEL=4000 ACCEL_TO_DECEL=2000 SQUARE_CORNER_VELOCITY=6
;TYPE:Outer wall
;WIDTH:0.42
G1 F6629.9
G1 X164.629 Y109.677 E1.17266
G1 X169.634 Y115.37 E.22816
G1 X125.599 Y154.084 E1.76488
G1 X95.942 Y135.5 E1.05347
G1 X95.263 Y106.047 E.88678
G1 X105.408 Y113.467 E.37834
G1 X135.322 Y135.365 E1.11589
G1 E-.8 F2400
;WIPE_START
G1 F6629.9
G1 X136.826 Y134.047
;WIPE_END
SET_VELOCITY_LIMIT ACCEL=8000 ACCEL_TO_DECEL=4000 SQUARE_CORNER_VELOCITY=8
G1 X135.511 Y141.565 Z20.8 F24000
G1 X134.929 Y144.896 Z20.8
G1 Z20.4
G1 E.8 F2400
SET_VELOCITY_LIMIT ACCEL=6000 ACCEL_TO_DECEL=3000
;TYPE:Sparse infill
;WIDTH:0.45
G1 F6141.304
G1 X136.152 Y143.821 E.05291
G1 X110.286 Y117.955 E1.18866
G1 X106.451 Y115.147 E.15444
G1 X96.444 Y125.154 E.45987
G1 X96.49 Y127.187 E.06608
G1 X117.335 Y148.032 E.95791
G1 X118.741 Y148.913 E.0539
G1 X133.041 Y134.613 E.65716
G1 X135.413 Y136.349 E.09552
G1 X135.915 Y135.908 E.02172
G1 X140.237 Y140.229 E.19861
G1 X139.014 Y141.305 E.05291
SET_VELOCITY_LIMIT ACCEL=8000 ACCEL_TO_DECEL=4000
G1 X153.477 Y120.468 F24000
SET_VELOCITY_LIMIT ACCEL=6000 ACCEL_TO_DECEL=3000
G1 F6141.304
G1 X152.254 Y121.543 E.05291
G1 X156.576 Y125.865 E.19861
G1 X152.491 Y129.456 E.17674
G1 X148.169 Y125.134 E.19861
G1 X144.084 Y128.725 E.17674
G1 X148.406 Y133.047 E.19861
G1 X144.321 Y136.638 E.17674
G1 X140 Y132.317 E.19861
G1 X141.222 Y131.241 E.05291
SET_VELOCITY_LIMIT ACCEL=8000 ACCEL_TO_DECEL=4000
G1 X164.745 Y118.682 F24000
SET_VELOCITY_LIMIT ACCEL=6000 ACCEL_TO_DECEL=3000
G1 F6141.304
G1 X160.423 Y114.361 E.19861
G1 X156.339 Y117.952 E.17674
G1 X160.66 Y122.274 E.19861
G1 X161.253 Y121.753 E.02563
G1 X168.175 Y114.831 E.31809
G1 X164.584 Y110.746 E.17674
G1 X123.46 Y151.87 E1.88983
G1 X124.84 Y152.734 E.05291
SET_VELOCITY_LIMIT ACCEL=8000 ACCEL_TO_DECEL=4000
G1 X110.882 Y118.391 F24000
SET_VELOCITY_LIMIT ACCEL=6000 ACCEL_TO_DECEL=3000
G1 F6141.304
G1 X96.617 Y132.657 E.65558
G1 X96.673 Y135.084 E.07889
G1 X99.865 Y137.085 E.12242
G1 X115.314 Y121.636 E.70996
G1 X119.746 Y124.88 E.17847
G1 X104.584 Y140.042 E.69676
G1 X109.303 Y142.999 E.18096
G1 X124.178 Y128.124 E.68356
G1 X128.609 Y131.368 E.17847
G1 X114.022 Y145.956 E.67036
G1 X112.642 Y145.091 E.05291
SET_VELOCITY_LIMIT ACCEL=8000 ACCEL_TO_DECEL=4000
G1 X100.703 Y110.943 F24000
SET_VELOCITY_LIMIT ACCEL=6000 ACCEL_TO_DECEL=3000
G1 F6141.304
G1 X102.018 Y111.904 E.05291
G1 X96.271 Y117.651 E.26411
G1 X96.309 Y119.33 E.05457
G1 X127.982 Y151.003 E1.45552
G1 X132.067 Y147.412 E.17674
G1 X96.128 Y111.473 E1.65156
G1 X96.098 Y110.148 E.04306
G1 X97.584 Y108.662 E.06831
G1 X96.27 Y107.701 E.05291
G1 E-.8 F2400
SET_VELOCITY_LIMIT ACCEL=8000 ACCEL_TO_DECEL=4000
G1 X95.468 Y115.291 Z20.8 F24000
G1 X93.379 Y135.07 Z20.8
G1 Z20.4
G1 E.8 F2400
SET_VELOCITY_LIMIT ACCEL=4000 ACCEL_TO_DECEL=2000 SQUARE_CORNER_VELOCITY=6
;TYPE:Inner wall
G1 F6141.304
G1 X91.334 Y135.117 E.06648
G1 X90.67 Y106.329 E.93572
G1 X93.165 Y106.271 E.0811
G1 X93.664 Y127.908 E.70327
G1 X93.829 Y135.06 E.23245
G1 X93.439 Y135.069 E.01267
SET_VELOCITY_LIMIT ACCEL=8000 ACCEL_TO_DECEL=4000 SQUARE_CORNER_VELOCITY=8
G1 X94.23 Y135.443 F24000
SET_VELOCITY_LIMIT ACCEL=4000 ACCEL_TO_DECEL=2000 SQUARE_CORNER_VELOCITY=6
;TYPE:Outer wall
;WIDTH:0.42
G1 F6629.9
G1 X90.951 Y135.518 E.09873
G1 X90.269 Y105.946 E.89036
G1 X93.548 Y105.87 E.09873
G1 X94.056 Y127.899 E.66324
G1 X94.228 Y135.383 E.22531
SET_VELOCITY_LIMIT ACCEL=8000 ACCEL_TO_DECEL=4000 SQUARE_CORNER_VELOCITY=8
G1 X93.411 Y134.66 F24000
SET_VELOCITY_LIMIT ACCEL=6000 ACCEL_TO_DECEL=3000
;TYPE:Internal solid infill
;WIDTH:0.453108
G1 F6094.766
G1 X92.766 Y106.689 E.9161
G1 X92.356 Y106.699 E.01343
G1 X93.001 Y134.67 E.9161
G1 X93.351 Y134.662 E.01147
SET_VELOCITY_LIMIT ACCEL=8000 ACCEL_TO_DECEL=4000
G1 X92.542 Y132.505 F24000
SET_VELOCITY_LIMIT ACCEL=6000 ACCEL_TO_DECEL=3000
;TYPE:Sparse infill
;WIDTH:0.45
G1 F6141.304
G1 X92.505 Y130.877 E.05291
G1 X91.562 Y129.935 E.04329
G1 X91.565 Y130.033 E.00318
G1 X92.464 Y129.133 E.04134
G1 X92.323 Y123.02 E.1987
G1 X91.381 Y122.078 E.04329
G1 X91.392 Y122.53 E.01469
G1 X92.291 Y121.631 E.04134
G1 X92.142 Y115.163 E.21021
G1 X91.2 Y114.221 E.04329
G1 X91.219 Y115.027 E.0262
G1 X92.118 Y114.128 E.04134
G1 X91.961 Y107.306 E.22172
G1 X91.317 Y106.662 E.02958
G1 X91.922 Y106.648 E.01964
G1 X91.046 Y107.524 E.04025
G1 X91.083 Y109.152 E.05291
;TIME_ELAPSED:1885.800781

;LAYER_CHANGE
;:20.6
;HEIGHT:0.200001
;BEFORE_LAYER_CHANGE
;20.6
G92 E0

G1 E-.8 F2400
;WIPE_START
G1 F6141.304
G1 X91.046 Y107.524
G1 X91.309 Y107.261
;WIPE_END
EXCLUDE_OBJECT_END NAME=arm.stl_id_0_copy_0
;_SET_FAN_SPEED_CHANGING_LAYER
; OBJECT_ID: 15
EXCLUDE_OBJECT_START NAME=arm.stl_id_0_copy_0
SET_VELOCITY_LIMIT ACCEL=8000 ACCEL_TO_DECEL=4000
G1 X98.406 Y110.069 Z20.8 F24000
G1 X140.885 Y126.875 Z20.8
G1 Z20.6
G1 E.8 F2400
SET_VELOCITY_LIMIT ACCEL=4000 ACCEL_TO_DECEL=2000 SQUARE_CORNER_VELOCITY=6
;TYPE:Inner wall
G1 F6141.304
G1 X139.666 Y125.488 E.05998
G1 X161.292 Y106.475 E.93572
G1 X162.808 Y108.2 E.0746
G1 X141.182 Y127.213 E.93572
G1 X140.924 Y126.92 E.01267
SET_VELOCITY_LIMIT ACCEL=8000 ACCEL_TO_DECEL=4000 SQUARE_CORNER_VELOCITY=8
G1 X141.146 Y127.766 F24000
SET_VELOCITY_LIMIT ACCEL=4000 ACCEL_TO_DECEL=2000 SQUARE_CORNER_VELOCITY=6
;TYPE:Outer wall
;WIDTH:0.42
G1 F6629.9
G1 X139.113 Y125.453 E.09271
G1 X161.328 Y105.922 E.89036
G1 X163.362 Y108.235 E.09271
G1 X141.191 Y127.726 E.88856
SET_VELOCITY_LIMIT ACCEL=8000 ACCEL_TO_DECEL=4000 SQUARE_CORNER_VELOCITY=8
G1 X140.948 Y126.328 F24000
SET_VELOCITY_LIMIT ACCEL=6000 ACCEL_TO_DECEL=3000
;TYPE:Internal solid infill
;WIDTH:0.453106
G1 F6094.796
G1 X141.219 Y126.636 E.01343
G1 X162.232 Y108.162 E.9161
G1 X161.961 Y107.854 E.01343
G1 X140.993 Y126.288 E.91413
SET_VELOCITY_LIMIT ACCEL=8000 ACCEL_TO_DECEL=4000
G1 X149.221 Y118.51 F24000
SET_VELOCITY_LIMIT ACCEL=6000 ACCEL_TO_DECEL=3000
;TYPE:Sparse infill
;WIDTH:0.45
G1 F6141.304
G1 X148.711 Y118 E.02345
G1 X147.488 Y119.075 E.05291
SET_VELOCITY_LIMIT ACCEL=8000 ACCEL_TO_DECEL=4000
G1 X154.529 Y113.844 F24000
SET_VELOCITY_LIMIT ACCEL=6000 ACCEL_TO_DECEL=3000
G1 F6141.304
G1 X153.306 Y114.919 E.05291
G1 X152.796 Y114.409 E.02345
SET_VELOCITY_LIMIT ACCEL=8000 ACCEL_TO_DECEL=4000
G1 X159.742 Y108.302 F24000
SET_VELOCITY_LIMIT ACCEL=6000 ACCEL_TO_DECEL=3000
G1 F6141.304
G1 X160.965 Y107.227 E.05291
G1 X161.476 Y107.737 E.02345
G1 X157.391 Y111.328 E.17674
G1 X156.881 Y110.818 E.02345
G1 X156.511 Y111.143 E.016
G1 X148.575 Y119.078 E.36466
G1 X145.137 Y122.102 E.14879
G1 X144.626 Y121.591 E.02345
G1 X140.541 Y125.183 E.17674
G1 X141.052 Y125.693 E.02345
G1 X142.275 Y124.618 E.05291
G1 E-.8 F2400
SET_VELOCITY_LIMIT ACCEL=8000 ACCEL_TO_DECEL=4000
G1 X138.417 Y131.204 Z21 F24000
G1 X135.954 Y135.409 Z21
G1 Z20.6
G1 E.8 F2400
SET_VELOCITY_LIMIT ACCEL=4000 ACCEL_TO_DECEL=2000 SQUARE_CORNER_VELOCITY=6
;TYPE:Inner wall
G1 F6141.304
G1 X164.594 Y110.23 E1.23917
G1 X169.081 Y115.334 E.22083
G1 X125.56 Y153.597 E1.88305
G1 X96.329 Y135.28 E1.12093
G1 X95.673 Y106.833 E.92463
G1 X106.789 Y114.963 E.44752
G1 X135.393 Y135.903 E1.15192
G1 X135.909 Y135.449 E.02233
SET_VELOCITY_LIMIT ACCEL=8000 ACCEL_TO_DECEL=4000 SQUARE_CORNER_VELOCITY=8
G1 X135.37 Y135.4 F24000
SET_VELOCITY_LIMIT ACCEL=4000 ACCEL_TO_DECEL=2000 SQUARE_CORNER_VELOCITY=6
;TYPE:Outer wall
;WIDTH:0.42
G1 F6629.9
G1 X164.629 Y109.677 E1.17266
G1 X169.634 Y115.37 E.22816
G1 X125.599 Y154.084 E1.76488
G1 X95.942 Y135.5 E1.05347
G1 X95.263 Y106.047 E.88678
G1 X107.021 Y114.647 E.43848
G1 X135.322 Y135.365 E1.05575
G1 E-.8 F2400
;WIPE_START
G1 F6629.9
M73 P81 R7
G1 X136.826 Y134.047
;WIPE_END
SET_VELOCITY_LIMIT ACCEL=8000 ACCEL_TO_DECEL=4000 SQUARE_CORNER_VELOCITY=8
G1 X139.014 Y141.305 Z21 F24000
G1 Z20.6
G1 E.8 F2400
SET_VELOCITY_LIMIT ACCEL=6000 ACCEL_TO_DECEL=3000
;TYPE:Sparse infill
;WIDTH:0.45
G1 F6141.304
G1 X140.237 Y140.229 E.05291
G1 X135.915 Y135.908 E.19861
G1 X135.413 Y136.349 E.02172
G1 X133.041 Y134.613 E.09552
G1 X118.741 Y148.913 E.65716
G1 X117.335 Y148.032 E.0539
G1 X96.49 Y127.187 E.95791
G1 X96.444 Y125.154 E.06608
G1 X106.451 Y115.147 E.45987
G1 X110.286 Y117.955 E.15445
G1 X136.152 Y143.821 E1.18866
G1 X134.929 Y144.896 E.05291
SET_VELOCITY_LIMIT ACCEL=8000 ACCEL_TO_DECEL=4000
G1 X124.84 Y152.734 F24000
SET_VELOCITY_LIMIT ACCEL=6000 ACCEL_TO_DECEL=3000
G1 F6141.304
G1 X123.46 Y151.87 E.05291
G1 X164.584 Y110.746 E1.88983
G1 X168.175 Y114.831 E.17674
G1 X161.253 Y121.753 E.31809
G1 X160.66 Y122.274 E.02563
G1 X156.339 Y117.952 E.19861
G1 X160.423 Y114.361 E.17674
G1 X164.745 Y118.682 E.19861
SET_VELOCITY_LIMIT ACCEL=8000 ACCEL_TO_DECEL=4000
G1 X141.222 Y131.241 F24000
SET_VELOCITY_LIMIT ACCEL=6000 ACCEL_TO_DECEL=3000
G1 F6141.304
G1 X140 Y132.317 E.05291
G1 X144.321 Y136.638 E.19861
G1 X148.406 Y133.047 E.17674
G1 X144.084 Y128.725 E.19861
G1 X148.169 Y125.134 E.17674
G1 X152.491 Y129.456 E.19861
G1 X156.576 Y125.865 E.17674
G1 X152.254 Y121.543 E.19861
G1 X153.477 Y120.468 E.05291
G1 E-.8 F2400
;WIPE_START
G1 F6141.304
G1 X152.254 Y121.543
G1 X152.517 Y121.806
;WIPE_END
SET_VELOCITY_LIMIT ACCEL=8000 ACCEL_TO_DECEL=4000
G1 X145.926 Y125.655 Z21 F24000
G1 X112.642 Y145.091 Z21
G1 Z20.6
G1 E.8 F2400
SET_VELOCITY_LIMIT ACCEL=6000 ACCEL_TO_DECEL=3000
G1 F6141.304
G1 X114.022 Y145.956 E.05291
G1 X128.609 Y131.368 E.67036
G1 X124.178 Y128.124 E.17847
G1 X109.303 Y142.999 E.68356
G1 X104.584 Y140.042 E.18096
G1 X119.746 Y124.88 E.69676
G1 X115.314 Y121.636 E.17847
G1 X99.865 Y137.085 E.70996
G1 X96.673 Y135.084 E.12242
G1 X96.617 Y132.657 E.07889
G1 X110.882 Y118.391 E.65558
SET_VELOCITY_LIMIT ACCEL=8000 ACCEL_TO_DECEL=4000
G1 X98.898 Y109.623 F24000
SET_VELOCITY_LIMIT ACCEL=6000 ACCEL_TO_DECEL=3000
G1 F6141.304
G1 X97.584 Y108.662 E.05291
G1 X96.098 Y110.148 E.0683
G1 X96.128 Y111.473 E.04306
G1 X132.067 Y147.412 E1.65156
G1 X127.982 Y151.003 E.17674
G1 X96.309 Y119.33 E1.45552
G1 X96.271 Y117.651 E.05457
G1 X102.017 Y111.905 E.26409
G1 X103.332 Y112.866 E.05291
G1 E-.8 F2400
SET_VELOCITY_LIMIT ACCEL=8000 ACCEL_TO_DECEL=4000
G1 X100.158 Y119.807 Z21 F24000
G1 X93.179 Y135.075 Z21
G1 Z20.6
G1 E.8 F2400
SET_VELOCITY_LIMIT ACCEL=4000 ACCEL_TO_DECEL=2000 SQUARE_CORNER_VELOCITY=6
;TYPE:Inner wall
G1 F6141.304
G1 X91.334 Y135.117 E.05998
G1 X90.67 Y106.329 E.93572
G1 X92.965 Y106.276 E.0746
G1 X93.436 Y126.711 E.6642
G1 X93.629 Y135.064 E.27152
G1 X93.239 Y135.073 E.01267
SET_VELOCITY_LIMIT ACCEL=8000 ACCEL_TO_DECEL=4000 SQUARE_CORNER_VELOCITY=8
G1 X94.03 Y135.447 F24000
SET_VELOCITY_LIMIT ACCEL=4000 ACCEL_TO_DECEL=2000 SQUARE_CORNER_VELOCITY=6
;TYPE:Outer wall
;WIDTH:0.42
G1 F6629.9
G1 X90.951 Y135.518 E.09271
G1 X90.269 Y105.946 E.89036
G1 X93.348 Y105.875 E.09271
G1 X93.828 Y126.702 E.62705
G1 X94.028 Y135.387 E.26151
SET_VELOCITY_LIMIT ACCEL=8000 ACCEL_TO_DECEL=4000 SQUARE_CORNER_VELOCITY=8
G1 X93.211 Y134.665 F24000
SET_VELOCITY_LIMIT ACCEL=6000 ACCEL_TO_DECEL=3000
;TYPE:Internal solid infill
;WIDTH:0.453107
G1 F6094.781
G1 X92.566 Y106.694 E.9161
G1 X92.156 Y106.703 E.01343
G1 X92.801 Y134.675 E.9161
G1 X93.151 Y134.666 E.01147
SET_VELOCITY_LIMIT ACCEL=8000 ACCEL_TO_DECEL=4000
G1 X92.058 Y120.198 F24000
SET_VELOCITY_LIMIT ACCEL=6000 ACCEL_TO_DECEL=3000
;TYPE:Sparse infill
;WIDTH:0.45
G1 F6141.304
G1 X92.096 Y121.826 E.05291
G1 X91.392 Y122.53 E.03236
G1 X91.381 Y122.078 E.01469
G1 X92.119 Y122.815 E.03388
G1 X92.269 Y129.329 E.21171
G1 X91.565 Y130.033 E.03236
G1 X91.562 Y129.935 E.00318
G1 X92.3 Y130.673 E.03388
G1 X92.337 Y132.3 E.05291
SET_VELOCITY_LIMIT ACCEL=8000 ACCEL_TO_DECEL=4000
G1 X91.256 Y116.655 F24000
SET_VELOCITY_LIMIT ACCEL=6000 ACCEL_TO_DECEL=3000
G1 F6141.304
G1 X91.219 Y115.027 E.05291
G1 X91.923 Y114.323 E.03236
G1 X91.938 Y114.958 E.02065
G1 X91.2 Y114.221 E.03388
G1 X91.046 Y107.524 E.21767
G1 X91.75 Y106.82 E.03236
G1 X91.756 Y107.101 E.00914
G1 X91.317 Y106.662 E.02017
G1 X91.026 Y106.669 E.00947
G1 X91.041 Y107.321 E.02118
;TIME_ELAPSED:1903.669067

;LAYER_CHANGE
;:20.8
;HEIGHT:0.199999
;BEFORE_LAYER_CHANGE
;20.8
G92 E0

G1 E-.8 F2400
;WIPE_START
G1 F6141.304
G1 X91.026 Y106.669
G1 X91.317 Y106.662
G1 X91.756 Y107.101
G1 X91.75 Y106.82
G1 X91.641 Y106.929
;WIPE_END
EXCLUDE_OBJECT_END NAME=arm.stl_id_0_copy_0
;_SET_FAN_SPEED_CHANGING_LAYER
; OBJECT_ID: 15
EXCLUDE_OBJECT_START NAME=arm.stl_id_0_copy_0
SET_VELOCITY_LIMIT ACCEL=8000 ACCEL_TO_DECEL=4000
G1 X98.72 Y109.783 Z21 F24000
G1 X140.753 Y126.725 Z21
G1 Z20.8
G1 E.8 F2400
SET_VELOCITY_LIMIT ACCEL=4000 ACCEL_TO_DECEL=2000 SQUARE_CORNER_VELOCITY=6
;TYPE:Inner wall
G1 F6141.304
G1 X139.666 Y125.488 E.05348
G1 X161.292 Y106.475 E.93572
G1 X162.676 Y108.049 E.0681
G1 X141.05 Y127.062 E.93572
G1 X140.792 Y126.77 E.01267
SET_VELOCITY_LIMIT ACCEL=8000 ACCEL_TO_DECEL=4000 SQUARE_CORNER_VELOCITY=8
G1 X141.014 Y127.616 F24000
SET_VELOCITY_LIMIT ACCEL=4000 ACCEL_TO_DECEL=2000 SQUARE_CORNER_VELOCITY=6
;TYPE:Outer wall
;WIDTH:0.42
G1 F6600
G1 X139.113 Y125.453 E.08669
G1 X161.328 Y105.922 E.89036
G1 X163.23 Y108.085 E.08669
G1 X141.059 Y127.576 E.88856
SET_VELOCITY_LIMIT ACCEL=8000 ACCEL_TO_DECEL=4000 SQUARE_CORNER_VELOCITY=8
G1 X140.816 Y126.178 F24000
SET_VELOCITY_LIMIT ACCEL=6000 ACCEL_TO_DECEL=3000
;TYPE:Internal solid infill
;WIDTH:0.453106
G1 F6094.796
G1 X141.087 Y126.486 E.01343
G1 X162.1 Y108.012 E.9161
G1 X161.829 Y107.704 E.01343
G1 X140.861 Y126.138 E.91413
SET_VELOCITY_LIMIT ACCEL=8000 ACCEL_TO_DECEL=4000
G1 X143.772 Y123.035 F24000
SET_VELOCITY_LIMIT ACCEL=6000 ACCEL_TO_DECEL=3000
;TYPE:Sparse infill
;WIDTH:0.45
G1 F6141.304
G1 X144.995 Y121.96 E.05291
G1 X144.626 Y121.591 E.01694
G1 X140.541 Y125.183 E.17674
G1 X140.91 Y125.551 E.01694
G1 X142.133 Y124.476 E.05291
SET_VELOCITY_LIMIT ACCEL=8000 ACCEL_TO_DECEL=4000
G1 X147.488 Y119.075 F24000
SET_VELOCITY_LIMIT ACCEL=6000 ACCEL_TO_DECEL=3000
G1 F6141.304
G1 X148.711 Y118 E.05291
G1 X149.08 Y118.369 E.01694
G1 X150.779 Y116.874 E.07354
G1 X156.511 Y111.143 E.26339
G1 X156.881 Y110.818 E.016
G1 X157.249 Y111.186 E.01694
G1 X161.334 Y107.595 E.17674
G1 X160.965 Y107.227 E.01694
G1 X159.742 Y108.302 E.05291
SET_VELOCITY_LIMIT ACCEL=8000 ACCEL_TO_DECEL=4000
G1 X152.796 Y114.409 F24000
SET_VELOCITY_LIMIT ACCEL=6000 ACCEL_TO_DECEL=3000
G1 F6141.304
G1 X153.164 Y114.778 E.01694
G1 E-.8 F2400
SET_VELOCITY_LIMIT ACCEL=8000 ACCEL_TO_DECEL=4000
G1 X148.275 Y120.639 Z21.2 F24000
G1 X135.954 Y135.409 Z21.2
G1 Z20.8
G1 E.8 F2400
SET_VELOCITY_LIMIT ACCEL=4000 ACCEL_TO_DECEL=2000 SQUARE_CORNER_VELOCITY=6
;TYPE:Inner wall
G1 F6141.304
G1 X164.594 Y110.23 E1.23917
G1 X169.081 Y115.334 E.22083
G1 X125.56 Y153.597 E1.88305
G1 X96.329 Y135.28 E1.12093
G1 X95.673 Y106.833 E.92463
G1 X108.401 Y116.143 E.51245
G1 X135.393 Y135.903 E1.087
G1 X135.909 Y135.449 E.02233
SET_VELOCITY_LIMIT ACCEL=8000 ACCEL_TO_DECEL=4000 SQUARE_CORNER_VELOCITY=8
G1 X135.37 Y135.4 F24000
SET_VELOCITY_LIMIT ACCEL=4000 ACCEL_TO_DECEL=2000 SQUARE_CORNER_VELOCITY=6
;TYPE:Outer wall
;WIDTH:0.42
G1 F6600
G1 X164.629 Y109.677 E1.17266
G1 X169.634 Y115.37 E.22816
G1 X125.599 Y154.084 E1.76488
G1 X95.942 Y135.5 E1.05347
G1 X95.263 Y106.047 E.88678
G1 X108.633 Y115.827 E.49862
G1 X135.322 Y135.365 E.99561
G1 E-.8 F2400
;WIPE_START
G1 F6629.9
G1 X136.826 Y134.047
;WIPE_END
SET_VELOCITY_LIMIT ACCEL=8000 ACCEL_TO_DECEL=4000 SQUARE_CORNER_VELOCITY=8
G1 X135.511 Y141.565 Z21.2 F24000
G1 X134.929 Y144.896 Z21.2
G1 Z20.8
G1 E.8 F2400
SET_VELOCITY_LIMIT ACCEL=6000 ACCEL_TO_DECEL=3000
;TYPE:Sparse infill
;WIDTH:0.45
G1 F6141.304
G1 X136.152 Y143.821 E.05291
G1 X110.286 Y117.955 E1.18866
G1 X106.45 Y115.148 E.15445
G1 X96.444 Y125.154 E.45985
G1 X96.49 Y127.187 E.06608
G1 X117.335 Y148.032 E.95791
G1 X118.741 Y148.913 E.0539
G1 X133.041 Y134.613 E.65716
G1 X135.413 Y136.349 E.09552
G1 X135.915 Y135.908 E.02172
G1 X140.237 Y140.229 E.19861
G1 X139.014 Y141.305 E.05291
SET_VELOCITY_LIMIT ACCEL=8000 ACCEL_TO_DECEL=4000
G1 X153.477 Y120.468 F24000
SET_VELOCITY_LIMIT ACCEL=6000 ACCEL_TO_DECEL=3000
G1 F6141.304
G1 X152.254 Y121.543 E.05291
G1 X156.576 Y125.865 E.19861
G1 X152.491 Y129.456 E.17674
G1 X148.169 Y125.134 E.19861
G1 X144.084 Y128.725 E.17674
G1 X148.406 Y133.047 E.19861
G1 X144.321 Y136.638 E.17674
G1 X140 Y132.317 E.19861
G1 X141.222 Y131.241 E.05291
SET_VELOCITY_LIMIT ACCEL=8000 ACCEL_TO_DECEL=4000
G1 X164.745 Y118.682 F24000
SET_VELOCITY_LIMIT ACCEL=6000 ACCEL_TO_DECEL=3000
G1 F6141.304
G1 X160.423 Y114.361 E.19861
G1 X156.339 Y117.952 E.17674
G1 X160.66 Y122.274 E.19861
G1 X161.253 Y121.753 E.02563
G1 X168.175 Y114.831 E.31809
G1 X164.584 Y110.746 E.17674
G1 X123.46 Y151.87 E1.88983
G1 X124.84 Y152.734 E.05291
SET_VELOCITY_LIMIT ACCEL=8000 ACCEL_TO_DECEL=4000
G1 X110.882 Y118.391 F24000
SET_VELOCITY_LIMIT ACCEL=6000 ACCEL_TO_DECEL=3000
G1 F6141.304
G1 X96.617 Y132.657 E.65558
G1 X96.673 Y135.084 E.07889
G1 X99.865 Y137.085 E.12242
G1 X115.314 Y121.636 E.70996
G1 X119.746 Y124.88 E.17847
G1 X104.584 Y140.042 E.69676
G1 X109.303 Y142.999 E.18096
G1 X124.178 Y128.124 E.68356
G1 X128.609 Y131.368 E.17847
G1 X114.022 Y145.956 E.67036
G1 X112.642 Y145.091 E.05291
SET_VELOCITY_LIMIT ACCEL=8000 ACCEL_TO_DECEL=4000
G1 X103.331 Y112.866 F24000
SET_VELOCITY_LIMIT ACCEL=6000 ACCEL_TO_DECEL=3000
G1 F6141.304
G1 X102.017 Y111.905 E.05291
G1 X96.271 Y117.651 E.26407
G1 X96.309 Y119.33 E.05457
G1 X127.982 Y151.003 E1.45552
M73 P82 R7
G1 X132.067 Y147.412 E.17674
G1 X96.128 Y111.473 E1.65156
G1 X96.098 Y110.148 E.04306
G1 X97.584 Y108.662 E.0683
G1 X98.898 Y109.623 E.05291
G1 E-.8 F2400
SET_VELOCITY_LIMIT ACCEL=8000 ACCEL_TO_DECEL=4000
G1 X97.169 Y117.058 Z21.2 F24000
G1 X92.979 Y135.079 Z21.2
G1 Z20.8
M73 P82 R6
G1 E.8 F2400
SET_VELOCITY_LIMIT ACCEL=4000 ACCEL_TO_DECEL=2000 SQUARE_CORNER_VELOCITY=6
;TYPE:Inner wall
G1 F6141.304
G1 X91.334 Y135.117 E.05348
G1 X90.67 Y106.329 E.93572
G1 X92.765 Y106.281 E.0681
G1 X93.209 Y125.513 E.62512
G1 X93.429 Y135.069 E.31059
G1 X93.039 Y135.078 E.01267
SET_VELOCITY_LIMIT ACCEL=8000 ACCEL_TO_DECEL=4000 SQUARE_CORNER_VELOCITY=8
G1 X93.83 Y135.452 F24000
SET_VELOCITY_LIMIT ACCEL=4000 ACCEL_TO_DECEL=2000 SQUARE_CORNER_VELOCITY=6
;TYPE:Outer wall
;WIDTH:0.42
G1 F6600
G1 X90.951 Y135.518 E.08669
G1 X90.269 Y105.946 E.89036
G1 X93.148 Y105.88 E.08669
G1 X93.601 Y125.504 E.59086
G1 X93.829 Y135.392 E.2977
SET_VELOCITY_LIMIT ACCEL=8000 ACCEL_TO_DECEL=4000 SQUARE_CORNER_VELOCITY=8
G1 X93.011 Y134.67 F24000
SET_VELOCITY_LIMIT ACCEL=6000 ACCEL_TO_DECEL=3000
;TYPE:Internal solid infill
;WIDTH:0.453107
G1 F6094.781
G1 X92.366 Y106.699 E.9161
G1 X91.956 Y106.708 E.01343
G1 X92.601 Y134.679 E.9161
G1 X92.951 Y134.671 E.01147
SET_VELOCITY_LIMIT ACCEL=8000 ACCEL_TO_DECEL=4000
G1 X92.133 Y132.096 F24000
SET_VELOCITY_LIMIT ACCEL=6000 ACCEL_TO_DECEL=3000
;TYPE:Sparse infill
;WIDTH:0.45
G1 F6141.304
G1 X92.095 Y130.468 E.05291
G1 X91.562 Y129.935 E.02447
G1 X91.565 Y130.033 E.00318
G1 X92.073 Y129.525 E.02337
G1 X91.914 Y122.611 E.22473
G1 X91.381 Y122.078 E.02447
G1 X91.392 Y122.53 E.01469
G1 X91.9 Y122.022 E.02337
G1 X91.863 Y120.394 E.05291
SET_VELOCITY_LIMIT ACCEL=8000 ACCEL_TO_DECEL=4000
G1 X91.041 Y107.321 F24000
SET_VELOCITY_LIMIT ACCEL=6000 ACCEL_TO_DECEL=3000
G1 F6141.304
G1 X91.026 Y106.669 E.02118
G1 X91.317 Y106.662 E.00947
G1 X91.552 Y106.896 E.01076
G1 X91.554 Y107.016 E.00387
G1 X91.046 Y107.524 E.02337
G1 X91.2 Y114.221 E.21767
G1 X91.733 Y114.754 E.02447
G1 X91.727 Y114.519 E.00764
G1 X91.219 Y115.027 E.02337
G1 X91.256 Y116.655 E.05291
;TIME_ELAPSED:1921.202148

;LAYER_CHANGE
;:21
;HEIGHT:0.200001
;BEFORE_LAYER_CHANGE
;21
G92 E0

G1 E-.8 F2400
;WIPE_START
G1 F6141.304
G1 X91.219 Y115.027
G1 X91.482 Y114.764
;WIPE_END
EXCLUDE_OBJECT_END NAME=arm.stl_id_0_copy_0
;_SET_FAN_SPEED_CHANGING_LAYER
; OBJECT_ID: 15
EXCLUDE_OBJECT_START NAME=arm.stl_id_0_copy_0
SET_VELOCITY_LIMIT ACCEL=8000 ACCEL_TO_DECEL=4000
G1 X98.903 Y116.548 Z21.2 F24000
G1 X140.621 Y126.574 Z21.2
G1 Z21
G1 E.8 F2400
SET_VELOCITY_LIMIT ACCEL=4000 ACCEL_TO_DECEL=2000 SQUARE_CORNER_VELOCITY=6
;TYPE:Inner wall
G1 F6141.304
G1 X139.666 Y125.488 E.04698
G1 X161.292 Y106.475 E.93572
G1 X162.544 Y107.899 E.06161
G1 X140.918 Y126.912 E.93572
G1 X140.66 Y126.619 E.01267
SET_VELOCITY_LIMIT ACCEL=8000 ACCEL_TO_DECEL=4000 SQUARE_CORNER_VELOCITY=8
G1 X140.882 Y127.466 F24000
SET_VELOCITY_LIMIT ACCEL=4000 ACCEL_TO_DECEL=2000 SQUARE_CORNER_VELOCITY=6
;TYPE:Outer wall
;WIDTH:0.42
G1 F6470
G1 X139.113 Y125.453 E.08067
G1 X161.328 Y105.922 E.89036
G1 X163.098 Y107.935 E.08067
G1 X140.927 Y127.426 E.88856
SET_VELOCITY_LIMIT ACCEL=8000 ACCEL_TO_DECEL=4000 SQUARE_CORNER_VELOCITY=8
G1 X140.684 Y126.028 F24000
SET_VELOCITY_LIMIT ACCEL=6000 ACCEL_TO_DECEL=3000
;TYPE:Internal solid infill
;WIDTH:0.453106
G1 F6094.796
G1 X140.955 Y126.336 E.01343
G1 X161.968 Y107.862 E.9161
G1 X161.697 Y107.554 E.01343
G1 X140.729 Y125.988 E.91413
SET_VELOCITY_LIMIT ACCEL=8000 ACCEL_TO_DECEL=4000
G1 X159.742 Y108.302 F24000
SET_VELOCITY_LIMIT ACCEL=6000 ACCEL_TO_DECEL=3000
;TYPE:Sparse infill
;WIDTH:0.45
G1 F6141.304
G1 X160.965 Y107.227 E.05291
G1 X161.192 Y107.453 E.01042
G1 X157.107 Y111.045 E.17674
G1 X156.881 Y110.818 E.01042
G1 X156.511 Y111.143 E.016
G1 X152.983 Y114.671 E.16211
G1 X153.023 Y114.636 E.00171
G1 X152.796 Y114.409 E.01042
G1 X148.711 Y118 E.17674
G1 X148.938 Y118.227 E.01042
G1 X144.853 Y121.818 E.17674
G1 X144.626 Y121.591 E.01042
G1 X140.541 Y125.183 E.17674
G1 X140.768 Y125.409 E.01042
G1 X141.991 Y124.334 E.05291
G1 E-.8 F2400
SET_VELOCITY_LIMIT ACCEL=8000 ACCEL_TO_DECEL=4000
G1 X138.338 Y131.036 Z21.4 F24000
G1 X135.954 Y135.409 Z21.4
G1 Z21
G1 E.8 F2400
SET_VELOCITY_LIMIT ACCEL=4000 ACCEL_TO_DECEL=2000 SQUARE_CORNER_VELOCITY=6
;TYPE:Inner wall
G1 F6141.304
G1 X164.594 Y110.23 E1.23917
G1 X169.081 Y115.334 E.22083
G1 X125.56 Y153.597 E1.88305
G1 X96.329 Y135.28 E1.12093
G1 X95.673 Y106.833 E.92463
G1 X110.013 Y117.324 E.57737
G1 X135.393 Y135.903 E1.02207
G1 X135.909 Y135.449 E.02233
SET_VELOCITY_LIMIT ACCEL=8000 ACCEL_TO_DECEL=4000 SQUARE_CORNER_VELOCITY=8
G1 X135.37 Y135.4 F24000
SET_VELOCITY_LIMIT ACCEL=4000 ACCEL_TO_DECEL=2000 SQUARE_CORNER_VELOCITY=6
;TYPE:Outer wall
;WIDTH:0.42
G1 F6470
G1 X164.629 Y109.677 E1.17266
G1 X169.634 Y115.37 E.22816
G1 X125.599 Y154.084 E1.76488
G1 X95.942 Y135.5 E1.05347
G1 X95.263 Y106.047 E.88678
G1 X110.245 Y117.007 E.55876
G1 X135.322 Y135.365 E.93547
G1 E-.8 F2400
;WIPE_START
G1 F6629.9
G1 X136.826 Y134.047
;WIPE_END
SET_VELOCITY_LIMIT ACCEL=8000 ACCEL_TO_DECEL=4000 SQUARE_CORNER_VELOCITY=8
G1 X139.014 Y141.305 Z21.4 F24000
G1 Z21
G1 E.8 F2400
SET_VELOCITY_LIMIT ACCEL=6000 ACCEL_TO_DECEL=3000
;TYPE:Sparse infill
;WIDTH:0.45
G1 F6141.304
G1 X140.237 Y140.229 E.05291
G1 X135.915 Y135.908 E.19861
G1 X135.413 Y136.349 E.02172
G1 X133.041 Y134.613 E.09552
G1 X118.741 Y148.913 E.65716
G1 X117.335 Y148.032 E.0539
G1 X96.49 Y127.187 E.95791
G1 X96.444 Y125.154 E.06608
G1 X106.45 Y115.148 E.45983
G1 X110.286 Y117.955 E.15445
G1 X136.152 Y143.821 E1.18866
G1 X134.929 Y144.896 E.05291
SET_VELOCITY_LIMIT ACCEL=8000 ACCEL_TO_DECEL=4000
G1 X124.84 Y152.734 F24000
SET_VELOCITY_LIMIT ACCEL=6000 ACCEL_TO_DECEL=3000
G1 F6141.304
G1 X123.46 Y151.87 E.05291
G1 X164.584 Y110.746 E1.88983
G1 X168.175 Y114.831 E.17674
G1 X161.253 Y121.753 E.31809
G1 X160.66 Y122.274 E.02563
G1 X156.339 Y117.952 E.19861
G1 X160.423 Y114.361 E.17674
G1 X164.745 Y118.682 E.19861
SET_VELOCITY_LIMIT ACCEL=8000 ACCEL_TO_DECEL=4000
G1 X141.222 Y131.241 F24000
SET_VELOCITY_LIMIT ACCEL=6000 ACCEL_TO_DECEL=3000
G1 F6141.304
G1 X140 Y132.317 E.05291
G1 X144.321 Y136.638 E.19861
G1 X148.406 Y133.047 E.17674
G1 X144.084 Y128.725 E.19861
G1 X148.169 Y125.134 E.17674
G1 X152.491 Y129.456 E.19861
G1 X156.576 Y125.865 E.17674
G1 X152.254 Y121.543 E.19861
G1 X153.477 Y120.468 E.05291
G1 E-.8 F2400
;WIPE_START
G1 F6141.304
G1 X152.254 Y121.543
G1 X152.517 Y121.806
;WIPE_END
SET_VELOCITY_LIMIT ACCEL=8000 ACCEL_TO_DECEL=4000
G1 X145.926 Y125.655 Z21.4 F24000
G1 X112.642 Y145.091 Z21.4
G1 Z21
G1 E.8 F2400
SET_VELOCITY_LIMIT ACCEL=6000 ACCEL_TO_DECEL=3000
G1 F6141.304
G1 X114.022 Y145.956 E.05291
G1 X128.609 Y131.368 E.67036
G1 X124.178 Y128.124 E.17847
G1 X109.303 Y142.999 E.68356
G1 X104.584 Y140.042 E.18096
G1 X119.746 Y124.88 E.69676
G1 X115.314 Y121.636 E.17847
G1 X99.865 Y137.085 E.70996
G1 X96.673 Y135.084 E.12242
G1 X96.617 Y132.657 E.07889
G1 X110.882 Y118.391 E.65558
SET_VELOCITY_LIMIT ACCEL=8000 ACCEL_TO_DECEL=4000
G1 X98.898 Y109.624 F24000
SET_VELOCITY_LIMIT ACCEL=6000 ACCEL_TO_DECEL=3000
G1 F6141.304
G1 X97.584 Y108.662 E.05291
G1 X96.098 Y110.148 E.06829
G1 X96.128 Y111.473 E.04306
G1 X132.067 Y147.412 E1.65156
G1 X127.982 Y151.003 E.17674
G1 X96.309 Y119.33 E1.45552
G1 X96.271 Y117.651 E.05457
G1 X102.017 Y111.905 E.26406
G1 X103.331 Y112.867 E.05291
G1 E-.8 F2400
SET_VELOCITY_LIMIT ACCEL=8000 ACCEL_TO_DECEL=4000
G1 X100.056 Y119.761 Z21.4 F24000
G1 X92.779 Y135.084 Z21.4
G1 Z21
G1 E.8 F2400
SET_VELOCITY_LIMIT ACCEL=4000 ACCEL_TO_DECEL=2000 SQUARE_CORNER_VELOCITY=6
;TYPE:Inner wall
G1 F6141.304
G1 X91.334 Y135.117 E.04698
G1 X90.67 Y106.329 E.93572
G1 X92.565 Y106.285 E.06161
G1 X92.981 Y124.316 E.58605
G1 X93.229 Y135.073 E.34967
G1 X92.839 Y135.082 E.01267
SET_VELOCITY_LIMIT ACCEL=8000 ACCEL_TO_DECEL=4000 SQUARE_CORNER_VELOCITY=8
G1 X93.63 Y135.456 F24000
SET_VELOCITY_LIMIT ACCEL=4000 ACCEL_TO_DECEL=2000 SQUARE_CORNER_VELOCITY=6
;TYPE:Outer wall
;WIDTH:0.42
G1 F6470
G1 X90.951 Y135.518 E.08067
G1 X90.269 Y105.946 E.89036
G1 X92.948 Y105.884 E.08067
G1 X93.373 Y124.307 E.55466
G1 X93.629 Y135.396 E.33389
SET_VELOCITY_LIMIT ACCEL=8000 ACCEL_TO_DECEL=4000 SQUARE_CORNER_VELOCITY=8
G1 X92.811 Y134.674 F24000
SET_VELOCITY_LIMIT ACCEL=6000 ACCEL_TO_DECEL=3000
;TYPE:Internal solid infill
;WIDTH:0.453108
G1 F6094.766
G1 X92.166 Y106.703 E.9161
G1 X91.756 Y106.713 E.01343
G1 X92.401 Y134.684 E.9161
G1 X92.751 Y134.676 E.01147
SET_VELOCITY_LIMIT ACCEL=8000 ACCEL_TO_DECEL=4000
G1 X91.84 Y128.092 F24000
SET_VELOCITY_LIMIT ACCEL=6000 ACCEL_TO_DECEL=3000
;TYPE:Sparse infill
;WIDTH:0.45
G1 F6141.304
G1 X91.878 Y129.72 E.05291
G1 X91.565 Y130.033 E.01438
G1 X91.562 Y129.935 E.00318
G1 X91.89 Y130.263 E.01506
G1 X91.928 Y131.891 E.05291
SET_VELOCITY_LIMIT ACCEL=8000 ACCEL_TO_DECEL=4000
G1 X91.429 Y124.158 F24000
SET_VELOCITY_LIMIT ACCEL=6000 ACCEL_TO_DECEL=3000
G1 F6141.304
G1 X91.392 Y122.53 E.05291
G1 X91.705 Y122.217 E.01438
G1 X91.709 Y122.406 E.00614
G1 X91.381 Y122.078 E.01506
G1 X91.219 Y115.027 E.22918
G1 X91.532 Y114.714 E.01438
G1 X91.528 Y114.549 E.00537
G1 X91.2 Y114.221 E.01506
G1 X91.046 Y107.524 E.21767
G1 X91.359 Y107.211 E.01438
G1 X91.396 Y108.839 E.05291
;TIME_ELAPSED:1938.817993

;LAYER_CHANGE
;:21.2
;HEIGHT:0.200001
;BEFORE_LAYER_CHANGE
;21.2
G92 E0

G1 E-.8 F2400
;WIPE_START
G1 F6141.304
G1 X91.359 Y107.211
G1 X91.096 Y107.474
;WIPE_END
EXCLUDE_OBJECT_END NAME=arm.stl_id_0_copy_0
;_SET_FAN_SPEED_CHANGING_LAYER
; OBJECT_ID: 15
EXCLUDE_OBJECT_START NAME=arm.stl_id_0_copy_0
SET_VELOCITY_LIMIT ACCEL=8000 ACCEL_TO_DECEL=4000
G1 X98.222 Y110.208 Z21.4 F24000
G1 X140.489 Y126.424 Z21.4
G1 Z21.2
G1 E.8 F2400
SET_VELOCITY_LIMIT ACCEL=4000 ACCEL_TO_DECEL=2000 SQUARE_CORNER_VELOCITY=6
;TYPE:Inner wall
G1 F6141.304
G1 X139.666 Y125.488 E.04048
G1 X161.292 Y106.475 E.93572
G1 X162.412 Y107.749 E.05511
G1 X140.786 Y126.762 E.93572
G1 X140.528 Y126.469 E.01267
SET_VELOCITY_LIMIT ACCEL=8000 ACCEL_TO_DECEL=4000 SQUARE_CORNER_VELOCITY=8
G1 X140.75 Y127.315 F24000
SET_VELOCITY_LIMIT ACCEL=4000 ACCEL_TO_DECEL=2000 SQUARE_CORNER_VELOCITY=6
;TYPE:Outer wall
;WIDTH:0.42
G1 F6568
G1 X139.113 Y125.453 E.07465
G1 X161.328 Y105.922 E.89036
G1 X162.966 Y107.785 E.07465
G1 X140.795 Y127.276 E.88856
SET_VELOCITY_LIMIT ACCEL=8000 ACCEL_TO_DECEL=4000 SQUARE_CORNER_VELOCITY=8
G1 X140.219 Y125.524 F24000
SET_VELOCITY_LIMIT ACCEL=6000 ACCEL_TO_DECEL=3000
;TYPE:Internal solid infill
;WIDTH:0.419999
G1 F6568
M73 P83 R6
G1 X140.821 Y126.209 E.02744
G1 X161.859 Y107.713 E.84315
G1 X161.257 Y107.029 E.02744
G1 X140.264 Y125.484 E.84135
SET_VELOCITY_LIMIT ACCEL=8000 ACCEL_TO_DECEL=4000
G1 X140.863 Y125.565 F24000
SET_VELOCITY_LIMIT ACCEL=6000 ACCEL_TO_DECEL=3000
;WIDTH:0.577528
G1 F4676.324
G1 X161.17 Y107.712 E1.15392
G1 E-.8 F2400
;WIPE_START
G1 F4676.324
G1 X159.668 Y109.032
;WIPE_END
SET_VELOCITY_LIMIT ACCEL=8000 ACCEL_TO_DECEL=4000
G1 X154.566 Y114.708 Z21.6 F24000
G1 X135.954 Y135.409 Z21.6
G1 Z21.2
G1 E.8 F2400
SET_VELOCITY_LIMIT ACCEL=4000 ACCEL_TO_DECEL=2000 SQUARE_CORNER_VELOCITY=6
;TYPE:Inner wall
;WIDTH:0.45
G1 F6141.304
G1 X164.594 Y110.23 E1.23917
G1 X169.081 Y115.334 E.22083
G1 X125.56 Y153.597 E1.88305
G1 X96.329 Y135.28 E1.12093
G1 X95.673 Y106.833 E.92463
G1 X111.626 Y118.504 E.6423
G1 X135.393 Y135.903 E.95714
G1 X135.909 Y135.449 E.02233
SET_VELOCITY_LIMIT ACCEL=8000 ACCEL_TO_DECEL=4000 SQUARE_CORNER_VELOCITY=8
G1 X135.37 Y135.4 F24000
SET_VELOCITY_LIMIT ACCEL=4000 ACCEL_TO_DECEL=2000 SQUARE_CORNER_VELOCITY=6
;TYPE:Outer wall
;WIDTH:0.42
G1 F6568
G1 X164.629 Y109.677 E1.17266
G1 X169.634 Y115.37 E.22816
G1 X125.599 Y154.084 E1.76488
G1 X95.942 Y135.5 E1.05347
G1 X95.263 Y106.047 E.88678
G1 X111.857 Y118.187 E.6189
G1 X135.322 Y135.365 E.87532
G1 E-.8 F2400
;WIPE_START
G1 F6629.9
G1 X136.826 Y134.047
;WIPE_END
SET_VELOCITY_LIMIT ACCEL=8000 ACCEL_TO_DECEL=4000 SQUARE_CORNER_VELOCITY=8
G1 X142.741 Y129.223 Z21.6 F24000
G1 X153.477 Y120.468 Z21.6
G1 Z21.2
G1 E.8 F2400
SET_VELOCITY_LIMIT ACCEL=6000 ACCEL_TO_DECEL=3000
;TYPE:Sparse infill
;WIDTH:0.45
G1 F6141.304
G1 X152.254 Y121.543 E.05291
G1 X156.576 Y125.865 E.19861
G1 X152.491 Y129.456 E.17674
G1 X148.169 Y125.134 E.19861
G1 X144.084 Y128.725 E.17674
G1 X148.406 Y133.047 E.19861
G1 X144.321 Y136.638 E.17674
G1 X140 Y132.317 E.19861
G1 X138.777 Y133.392 E.05291
SET_VELOCITY_LIMIT ACCEL=8000 ACCEL_TO_DECEL=4000
G1 X164.745 Y118.682 F24000
SET_VELOCITY_LIMIT ACCEL=6000 ACCEL_TO_DECEL=3000
G1 F6141.304
G1 X160.423 Y114.361 E.19861
G1 X156.339 Y117.952 E.17674
G1 X160.66 Y122.274 E.19861
G1 X161.253 Y121.753 E.02564
G1 X168.175 Y114.831 E.31808
G1 X164.584 Y110.746 E.17674
G1 X123.46 Y151.87 E1.88983
G1 X125.525 Y153.164 E.07918
G1 X127.982 Y151.003 E.10633
G1 X96.309 Y119.33 E1.45552
G1 X96.271 Y117.651 E.05457
G1 X102.017 Y111.905 E.26405
G1 X97.584 Y108.662 E.17848
G1 X96.098 Y110.148 E.06829
G1 X96.128 Y111.473 E.04306
G1 X132.067 Y147.412 E1.65156
G1 X136.152 Y143.821 E.17674
G1 X110.288 Y117.957 E1.18857
G1 X106.449 Y115.148 E.15454
G1 X96.444 Y125.154 E.45981
G1 X96.49 Y127.187 E.06608
G1 X117.335 Y148.032 E.95791
G1 X118.741 Y148.913 E.0539
G1 X133.041 Y134.613 E.65716
G1 X135.413 Y136.349 E.09552
G1 X135.915 Y135.908 E.02172
G1 X140.237 Y140.229 E.19861
G1 X141.459 Y139.154 E.05291
G1 E-.8 F2400
;WIPE_START
G1 F6141.304
G1 X140.237 Y140.229
G1 X139.974 Y139.967
;WIPE_END
SET_VELOCITY_LIMIT ACCEL=8000 ACCEL_TO_DECEL=4000
G1 X133.843 Y135.42 Z21.6 F24000
G1 X110.882 Y118.392 Z21.6
G1 Z21.2
G1 E.8 F2400
SET_VELOCITY_LIMIT ACCEL=6000 ACCEL_TO_DECEL=3000
G1 F6141.304
G1 X96.617 Y132.657 E.65557
G1 X96.673 Y135.084 E.07889
G1 X99.865 Y137.085 E.12242
G1 X115.314 Y121.636 E.70996
G1 X119.746 Y124.88 E.17847
G1 X104.584 Y140.042 E.69676
G1 X109.303 Y142.999 E.18096
G1 X124.178 Y128.124 E.68356
G1 X128.609 Y131.368 E.17847
G1 X114.022 Y145.956 E.67036
G1 X112.642 Y145.091 E.05291
G1 E-.8 F2400
SET_VELOCITY_LIMIT ACCEL=8000 ACCEL_TO_DECEL=4000
G1 X105.812 Y141.686 Z21.6 F24000
G1 X92.579 Y135.088 Z21.6
G1 Z21.2
G1 E.8 F2400
SET_VELOCITY_LIMIT ACCEL=4000 ACCEL_TO_DECEL=2000 SQUARE_CORNER_VELOCITY=6
;TYPE:Inner wall
G1 F6141.304
G1 X91.334 Y135.117 E.04048
G1 X90.67 Y106.329 E.93572
G1 X92.365 Y106.29 E.05511
G1 X92.753 Y123.118 E.54698
G1 X93.029 Y135.078 E.38874
G1 X92.639 Y135.087 E.01267
SET_VELOCITY_LIMIT ACCEL=8000 ACCEL_TO_DECEL=4000 SQUARE_CORNER_VELOCITY=8
G1 X93.43 Y135.461 F24000
SET_VELOCITY_LIMIT ACCEL=4000 ACCEL_TO_DECEL=2000 SQUARE_CORNER_VELOCITY=6
;TYPE:Outer wall
;WIDTH:0.42
G1 F6568
G1 X90.951 Y135.518 E.07465
G1 X90.269 Y105.946 E.89036
G1 X92.748 Y105.889 E.07465
G1 X93.145 Y123.109 E.51847
G1 X93.429 Y135.401 E.37008
SET_VELOCITY_LIMIT ACCEL=8000 ACCEL_TO_DECEL=4000 SQUARE_CORNER_VELOCITY=8
G1 X92.628 Y134.695 F24000
SET_VELOCITY_LIMIT ACCEL=6000 ACCEL_TO_DECEL=3000
;TYPE:Internal solid infill
;WIDTH:0.419999
G1 F6568
G1 X91.982 Y106.691 E.84315
G1 X91.071 Y106.712 E.02744
G1 X91.717 Y134.716 E.84315
G1 X92.568 Y134.696 E.02564
SET_VELOCITY_LIMIT ACCEL=8000 ACCEL_TO_DECEL=4000
G1 X92.162 Y134.25 F24000
SET_VELOCITY_LIMIT ACCEL=6000 ACCEL_TO_DECEL=3000
;WIDTH:0.577526
G1 F4676.341
G1 X91.539 Y107.217 E1.15392
;TIME_ELAPSED:1955.582764

;LAYER_CHANGE
;:21.4
;HEIGHT:0.199999
;BEFORE_LAYER_CHANGE
;21.4
G92 E0

G1 E-.8 F2400
;WIPE_START
G1 F4676.341
G1 X91.585 Y109.217
;WIPE_END
EXCLUDE_OBJECT_END NAME=arm.stl_id_0_copy_0
;_SET_FAN_SPEED_CHANGING_LAYER
; OBJECT_ID: 15
EXCLUDE_OBJECT_START NAME=arm.stl_id_0_copy_0
SET_VELOCITY_LIMIT ACCEL=8000 ACCEL_TO_DECEL=4000
G1 X98.789 Y111.736 Z21.6 F24000
G1 X140.357 Y126.274 Z21.6
G1 Z21.4
G1 E.8 F2400
SET_VELOCITY_LIMIT ACCEL=4000 ACCEL_TO_DECEL=2000 SQUARE_CORNER_VELOCITY=6
;TYPE:Inner wall
;WIDTH:0.45
G1 F6141.304
G1 X139.666 Y125.488 E.03398
G1 X161.292 Y106.475 E.93572
G1 X162.28 Y107.599 E.04861
G1 X140.654 Y126.612 E.93572
G1 X140.396 Y126.319 E.01267
SET_VELOCITY_LIMIT ACCEL=8000 ACCEL_TO_DECEL=4000 SQUARE_CORNER_VELOCITY=8
G1 X140.618 Y127.165 F24000
SET_VELOCITY_LIMIT ACCEL=4000 ACCEL_TO_DECEL=2000 SQUARE_CORNER_VELOCITY=6
;TYPE:Outer wall
;WIDTH:0.42
G1 F6258
G1 X139.113 Y125.453 E.06863
G1 X161.328 Y105.922 E.89036
G1 X162.833 Y107.634 E.06863
G1 X140.663 Y127.126 E.88856
SET_VELOCITY_LIMIT ACCEL=8000 ACCEL_TO_DECEL=4000 SQUARE_CORNER_VELOCITY=8
G1 X140.219 Y125.524 F24000
SET_VELOCITY_LIMIT ACCEL=6000 ACCEL_TO_DECEL=3000
;TYPE:Internal solid infill
;WIDTH:0.419999
G1 F6258
G1 X140.689 Y126.059 E.02142
G1 X161.727 Y107.563 E.84315
G1 X161.257 Y107.029 E.02142
G1 X140.264 Y125.484 E.84135
SET_VELOCITY_LIMIT ACCEL=8000 ACCEL_TO_DECEL=4000
G1 X140.722 Y125.556 F24000
SET_VELOCITY_LIMIT ACCEL=6000 ACCEL_TO_DECEL=3000
;WIDTH:0.377528
G1 F6258
G1 X161.18 Y107.57 E.72758
G1 E-.8 F2400
;WIPE_START
G1 F7471.429
G1 X159.677 Y108.891
;WIPE_END
SET_VELOCITY_LIMIT ACCEL=8000 ACCEL_TO_DECEL=4000
G1 X154.589 Y114.579 Z21.8 F24000
G1 X135.954 Y135.409 Z21.8
G1 Z21.4
G1 E.8 F2400
SET_VELOCITY_LIMIT ACCEL=4000 ACCEL_TO_DECEL=2000 SQUARE_CORNER_VELOCITY=6
;TYPE:Inner wall
;WIDTH:0.45
G1 F6141.304
G1 X164.594 Y110.23 E1.23917
G1 X169.081 Y115.334 E.22083
G1 X125.56 Y153.597 E1.88305
G1 X96.329 Y135.28 E1.12093
G1 X95.673 Y106.833 E.92463
G1 X113.238 Y119.684 E.70722
G1 X135.393 Y135.903 E.89222
G1 X135.909 Y135.449 E.02233
SET_VELOCITY_LIMIT ACCEL=8000 ACCEL_TO_DECEL=4000 SQUARE_CORNER_VELOCITY=8
G1 X135.37 Y135.4 F24000
SET_VELOCITY_LIMIT ACCEL=4000 ACCEL_TO_DECEL=2000 SQUARE_CORNER_VELOCITY=6
;TYPE:Outer wall
;WIDTH:0.42
G1 F6258
G1 X164.629 Y109.677 E1.17266
G1 X169.634 Y115.37 E.22816
G1 X125.599 Y154.084 E1.76488
G1 X95.942 Y135.5 E1.05347
G1 X95.263 Y106.047 E.88678
G1 X113.469 Y119.368 E.67905
G1 X135.322 Y135.365 E.81518
G1 E-.8 F2400
;WIPE_START
G1 F6629.9
G1 X136.826 Y134.047
;WIPE_END
SET_VELOCITY_LIMIT ACCEL=8000 ACCEL_TO_DECEL=4000 SQUARE_CORNER_VELOCITY=8
G1 X138.777 Y133.392 Z21.8 F24000
G1 Z21.4
G1 E.8 F2400
SET_VELOCITY_LIMIT ACCEL=6000 ACCEL_TO_DECEL=3000
;TYPE:Sparse infill
;WIDTH:0.45
G1 F6141.304
M73 P84 R6
G1 X140 Y132.317 E.05291
G1 X144.321 Y136.638 E.19861
G1 X148.406 Y133.047 E.17674
G1 X144.084 Y128.725 E.19861
G1 X148.169 Y125.134 E.17674
G1 X152.491 Y129.456 E.19861
G1 X156.576 Y125.865 E.17674
G1 X152.254 Y121.543 E.19861
G1 X153.477 Y120.468 E.05291
SET_VELOCITY_LIMIT ACCEL=8000 ACCEL_TO_DECEL=4000
G1 X141.459 Y139.154 F24000
SET_VELOCITY_LIMIT ACCEL=6000 ACCEL_TO_DECEL=3000
G1 F6141.304
G1 X140.237 Y140.229 E.05291
G1 X135.915 Y135.908 E.19861
G1 X135.413 Y136.349 E.02172
G1 X133.041 Y134.613 E.09552
G1 X118.741 Y148.913 E.65716
G1 X117.335 Y148.032 E.0539
G1 X96.49 Y127.187 E.95791
G1 X96.444 Y125.154 E.06608
G1 X106.449 Y115.149 E.4598
G1 X110.29 Y117.959 E.15465
G1 X136.152 Y143.821 E1.18847
G1 X132.067 Y147.412 E.17674
G1 X96.128 Y111.473 E1.65156
G1 X96.098 Y110.148 E.04306
G1 X97.584 Y108.662 E.06829
G1 X102.016 Y111.906 E.17848
G1 X96.271 Y117.651 E.26404
G1 X96.309 Y119.33 E.05457
G1 X127.982 Y151.003 E1.45552
G1 X125.525 Y153.164 E.10633
G1 X123.46 Y151.87 E.07918
G1 X164.584 Y110.746 E1.88983
G1 X168.175 Y114.831 E.17674
G1 X161.253 Y121.753 E.31808
G1 X160.66 Y122.274 E.02564
G1 X156.339 Y117.952 E.19861
G1 X160.423 Y114.361 E.17674
G1 X164.745 Y118.682 E.19861
G1 E-.8 F2400
;WIPE_START
G1 F6141.304
G1 X163.331 Y117.268
;WIPE_END
SET_VELOCITY_LIMIT ACCEL=8000 ACCEL_TO_DECEL=4000
G1 X156.64 Y120.941 Z21.8 F24000
G1 X112.642 Y145.091 Z21.8
G1 Z21.4
G1 E.8 F2400
SET_VELOCITY_LIMIT ACCEL=6000 ACCEL_TO_DECEL=3000
G1 F6141.304
G1 X114.022 Y145.956 E.05291
G1 X128.609 Y131.368 E.67036
G1 X124.178 Y128.124 E.17847
G1 X109.303 Y142.999 E.68356
G1 X104.584 Y140.042 E.18096
G1 X119.746 Y124.88 E.69676
G1 X115.314 Y121.636 E.17847
G1 X99.865 Y137.085 E.70996
G1 X96.673 Y135.084 E.12242
G1 X96.617 Y132.657 E.07889
G1 X110.882 Y118.392 E.65556
G1 E-.8 F2400
SET_VELOCITY_LIMIT ACCEL=8000 ACCEL_TO_DECEL=4000
G1 X105.216 Y123.506 Z21.8 F24000
G1 X92.379 Y135.093 Z21.8
G1 Z21.4
G1 E.8 F2400
SET_VELOCITY_LIMIT ACCEL=4000 ACCEL_TO_DECEL=2000 SQUARE_CORNER_VELOCITY=6
;TYPE:Inner wall
G1 F6141.304
G1 X91.334 Y135.117 E.03398
G1 X90.67 Y106.329 E.93572
G1 X92.165 Y106.294 E.04861
G1 X92.526 Y121.921 E.50791
G1 X92.829 Y135.083 E.42781
G1 X92.439 Y135.092 E.01267
SET_VELOCITY_LIMIT ACCEL=8000 ACCEL_TO_DECEL=4000 SQUARE_CORNER_VELOCITY=8
G1 X93.23 Y135.466 F24000
SET_VELOCITY_LIMIT ACCEL=4000 ACCEL_TO_DECEL=2000 SQUARE_CORNER_VELOCITY=6
;TYPE:Outer wall
;WIDTH:0.42
G1 F6258
G1 X90.951 Y135.518 E.06863
G1 X90.269 Y105.946 E.89036
G1 X92.548 Y105.893 E.06863
G1 X92.918 Y121.912 E.48228
G1 X93.229 Y135.406 E.40628
SET_VELOCITY_LIMIT ACCEL=8000 ACCEL_TO_DECEL=4000 SQUARE_CORNER_VELOCITY=8
G1 X92.428 Y134.7 F24000
SET_VELOCITY_LIMIT ACCEL=6000 ACCEL_TO_DECEL=3000
;TYPE:Internal solid infill
;WIDTH:0.419999
G1 F6258
G1 X91.782 Y106.695 E.84315
G1 X91.071 Y106.712 E.02142
G1 X91.717 Y134.716 E.84315
G1 X92.368 Y134.701 E.01962
SET_VELOCITY_LIMIT ACCEL=8000 ACCEL_TO_DECEL=4000
G1 X92.064 Y134.352 F24000
SET_VELOCITY_LIMIT ACCEL=6000 ACCEL_TO_DECEL=3000
;WIDTH:0.377524
G1 F6258
G1 X91.436 Y107.119 E.72757
;TIME_ELAPSED:1972.676880

;LAYER_CHANGE
;:21.6
;HEIGHT:0.200001
;BEFORE_LAYER_CHANGE
;21.6
G92 E0

G1 E-.8 F2400
;WIPE_START
G1 F7471.518
G1 X91.482 Y109.119
;WIPE_END
EXCLUDE_OBJECT_END NAME=arm.stl_id_0_copy_0
;_SET_FAN_SPEED_CHANGING_LAYER
; OBJECT_ID: 15
EXCLUDE_OBJECT_START NAME=arm.stl_id_0_copy_0
SET_VELOCITY_LIMIT ACCEL=8000 ACCEL_TO_DECEL=4000
G1 X98.689 Y111.633 Z21.8 F24000
G1 X140.225 Y126.124 Z21.8
G1 Z21.6
G1 E.8 F2400
SET_VELOCITY_LIMIT ACCEL=4000 ACCEL_TO_DECEL=2000 SQUARE_CORNER_VELOCITY=6
;TYPE:Inner wall
;WIDTH:0.45
G1 F5927
G1 X139.666 Y125.488 E.02749
G1 X161.292 Y106.475 E.93572
G1 X162.148 Y107.449 E.04211
G1 X140.522 Y126.462 E.93572
G1 X140.264 Y126.169 E.01267
SET_VELOCITY_LIMIT ACCEL=8000 ACCEL_TO_DECEL=4000 SQUARE_CORNER_VELOCITY=8
G1 X140.486 Y127.015 F24000
SET_VELOCITY_LIMIT ACCEL=4000 ACCEL_TO_DECEL=2000 SQUARE_CORNER_VELOCITY=6
;TYPE:Outer wall
;WIDTH:0.42
G1 F5927
G1 X139.113 Y125.453 E.06261
G1 X161.328 Y105.922 E.89036
G1 X162.701 Y107.484 E.06261
G1 X140.531 Y126.975 E.88856
SET_VELOCITY_LIMIT ACCEL=8000 ACCEL_TO_DECEL=4000 SQUARE_CORNER_VELOCITY=8
G1 X140.267 Y125.527 F24000
SET_VELOCITY_LIMIT ACCEL=6000 ACCEL_TO_DECEL=3000
;TYPE:Internal solid infill
;WIDTH:0.487302
G1 F5625.79
G1 X140.56 Y125.861 E.01576
G1 X161.547 Y107.41 E.99126
G1 X161.254 Y107.076 E.01576
G1 X140.312 Y125.487 E.98913
G1 E-.8 F2400
;WIPE_START
G1 F5625.79
G1 X141.814 Y124.167
;WIPE_END
SET_VELOCITY_LIMIT ACCEL=8000 ACCEL_TO_DECEL=4000
G1 X138.286 Y130.935 Z22 F24000
G1 X135.954 Y135.409 Z22
G1 Z21.6
G1 E.8 F2400
SET_VELOCITY_LIMIT ACCEL=4000 ACCEL_TO_DECEL=2000 SQUARE_CORNER_VELOCITY=6
;TYPE:Inner wall
;WIDTH:0.45
G1 F5927
G1 X164.594 Y110.23 E1.23917
G1 X169.081 Y115.334 E.22083
G1 X125.56 Y153.597 E1.88305
G1 X96.329 Y135.28 E1.12093
G1 X95.673 Y106.833 E.92463
G1 X114.85 Y120.864 E.77215
G1 X135.393 Y135.903 E.82729
G1 X135.909 Y135.449 E.02233
SET_VELOCITY_LIMIT ACCEL=8000 ACCEL_TO_DECEL=4000 SQUARE_CORNER_VELOCITY=8
G1 X135.37 Y135.4 F24000
SET_VELOCITY_LIMIT ACCEL=4000 ACCEL_TO_DECEL=2000 SQUARE_CORNER_VELOCITY=6
;TYPE:Outer wall
;WIDTH:0.42
G1 F5927
G1 X164.629 Y109.677 E1.17266
G1 X169.634 Y115.37 E.22816
G1 X125.599 Y154.084 E1.76488
M73 P84 R5
G1 X95.942 Y135.5 E1.05347
G1 X95.263 Y106.047 E.88678
G1 X115.082 Y120.548 E.73919
G1 X135.322 Y135.365 E.75504
G1 E-.8 F2400
;WIPE_START
G1 F6629.9
G1 X136.826 Y134.047
;WIPE_END
SET_VELOCITY_LIMIT ACCEL=8000 ACCEL_TO_DECEL=4000 SQUARE_CORNER_VELOCITY=8
G1 X142.741 Y129.223 Z22 F24000
G1 X153.477 Y120.468 Z22
G1 Z21.6
G1 E.8 F2400
SET_VELOCITY_LIMIT ACCEL=6000 ACCEL_TO_DECEL=3000
;TYPE:Sparse infill
;WIDTH:0.45
G1 F5927
G1 X152.254 Y121.543 E.05291
G1 X156.576 Y125.865 E.19861
G1 X152.491 Y129.456 E.17674
G1 X148.169 Y125.134 E.19861
G1 X144.084 Y128.725 E.17674
G1 X148.406 Y133.047 E.19861
G1 X144.321 Y136.638 E.17674
G1 X140 Y132.317 E.19861
G1 X138.777 Y133.392 E.05291
SET_VELOCITY_LIMIT ACCEL=8000 ACCEL_TO_DECEL=4000
G1 X164.745 Y118.682 F24000
SET_VELOCITY_LIMIT ACCEL=6000 ACCEL_TO_DECEL=3000
G1 F5927
G1 X160.423 Y114.361 E.19861
G1 X156.339 Y117.952 E.17674
G1 X160.66 Y122.274 E.19861
G1 X161.253 Y121.753 E.02564
G1 X168.175 Y114.831 E.31808
G1 X164.584 Y110.746 E.17674
G1 X123.46 Y151.87 E1.88983
G1 X125.525 Y153.164 E.07918
G1 X127.982 Y151.003 E.10633
G1 X96.309 Y119.33 E1.45552
G1 X96.271 Y117.651 E.05457
G1 X102.016 Y111.906 E.26404
G1 X97.584 Y108.662 E.17848
G1 X96.098 Y110.148 E.06828
G1 X96.128 Y111.473 E.04306
G1 X132.067 Y147.412 E1.65156
G1 X136.152 Y143.821 E.17674
G1 X110.292 Y117.961 E1.18838
G1 X106.449 Y115.149 E.15474
G1 X96.444 Y125.154 E.45979
G1 X96.49 Y127.187 E.06608
G1 X117.335 Y148.032 E.95791
G1 X118.741 Y148.913 E.0539
G1 X133.041 Y134.613 E.65716
G1 X135.413 Y136.349 E.09552
G1 X135.915 Y135.908 E.02172
G1 X140.237 Y140.229 E.19861
G1 X141.459 Y139.154 E.05291
G1 E-.8 F2400
;WIPE_START
G1 F6141.304
G1 X140.237 Y140.229
G1 X139.974 Y139.967
;WIPE_END
SET_VELOCITY_LIMIT ACCEL=8000 ACCEL_TO_DECEL=4000
G1 X133.843 Y135.42 Z22 F24000
G1 X110.882 Y118.392 Z22
G1 Z21.6
G1 E.8 F2400
SET_VELOCITY_LIMIT ACCEL=6000 ACCEL_TO_DECEL=3000
G1 F5927
G1 X96.617 Y132.657 E.65554
G1 X96.673 Y135.084 E.07889
G1 X99.865 Y137.085 E.12242
G1 X115.314 Y121.636 E.70996
G1 X119.746 Y124.88 E.17847
G1 X104.584 Y140.042 E.69676
G1 X109.303 Y142.999 E.18096
G1 X124.178 Y128.124 E.68356
G1 X128.609 Y131.368 E.17847
G1 X114.022 Y145.956 E.67036
G1 X112.642 Y145.091 E.05291
G1 E-.8 F2400
SET_VELOCITY_LIMIT ACCEL=8000 ACCEL_TO_DECEL=4000
G1 X105.784 Y141.742 Z22 F24000
M73 P85 R5
G1 X92.179 Y135.098 Z22
G1 Z21.6
G1 E.8 F2400
SET_VELOCITY_LIMIT ACCEL=4000 ACCEL_TO_DECEL=2000 SQUARE_CORNER_VELOCITY=6
;TYPE:Inner wall
G1 F5927
G1 X91.334 Y135.117 E.02749
G1 X90.67 Y106.329 E.93572
G1 X91.965 Y106.299 E.04211
G1 X92.298 Y120.723 E.46884
G1 X92.629 Y135.087 E.46688
G1 X92.239 Y135.096 E.01267
SET_VELOCITY_LIMIT ACCEL=8000 ACCEL_TO_DECEL=4000 SQUARE_CORNER_VELOCITY=8
G1 X93.03 Y135.47 F24000
SET_VELOCITY_LIMIT ACCEL=4000 ACCEL_TO_DECEL=2000 SQUARE_CORNER_VELOCITY=6
;TYPE:Outer wall
;WIDTH:0.42
G1 F5927
G1 X90.951 Y135.518 E.06261
G1 X90.269 Y105.946 E.89036
G1 X92.348 Y105.898 E.06261
G1 X92.69 Y120.714 E.44609
G1 X93.029 Y135.41 E.44247
SET_VELOCITY_LIMIT ACCEL=8000 ACCEL_TO_DECEL=4000 SQUARE_CORNER_VELOCITY=8
G1 X92.194 Y134.671 F24000
SET_VELOCITY_LIMIT ACCEL=6000 ACCEL_TO_DECEL=3000
;TYPE:Internal solid infill
;WIDTH:0.487302
G1 F5625.79
G1 X91.55 Y106.734 E.99126
G1 X91.105 Y106.745 E.01576
G1 X91.749 Y134.682 E.99126
G1 X92.134 Y134.673 E.01363
;TIME_ELAPSED:1989.468750

;LAYER_CHANGE
;:21.8
;HEIGHT:0.199999
;BEFORE_LAYER_CHANGE
;21.8
G92 E0

G1 E-.8 F2400
;WIPE_START
G1 F5625.79
G1 X91.749 Y134.682
G1 X91.712 Y133.066
;WIPE_END
EXCLUDE_OBJECT_END NAME=arm.stl_id_0_copy_0
;_SET_FAN_SPEED_CHANGING_LAYER
; OBJECT_ID: 15
EXCLUDE_OBJECT_START NAME=arm.stl_id_0_copy_0
SET_VELOCITY_LIMIT ACCEL=8000 ACCEL_TO_DECEL=4000
G1 X99.264 Y131.959 Z22 F24000
G1 X140.092 Y125.973 Z22
G1 Z21.8
G1 E.8 F2400
SET_VELOCITY_LIMIT ACCEL=4000 ACCEL_TO_DECEL=2000 SQUARE_CORNER_VELOCITY=6
;TYPE:Inner wall
;WIDTH:0.45
G1 F5877
G1 X139.666 Y125.488 E.02099
G1 X161.292 Y106.475 E.93572
G1 X162.016 Y107.298 E.03561
G1 X140.39 Y126.311 E.93572
G1 X140.132 Y126.019 E.01267
SET_VELOCITY_LIMIT ACCEL=8000 ACCEL_TO_DECEL=4000 SQUARE_CORNER_VELOCITY=8
G1 X140.354 Y126.865 F24000
SET_VELOCITY_LIMIT ACCEL=4000 ACCEL_TO_DECEL=2000 SQUARE_CORNER_VELOCITY=6
;TYPE:Outer wall
;WIDTH:0.42
G1 F5877
G1 X139.113 Y125.453 E.05659
G1 X161.328 Y105.922 E.89036
G1 X162.569 Y107.334 E.05659
G1 X140.399 Y126.825 E.88856
SET_VELOCITY_LIMIT ACCEL=8000 ACCEL_TO_DECEL=4000 SQUARE_CORNER_VELOCITY=8
G1 X140.196 Y125.523 F24000
SET_VELOCITY_LIMIT ACCEL=6000 ACCEL_TO_DECEL=3000
;TYPE:Internal solid infill
;WIDTH:0.387302
G1 F5877
G1 X140.424 Y125.781 E.00947
G1 X161.486 Y107.264 E.77094
G1 X161.258 Y107.006 E.00947
G1 X140.241 Y125.483 E.76929
G1 E-.8 F2400
;WIPE_START
G1 F7259.381
G1 X141.743 Y124.162
;WIPE_END
SET_VELOCITY_LIMIT ACCEL=8000 ACCEL_TO_DECEL=4000
G1 X138.25 Y130.949 Z22.2 F24000
G1 X135.954 Y135.409 Z22.2
G1 Z21.8
G1 E.8 F2400
SET_VELOCITY_LIMIT ACCEL=4000 ACCEL_TO_DECEL=2000 SQUARE_CORNER_VELOCITY=6
;TYPE:Inner wall
;WIDTH:0.45
G1 F5877
G1 X164.594 Y110.23 E1.23917
G1 X169.081 Y115.334 E.22083
G1 X125.56 Y153.597 E1.88305
G1 X96.329 Y135.28 E1.12093
G1 X95.673 Y106.833 E.92463
G1 X116.462 Y122.045 E.83708
G1 X135.393 Y135.903 E.76236
G1 X135.909 Y135.449 E.02233
SET_VELOCITY_LIMIT ACCEL=8000 ACCEL_TO_DECEL=4000 SQUARE_CORNER_VELOCITY=8
G1 X135.37 Y135.4 F24000
SET_VELOCITY_LIMIT ACCEL=4000 ACCEL_TO_DECEL=2000 SQUARE_CORNER_VELOCITY=6
;TYPE:Outer wall
;WIDTH:0.42
G1 F5877
G1 X164.629 Y109.677 E1.17266
G1 X169.634 Y115.37 E.22816
G1 X125.599 Y154.084 E1.76488
G1 X95.942 Y135.5 E1.05347
G1 X95.263 Y106.047 E.88678
G1 X116.694 Y121.728 E.79933
G1 X135.322 Y135.365 E.6949
G1 E-.8 F2400
;WIPE_START
G1 F6629.9
G1 X136.826 Y134.047
;WIPE_END
SET_VELOCITY_LIMIT ACCEL=8000 ACCEL_TO_DECEL=4000 SQUARE_CORNER_VELOCITY=8
G1 X138.777 Y133.392 Z22.2 F24000
G1 Z21.8
G1 E.8 F2400
SET_VELOCITY_LIMIT ACCEL=6000 ACCEL_TO_DECEL=3000
;TYPE:Sparse infill
;WIDTH:0.45
G1 F5877
G1 X140 Y132.317 E.05291
G1 X144.321 Y136.638 E.19861
G1 X148.406 Y133.047 E.17674
G1 X144.084 Y128.725 E.19861
G1 X148.169 Y125.134 E.17674
G1 X152.491 Y129.456 E.19861
G1 X156.576 Y125.865 E.17674
G1 X152.254 Y121.543 E.19861
G1 X153.477 Y120.468 E.05291
SET_VELOCITY_LIMIT ACCEL=8000 ACCEL_TO_DECEL=4000
G1 X141.459 Y139.154 F24000
SET_VELOCITY_LIMIT ACCEL=6000 ACCEL_TO_DECEL=3000
G1 F5877
G1 X140.237 Y140.229 E.05291
G1 X135.915 Y135.908 E.19861
G1 X135.413 Y136.349 E.02172
G1 X133.041 Y134.613 E.09552
G1 X118.741 Y148.913 E.65716
G1 X117.335 Y148.032 E.0539
G1 X96.49 Y127.187 E.95791
G1 X96.444 Y125.154 E.06608
G1 X106.449 Y115.149 E.45978
G1 X110.294 Y117.962 E.15481
G1 X136.152 Y143.821 E1.18831
G1 X132.067 Y147.412 E.17674
G1 X96.128 Y111.473 E1.65156
G1 X96.098 Y110.148 E.04306
G1 X97.583 Y108.662 E.06828
G1 X102.016 Y111.906 E.17848
G1 X96.271 Y117.651 E.26403
G1 X96.309 Y119.33 E.05457
G1 X127.982 Y151.003 E1.45552
G1 X125.525 Y153.164 E.10633
G1 X123.46 Y151.87 E.07918
G1 X164.584 Y110.746 E1.88983
G1 X168.175 Y114.831 E.17674
G1 X161.253 Y121.753 E.31808
G1 X160.66 Y122.274 E.02564
G1 X156.339 Y117.952 E.19861
G1 X160.423 Y114.361 E.17674
G1 X164.745 Y118.682 E.19861
G1 E-.8 F2400
;WIPE_START
G1 F6141.304
G1 X163.331 Y117.268
;WIPE_END
SET_VELOCITY_LIMIT ACCEL=8000 ACCEL_TO_DECEL=4000
G1 X156.16 Y119.883 Z22.2 F24000
G1 X127.295 Y130.407 Z22.2
G1 Z21.8
G1 E.8 F2400
SET_VELOCITY_LIMIT ACCEL=6000 ACCEL_TO_DECEL=3000
G1 F5877
G1 X128.609 Y131.368 E.05291
G1 X114.022 Y145.956 E.67036
G1 X109.303 Y142.999 E.18096
G1 X124.178 Y128.124 E.68356
G1 X119.746 Y124.88 E.17847
G1 X104.584 Y140.042 E.69676
G1 X99.865 Y137.085 E.18096
G1 X115.314 Y121.636 E.70995
G1 X116.628 Y122.598 E.05291
SET_VELOCITY_LIMIT ACCEL=8000 ACCEL_TO_DECEL=4000
G1 X96.654 Y134.285 F24000
SET_VELOCITY_LIMIT ACCEL=6000 ACCEL_TO_DECEL=3000
G1 F5877
G1 X96.617 Y132.657 E.05291
G1 X110.881 Y118.393 E.65553
G1 E-.8 F2400
SET_VELOCITY_LIMIT ACCEL=8000 ACCEL_TO_DECEL=4000
G1 X105.163 Y123.448 Z22.2 F24000
G1 X91.979 Y135.102 Z22.2
G1 Z21.8
G1 E.8 F2400
SET_VELOCITY_LIMIT ACCEL=4000 ACCEL_TO_DECEL=2000 SQUARE_CORNER_VELOCITY=6
;TYPE:Inner wall
G1 F5877
G1 X91.334 Y135.117 E.02099
G1 X90.67 Y106.329 E.93572
G1 X91.765 Y106.304 E.03561
G1 X92.07 Y119.526 E.42976
G1 X92.429 Y135.092 E.50595
G1 X92.039 Y135.101 E.01267
SET_VELOCITY_LIMIT ACCEL=8000 ACCEL_TO_DECEL=4000 SQUARE_CORNER_VELOCITY=8
G1 X92.83 Y135.475 F24000
SET_VELOCITY_LIMIT ACCEL=4000 ACCEL_TO_DECEL=2000 SQUARE_CORNER_VELOCITY=6
;TYPE:Outer wall
;WIDTH:0.42
G1 F5877
G1 X90.951 Y135.518 E.05659
G1 X90.269 Y105.946 E.89036
G1 X92.148 Y105.903 E.05659
G1 X92.462 Y119.517 E.40989
G1 X92.829 Y135.415 E.47866
SET_VELOCITY_LIMIT ACCEL=8000 ACCEL_TO_DECEL=4000 SQUARE_CORNER_VELOCITY=8
G1 X92.045 Y134.725 F24000
SET_VELOCITY_LIMIT ACCEL=6000 ACCEL_TO_DECEL=3000
;TYPE:Internal solid infill
;WIDTH:0.387301
G1 F5877
G1 X91.398 Y106.688 E.77094
G1 X91.054 Y106.696 E.00947
G1 X91.701 Y134.733 E.77094
G1 X91.985 Y134.726 E.00782
;TIME_ELAPSED:2006.433960

;LAYER_CHANGE
;:22
;HEIGHT:0.200001
;BEFORE_LAYER_CHANGE
;22
G92 E0

G1 E-.8 F2400
;WIPE_START
G1 F7259.401
G1 X91.701 Y134.733
G1 X91.661 Y133.018
;WIPE_END
EXCLUDE_OBJECT_END NAME=arm.stl_id_0_copy_0
;_SET_FAN_SPEED_CHANGING_LAYER
; OBJECT_ID: 15
EXCLUDE_OBJECT_START NAME=arm.stl_id_0_copy_0
SET_VELOCITY_LIMIT ACCEL=8000 ACCEL_TO_DECEL=4000
G1 X99.21 Y131.893 Z22.2 F24000
G1 X139.96 Y125.823 Z22.2
G1 Z22
G1 E.8 F2400
SET_VELOCITY_LIMIT ACCEL=4000 ACCEL_TO_DECEL=2000 SQUARE_CORNER_VELOCITY=6
;TYPE:Inner wall
;WIDTH:0.45
G1 F5680
G1 X139.666 Y125.488 E.01449
G1 X161.292 Y106.475 E.93572
G1 X161.884 Y107.148 E.02911
G1 X140.258 Y126.161 E.93572
G1 X140 Y125.868 E.01267
SET_VELOCITY_LIMIT ACCEL=8000 ACCEL_TO_DECEL=4000 SQUARE_CORNER_VELOCITY=8
G1 X140.222 Y126.715 F24000
SET_VELOCITY_LIMIT ACCEL=4000 ACCEL_TO_DECEL=2000 SQUARE_CORNER_VELOCITY=6
;TYPE:Outer wall
;WIDTH:0.42
G1 F5680
G1 X139.113 Y125.453 E.05057
G1 X161.328 Y105.922 E.89036
G1 X162.437 Y107.184 E.05057
G1 X140.267 Y126.675 E.88856
SET_VELOCITY_LIMIT ACCEL=8000 ACCEL_TO_DECEL=4000 SQUARE_CORNER_VELOCITY=8
G1 X140.115 Y125.69 F24000
SET_VELOCITY_LIMIT ACCEL=6000 ACCEL_TO_DECEL=3000
;TYPE:Gap infill
;WIDTH:0.531686
G1 F5114.921
G1 X161.435 Y106.946 E1.1076
G1 E-.8 F2400
;WIPE_START
G1 F5114.921
G1 X159.933 Y108.267
;WIPE_END
SET_VELOCITY_LIMIT ACCEL=8000 ACCEL_TO_DECEL=4000
G1 X154.88 Y113.987 Z22.4 F24000
G1 X135.954 Y135.409 Z22.4
G1 Z22
G1 E.8 F2400
SET_VELOCITY_LIMIT ACCEL=4000 ACCEL_TO_DECEL=2000 SQUARE_CORNER_VELOCITY=6
;TYPE:Inner wall
;WIDTH:0.45
G1 F5680
G1 X164.594 Y110.23 E1.23917
G1 X169.081 Y115.334 E.22083
G1 X125.56 Y153.597 E1.88305
G1 X96.329 Y135.28 E1.12093
G1 X95.673 Y106.833 E.92462
G1 X118.074 Y123.225 E.902
M73 P86 R5
G1 X135.393 Y135.903 E.69744
G1 X135.909 Y135.449 E.02233
SET_VELOCITY_LIMIT ACCEL=8000 ACCEL_TO_DECEL=4000 SQUARE_CORNER_VELOCITY=8
G1 X135.37 Y135.4 F24000
SET_VELOCITY_LIMIT ACCEL=4000 ACCEL_TO_DECEL=2000 SQUARE_CORNER_VELOCITY=6
;TYPE:Outer wall
;WIDTH:0.42
G1 F5680
G1 X164.629 Y109.677 E1.17266
G1 X169.634 Y115.37 E.22816
G1 X125.599 Y154.084 E1.76488
G1 X95.942 Y135.5 E1.05347
G1 X95.263 Y106.047 E.88678
G1 X118.306 Y122.908 E.85947
G1 X135.322 Y135.365 E.63476
G1 E-.8 F2400
;WIPE_START
G1 F6629.9
G1 X136.826 Y134.047
;WIPE_END
SET_VELOCITY_LIMIT ACCEL=8000 ACCEL_TO_DECEL=4000 SQUARE_CORNER_VELOCITY=8
G1 X142.741 Y129.223 Z22.4 F24000
G1 X153.477 Y120.468 Z22.4
G1 Z22
G1 E.8 F2400
SET_VELOCITY_LIMIT ACCEL=6000 ACCEL_TO_DECEL=3000
;TYPE:Sparse infill
;WIDTH:0.45
G1 F5680
G1 X152.254 Y121.543 E.05291
G1 X156.576 Y125.865 E.19861
G1 X152.491 Y129.456 E.17674
G1 X148.169 Y125.134 E.19861
G1 X144.084 Y128.725 E.17674
G1 X148.406 Y133.047 E.19861
G1 X144.321 Y136.638 E.17674
G1 X140 Y132.317 E.19861
G1 X138.777 Y133.392 E.05291
SET_VELOCITY_LIMIT ACCEL=8000 ACCEL_TO_DECEL=4000
G1 X164.745 Y118.682 F24000
SET_VELOCITY_LIMIT ACCEL=6000 ACCEL_TO_DECEL=3000
G1 F5680
G1 X160.423 Y114.361 E.19861
G1 X156.339 Y117.952 E.17674
G1 X160.66 Y122.274 E.19861
G1 X161.253 Y121.753 E.02564
G1 X168.175 Y114.831 E.31808
G1 X164.584 Y110.746 E.17674
G1 X123.46 Y151.87 E1.88983
G1 X125.525 Y153.164 E.07918
G1 X127.982 Y151.003 E.10633
G1 X96.309 Y119.33 E1.45552
G1 X96.271 Y117.651 E.05457
G1 X102.016 Y111.906 E.26403
G1 X97.583 Y108.663 E.17848
G1 X96.098 Y110.148 E.06828
G1 X96.128 Y111.473 E.04306
G1 X132.067 Y147.412 E1.65156
G1 X136.152 Y143.821 E.17674
G1 X110.295 Y117.964 E1.18824
G1 X106.449 Y115.149 E.15488
G1 X96.444 Y125.154 E.45977
G1 X96.49 Y127.187 E.06608
G1 X117.335 Y148.032 E.95791
G1 X118.741 Y148.913 E.0539
G1 X133.041 Y134.613 E.65716
G1 X135.413 Y136.349 E.09552
G1 X135.915 Y135.908 E.02172
G1 X140.237 Y140.229 E.19861
G1 X141.459 Y139.154 E.05291
G1 E-.8 F2400
;WIPE_START
G1 F6141.304
G1 X140.237 Y140.229
G1 X139.974 Y139.967
;WIPE_END
SET_VELOCITY_LIMIT ACCEL=8000 ACCEL_TO_DECEL=4000
G1 X133.843 Y135.42 Z22.4 F24000
G1 X110.881 Y118.393 Z22.4
G1 Z22
G1 E.8 F2400
SET_VELOCITY_LIMIT ACCEL=6000 ACCEL_TO_DECEL=3000
G1 F5680
G1 X96.617 Y132.657 E.65552
G1 X96.673 Y135.084 E.07889
G1 X99.865 Y137.085 E.12242
G1 X115.314 Y121.636 E.70994
G1 X119.746 Y124.88 E.17847
G1 X104.584 Y140.042 E.69676
G1 X109.303 Y142.999 E.18096
G1 X124.178 Y128.124 E.68356
G1 X128.609 Y131.368 E.17847
G1 X114.022 Y145.956 E.67036
G1 X112.642 Y145.091 E.05291
G1 E-.8 F2400
SET_VELOCITY_LIMIT ACCEL=8000 ACCEL_TO_DECEL=4000
G1 X105.757 Y141.796 Z22.4 F24000
G1 X91.779 Y135.107 Z22.4
G1 Z22
G1 E.8 F2400
SET_VELOCITY_LIMIT ACCEL=4000 ACCEL_TO_DECEL=2000 SQUARE_CORNER_VELOCITY=6
;TYPE:Inner wall
G1 F5680
G1 X91.334 Y135.117 E.01449
G1 X90.67 Y106.329 E.93572
G1 X91.566 Y106.308 E.02911
G1 X91.843 Y118.328 E.39069
G1 X92.229 Y135.096 E.54503
G1 X91.839 Y135.105 E.01267
SET_VELOCITY_LIMIT ACCEL=8000 ACCEL_TO_DECEL=4000 SQUARE_CORNER_VELOCITY=8
G1 X92.63 Y135.479 F24000
SET_VELOCITY_LIMIT ACCEL=4000 ACCEL_TO_DECEL=2000 SQUARE_CORNER_VELOCITY=6
;TYPE:Outer wall
;WIDTH:0.42
G1 F5680
G1 X90.951 Y135.518 E.05057
G1 X90.269 Y105.946 E.89036
G1 X91.948 Y105.907 E.05057
G1 X92.235 Y118.319 E.3737
G1 X92.629 Y135.419 E.51486
SET_VELOCITY_LIMIT ACCEL=8000 ACCEL_TO_DECEL=4000 SQUARE_CORNER_VELOCITY=8
G1 X91.777 Y134.903 F24000
SET_VELOCITY_LIMIT ACCEL=6000 ACCEL_TO_DECEL=3000
;TYPE:Gap infill
;WIDTH:0.531684
G1 F5114.947
G1 X91.122 Y106.522 E1.10759
;TIME_ELAPSED:2023.077393

;LAYER_CHANGE
;:22.2
;HEIGHT:0.200001
;BEFORE_LAYER_CHANGE
;22.2
G92 E0

G1 E-.8 F2400
;WIPE_START
G1 F5114.947
G1 X91.168 Y108.522
;WIPE_END
EXCLUDE_OBJECT_END NAME=arm.stl_id_0_copy_0
;_SET_FAN_SPEED_CHANGING_LAYER
; OBJECT_ID: 15
EXCLUDE_OBJECT_START NAME=arm.stl_id_0_copy_0
SET_VELOCITY_LIMIT ACCEL=8000 ACCEL_TO_DECEL=4000
G1 X98.367 Y111.059 Z22.4 F24000
G1 X139.828 Y125.673 Z22.4
G1 Z22.2
G1 E.8 F2400
SET_VELOCITY_LIMIT ACCEL=4000 ACCEL_TO_DECEL=2000 SQUARE_CORNER_VELOCITY=6
;TYPE:Inner wall
;WIDTH:0.45
G1 F5632
G1 X139.666 Y125.488 E.00799
G1 X161.292 Y106.475 E.93572
G1 X161.752 Y106.998 E.02261
G1 X140.125 Y126.011 E.93572
G1 X139.868 Y125.718 E.01267
SET_VELOCITY_LIMIT ACCEL=8000 ACCEL_TO_DECEL=4000 SQUARE_CORNER_VELOCITY=8
G1 X140.09 Y126.564 F24000
SET_VELOCITY_LIMIT ACCEL=4000 ACCEL_TO_DECEL=2000 SQUARE_CORNER_VELOCITY=6
;TYPE:Outer wall
;WIDTH:0.42
G1 F5632
G1 X139.113 Y125.453 E.04455
G1 X161.328 Y105.922 E.89036
G1 X162.305 Y107.034 E.04455
G1 X140.135 Y126.525 E.88856
SET_VELOCITY_LIMIT ACCEL=8000 ACCEL_TO_DECEL=4000 SQUARE_CORNER_VELOCITY=8
G1 X140.049 Y125.615 F24000
SET_VELOCITY_LIMIT ACCEL=6000 ACCEL_TO_DECEL=3000
;TYPE:Gap infill
;WIDTH:0.331687
G1 F5632
G1 X161.369 Y106.871 E.65438
G1 E-.8 F2400
;WIPE_START
G1 F8657.518
G1 X159.867 Y108.192
;WIPE_END
SET_VELOCITY_LIMIT ACCEL=8000 ACCEL_TO_DECEL=4000
G1 X154.83 Y113.925 Z22.6 F24000
G1 X135.954 Y135.409 Z22.6
G1 Z22.2
G1 E.8 F2400
SET_VELOCITY_LIMIT ACCEL=4000 ACCEL_TO_DECEL=2000 SQUARE_CORNER_VELOCITY=6
;TYPE:Inner wall
;WIDTH:0.45
G1 F5632
G1 X164.594 Y110.23 E1.23917
G1 X169.081 Y115.334 E.22083
G1 X125.56 Y153.597 E1.88305
G1 X96.329 Y135.28 E1.12093
G1 X95.673 Y106.833 E.92462
G1 X119.687 Y124.405 E.96693
G1 X135.393 Y135.903 E.63251
G1 X135.909 Y135.449 E.02233
SET_VELOCITY_LIMIT ACCEL=8000 ACCEL_TO_DECEL=4000 SQUARE_CORNER_VELOCITY=8
G1 X135.37 Y135.4 F24000
SET_VELOCITY_LIMIT ACCEL=4000 ACCEL_TO_DECEL=2000 SQUARE_CORNER_VELOCITY=6
;TYPE:Outer wall
;WIDTH:0.42
G1 F5632
G1 X164.629 Y109.677 E1.17266
G1 X169.634 Y115.37 E.22816
G1 X125.599 Y154.084 E1.76488
G1 X95.942 Y135.5 E1.05347
G1 X95.263 Y106.047 E.88678
G1 X119.918 Y124.089 E.91961
G1 X135.322 Y135.365 E.57462
G1 E-.8 F2400
;WIPE_START
G1 F6629.9
G1 X136.826 Y134.047
;WIPE_END
SET_VELOCITY_LIMIT ACCEL=8000 ACCEL_TO_DECEL=4000 SQUARE_CORNER_VELOCITY=8
G1 X138.777 Y133.392 Z22.6 F24000
G1 Z22.2
G1 E.8 F2400
SET_VELOCITY_LIMIT ACCEL=6000 ACCEL_TO_DECEL=3000
;TYPE:Sparse infill
;WIDTH:0.45
G1 F5632
G1 X140 Y132.317 E.05291
G1 X144.321 Y136.638 E.19861
G1 X148.406 Y133.047 E.17674
G1 X144.084 Y128.725 E.19861
G1 X148.169 Y125.134 E.17674
G1 X152.491 Y129.456 E.19861
G1 X156.576 Y125.865 E.17674
G1 X152.254 Y121.543 E.19861
G1 X153.477 Y120.468 E.05291
SET_VELOCITY_LIMIT ACCEL=8000 ACCEL_TO_DECEL=4000
G1 X141.459 Y139.154 F24000
SET_VELOCITY_LIMIT ACCEL=6000 ACCEL_TO_DECEL=3000
G1 F5632
G1 X140.237 Y140.229 E.05291
G1 X135.915 Y135.908 E.19861
G1 X135.413 Y136.349 E.02172
G1 X133.041 Y134.613 E.09552
G1 X118.741 Y148.913 E.65716
G1 X117.335 Y148.032 E.0539
G1 X96.49 Y127.187 E.95791
G1 X96.444 Y125.154 E.06608
G1 X106.448 Y115.149 E.45977
G1 X110.296 Y117.965 E.15493
G1 X136.152 Y143.821 E1.18818
G1 X132.067 Y147.412 E.17674
G1 X96.128 Y111.473 E1.65156
G1 X96.098 Y110.148 E.04306
G1 X97.583 Y108.663 E.06828
M73 P87 R5
G1 X102.016 Y111.906 E.17848
G1 X96.271 Y117.651 E.26402
G1 X96.309 Y119.33 E.05457
G1 X127.982 Y151.003 E1.45552
G1 X125.525 Y153.164 E.10633
G1 X123.46 Y151.87 E.07918
G1 X164.584 Y110.746 E1.88983
G1 X168.175 Y114.831 E.17674
G1 X161.253 Y121.753 E.31808
G1 X160.66 Y122.274 E.02564
G1 X156.339 Y117.952 E.19861
G1 X160.423 Y114.361 E.17674
G1 X164.745 Y118.682 E.19861
G1 E-.8 F2400
;WIPE_START
G1 F6141.304
G1 X163.331 Y117.268
;WIPE_END
SET_VELOCITY_LIMIT ACCEL=8000 ACCEL_TO_DECEL=4000
G1 X156.373 Y120.405 Z22.6 F24000
G1 X129.923 Y132.33 Z22.6
G1 Z22.2
G1 E.8 F2400
SET_VELOCITY_LIMIT ACCEL=6000 ACCEL_TO_DECEL=3000
G1 F5632
G1 X128.609 Y131.368 E.05291
G1 X114.022 Y145.956 E.67036
G1 X109.303 Y142.999 E.18096
G1 X124.178 Y128.124 E.68356
G1 X119.746 Y124.88 E.17847
G1 X104.584 Y140.042 E.69676
G1 X99.865 Y137.085 E.18096
G1 X115.313 Y121.636 E.70993
G1 X116.627 Y122.598 E.05291
SET_VELOCITY_LIMIT ACCEL=8000 ACCEL_TO_DECEL=4000
G1 X96.654 Y134.285 F24000
SET_VELOCITY_LIMIT ACCEL=6000 ACCEL_TO_DECEL=3000
G1 F5632
G1 X96.617 Y132.657 E.05291
G1 X110.881 Y118.393 E.65551
G1 E-.8 F2400
SET_VELOCITY_LIMIT ACCEL=8000 ACCEL_TO_DECEL=4000
G1 X105.112 Y123.39 Z22.6 F24000
G1 X91.579 Y135.111 Z22.6
G1 Z22.2
G1 E.8 F2400
SET_VELOCITY_LIMIT ACCEL=4000 ACCEL_TO_DECEL=2000 SQUARE_CORNER_VELOCITY=6
;TYPE:Inner wall
G1 F5632
G1 X91.334 Y135.117 E.00799
G1 X90.67 Y106.329 E.93572
G1 X91.366 Y106.313 E.02261
G1 X91.615 Y117.131 E.35162
M73 P87 R4
G1 X92.029 Y135.101 E.5841
G1 X91.639 Y135.11 E.01267
SET_VELOCITY_LIMIT ACCEL=8000 ACCEL_TO_DECEL=4000 SQUARE_CORNER_VELOCITY=8
G1 X92.43 Y135.484 F24000
SET_VELOCITY_LIMIT ACCEL=4000 ACCEL_TO_DECEL=2000 SQUARE_CORNER_VELOCITY=6
;TYPE:Outer wall
;WIDTH:0.42
G1 F5632
G1 X90.951 Y135.518 E.04455
G1 X90.269 Y105.946 E.89036
G1 X91.748 Y105.912 E.04455
G1 X92.007 Y117.122 E.33751
G1 X92.429 Y135.424 E.55105
SET_VELOCITY_LIMIT ACCEL=8000 ACCEL_TO_DECEL=4000 SQUARE_CORNER_VELOCITY=8
G1 X91.677 Y134.906 F24000
SET_VELOCITY_LIMIT ACCEL=6000 ACCEL_TO_DECEL=3000
;TYPE:Gap infill
;WIDTH:0.331685
G1 F5632
G1 X91.022 Y106.524 E.65437
;TIME_ELAPSED:2039.876221

;LAYER_CHANGE
;:22.4
;HEIGHT:0.199999
;BEFORE_LAYER_CHANGE
;22.4
G92 E0

G1 E-.8 F2400
;WIPE_START
G1 F8657.584
G1 X91.069 Y108.524
;WIPE_END
EXCLUDE_OBJECT_END NAME=arm.stl_id_0_copy_0
;_SET_FAN_SPEED_CHANGING_LAYER
; OBJECT_ID: 15
EXCLUDE_OBJECT_START NAME=arm.stl_id_0_copy_0
SET_VELOCITY_LIMIT ACCEL=8000 ACCEL_TO_DECEL=4000
G1 X98.273 Y111.042 Z22.6 F24000
G1 X139.696 Y125.523 Z22.6
G1 Z22.4
G1 E.8 F2400
SET_VELOCITY_LIMIT ACCEL=4000 ACCEL_TO_DECEL=2000 SQUARE_CORNER_VELOCITY=6
;TYPE:Inner wall
;WIDTH:0.45
G1 F5633
G1 X139.666 Y125.488 E.00149
G1 X161.292 Y106.475 E.93572
G1 X161.62 Y106.848 E.01611
G1 X139.993 Y125.861 E.93572
G1 X139.736 Y125.568 E.01267
SET_VELOCITY_LIMIT ACCEL=8000 ACCEL_TO_DECEL=4000 SQUARE_CORNER_VELOCITY=8
G1 X139.958 Y126.414 F24000
SET_VELOCITY_LIMIT ACCEL=4000 ACCEL_TO_DECEL=2000 SQUARE_CORNER_VELOCITY=6
;TYPE:Outer wall
;WIDTH:0.42
G1 F5633
G1 X139.113 Y125.453 E.03853
G1 X161.328 Y105.922 E.89036
G1 X162.173 Y106.883 E.03853
G1 X140.003 Y126.375 E.88856
SET_VELOCITY_LIMIT ACCEL=8000 ACCEL_TO_DECEL=4000 SQUARE_CORNER_VELOCITY=8
G1 X139.983 Y125.54 F24000
SET_VELOCITY_LIMIT ACCEL=6000 ACCEL_TO_DECEL=3000
;TYPE:Gap infill
;WIDTH:0.131688
G1 F5633
G1 X161.303 Y106.796 E.20116
G1 E-.8 F2400
;WIPE_START
G1 F15000
G1 X159.801 Y108.116
;WIPE_END
SET_VELOCITY_LIMIT ACCEL=8000 ACCEL_TO_DECEL=4000
G1 X154.779 Y113.864 Z22.8 F24000
G1 X135.954 Y135.409 Z22.8
G1 Z22.4
G1 E.8 F2400
SET_VELOCITY_LIMIT ACCEL=4000 ACCEL_TO_DECEL=2000 SQUARE_CORNER_VELOCITY=6
;TYPE:Inner wall
;WIDTH:0.45
G1 F5633
G1 X164.594 Y110.23 E1.23917
G1 X169.081 Y115.334 E.22083
G1 X125.56 Y153.597 E1.88305
G1 X96.329 Y135.28 E1.12093
G1 X95.673 Y106.833 E.92462
G1 X121.299 Y125.585 E1.03185
G1 X135.393 Y135.903 E.56759
G1 X135.909 Y135.449 E.02233
SET_VELOCITY_LIMIT ACCEL=8000 ACCEL_TO_DECEL=4000 SQUARE_CORNER_VELOCITY=8
G1 X135.37 Y135.4 F24000
SET_VELOCITY_LIMIT ACCEL=4000 ACCEL_TO_DECEL=2000 SQUARE_CORNER_VELOCITY=6
;TYPE:Outer wall
;WIDTH:0.42
G1 F5633
G1 X164.629 Y109.677 E1.17266
G1 X169.634 Y115.37 E.22816
G1 X125.599 Y154.084 E1.76488
G1 X95.942 Y135.5 E1.05347
G1 X95.263 Y106.047 E.88678
G1 X121.53 Y125.269 E.97975
G1 X135.322 Y135.365 E.51447
G1 E-.8 F2400
;WIPE_START
G1 F6629.9
G1 X136.826 Y134.047
;WIPE_END
SET_VELOCITY_LIMIT ACCEL=8000 ACCEL_TO_DECEL=4000 SQUARE_CORNER_VELOCITY=8
G1 X142.741 Y129.223 Z22.8 F24000
G1 X153.477 Y120.468 Z22.8
G1 Z22.4
G1 E.8 F2400
SET_VELOCITY_LIMIT ACCEL=6000 ACCEL_TO_DECEL=3000
;TYPE:Sparse infill
;WIDTH:0.45
G1 F5633
G1 X152.254 Y121.543 E.05291
G1 X156.576 Y125.865 E.19861
G1 X152.491 Y129.456 E.17674
G1 X148.169 Y125.134 E.19861
G1 X144.084 Y128.725 E.17674
G1 X148.406 Y133.047 E.19861
G1 X144.321 Y136.638 E.17674
G1 X140 Y132.317 E.19861
G1 X138.777 Y133.392 E.05291
SET_VELOCITY_LIMIT ACCEL=8000 ACCEL_TO_DECEL=4000
G1 X164.745 Y118.682 F24000
SET_VELOCITY_LIMIT ACCEL=6000 ACCEL_TO_DECEL=3000
G1 F5633
G1 X160.423 Y114.361 E.19861
G1 X156.339 Y117.952 E.17674
G1 X160.66 Y122.274 E.19861
G1 X161.253 Y121.753 E.02564
G1 X168.175 Y114.831 E.31808
G1 X164.584 Y110.746 E.17674
G1 X123.46 Y151.87 E1.88983
G1 X125.525 Y153.164 E.07918
G1 X127.982 Y151.003 E.10633
G1 X96.309 Y119.33 E1.45552
G1 X96.271 Y117.651 E.05457
G1 X102.016 Y111.906 E.26402
G1 X97.583 Y108.663 E.17848
G1 X96.098 Y110.148 E.06828
G1 X96.128 Y111.473 E.04306
G1 X132.067 Y147.412 E1.65156
G1 X136.152 Y143.821 E.17674
G1 X110.297 Y117.966 E1.18813
G1 X106.448 Y115.15 E.15498
G1 X96.444 Y125.154 E.45976
G1 X96.49 Y127.187 E.06608
G1 X117.335 Y148.032 E.95791
G1 X118.741 Y148.913 E.0539
G1 X133.041 Y134.613 E.65716
G1 X135.413 Y136.349 E.09552
G1 X135.915 Y135.908 E.02172
G1 X140.237 Y140.229 E.19861
G1 X141.459 Y139.154 E.05291
G1 E-.8 F2400
;WIPE_START
G1 F6141.304
G1 X140.237 Y140.229
G1 X139.974 Y139.967
;WIPE_END
SET_VELOCITY_LIMIT ACCEL=8000 ACCEL_TO_DECEL=4000
G1 X133.843 Y135.42 Z22.8 F24000
G1 X110.881 Y118.393 Z22.8
G1 Z22.4
G1 E.8 F2400
SET_VELOCITY_LIMIT ACCEL=6000 ACCEL_TO_DECEL=3000
G1 F5633
G1 X96.617 Y132.657 E.6555
G1 X96.673 Y135.084 E.07889
G1 X99.865 Y137.085 E.12242
G1 X115.313 Y121.637 E.70992
G1 X119.746 Y124.88 E.17848
G1 X104.584 Y140.042 E.69675
G1 X109.303 Y142.999 E.18096
G1 X124.178 Y128.124 E.68356
G1 X128.609 Y131.368 E.17847
G1 X114.022 Y145.956 E.67036
G1 X112.642 Y145.091 E.05291
G1 E-.8 F2400
SET_VELOCITY_LIMIT ACCEL=8000 ACCEL_TO_DECEL=4000
G1 X105.732 Y141.85 Z22.8 F24000
G1 X91.379 Y135.116 Z22.8
G1 Z22.4
G1 E.8 F2400
SET_VELOCITY_LIMIT ACCEL=4000 ACCEL_TO_DECEL=2000 SQUARE_CORNER_VELOCITY=6
;TYPE:Inner wall
G1 F5633
G1 X91.334 Y135.117 E.00149
G1 X90.67 Y106.329 E.93572
G1 X91.166 Y106.317 E.01611
G1 X91.387 Y115.933 E.31255
G1 X91.829 Y135.106 E.62317
G1 X91.439 Y135.115 E.01267
SET_VELOCITY_LIMIT ACCEL=8000 ACCEL_TO_DECEL=4000 SQUARE_CORNER_VELOCITY=8
G1 X92.23 Y135.489 F24000
SET_VELOCITY_LIMIT ACCEL=4000 ACCEL_TO_DECEL=2000 SQUARE_CORNER_VELOCITY=6
;TYPE:Outer wall
;WIDTH:0.42
G1 F5633
G1 X90.951 Y135.518 E.03853
G1 X90.269 Y105.946 E.89036
G1 X91.549 Y105.916 E.03853
G1 X91.779 Y115.924 E.30132
G1 X92.229 Y135.429 E.58724
SET_VELOCITY_LIMIT ACCEL=8000 ACCEL_TO_DECEL=4000 SQUARE_CORNER_VELOCITY=8
G1 X91.577 Y134.908 F24000
SET_VELOCITY_LIMIT ACCEL=6000 ACCEL_TO_DECEL=3000
;TYPE:Gap infill
;WIDTH:0.131686
G1 F5633
G1 X90.922 Y106.527 E.20115
;TIME_ELAPSED:2056.521484

;LAYER_CHANGE
;:22.6
;HEIGHT:0.200001
;BEFORE_LAYER_CHANGE
;22.6
G92 E0

G1 E-.8 F2400
;WIPE_START
G1 F15000
G1 X90.969 Y108.526
;WIPE_END
EXCLUDE_OBJECT_END NAME=arm.stl_id_0_copy_0
;_SET_FAN_SPEED_CHANGING_LAYER
; OBJECT_ID: 15
EXCLUDE_OBJECT_START NAME=arm.stl_id_0_copy_0
SET_VELOCITY_LIMIT ACCEL=8000 ACCEL_TO_DECEL=4000
G1 X98.183 Y111.018 Z22.8 F24000
G1 X139.782 Y125.387 Z22.8
G1 Z22.6
G1 E.8 F2400
SET_VELOCITY_LIMIT ACCEL=4000 ACCEL_TO_DECEL=2000 SQUARE_CORNER_VELOCITY=6
;TYPE:Inner wall
;WIDTH:0.45
G1 F5340
G1 X161.292 Y106.475 E.93071
G1 X161.488 Y106.698 E.00961
G1 X139.861 Y125.711 E.93572
M73 P88 R4
G1 X139.666 Y125.488 E.00961
G1 X139.737 Y125.426 E.00306
SET_VELOCITY_LIMIT ACCEL=8000 ACCEL_TO_DECEL=4000 SQUARE_CORNER_VELOCITY=8
G1 X139.826 Y126.264 F24000
SET_VELOCITY_LIMIT ACCEL=4000 ACCEL_TO_DECEL=2000 SQUARE_CORNER_VELOCITY=6
;TYPE:Outer wall
;WIDTH:0.42
G1 F5340
G1 X139.113 Y125.453 E.03251
G1 X161.328 Y105.922 E.89036
G1 X162.041 Y106.733 E.03251
G1 X139.871 Y126.224 E.88856
G1 E-.8 F2400
;WIPE_START
G1 F6629.9
G1 X139.113 Y125.453
G1 X139.802 Y124.847
;WIPE_END
SET_VELOCITY_LIMIT ACCEL=8000 ACCEL_TO_DECEL=4000 SQUARE_CORNER_VELOCITY=8
G1 X137.19 Y132.018 Z23 F24000
G1 X135.954 Y135.409 Z23
G1 Z22.6
G1 E.8 F2400
SET_VELOCITY_LIMIT ACCEL=4000 ACCEL_TO_DECEL=2000 SQUARE_CORNER_VELOCITY=6
;TYPE:Inner wall
;WIDTH:0.45
G1 F5340
G1 X164.594 Y110.23 E1.23917
G1 X169.081 Y115.334 E.22083
G1 X125.56 Y153.597 E1.88305
G1 X96.329 Y135.28 E1.12093
G1 X95.673 Y106.833 E.92462
G1 X122.911 Y126.765 E1.09678
G1 X135.393 Y135.903 E.50266
G1 X135.909 Y135.449 E.02233
SET_VELOCITY_LIMIT ACCEL=8000 ACCEL_TO_DECEL=4000 SQUARE_CORNER_VELOCITY=8
G1 X135.37 Y135.4 F24000
SET_VELOCITY_LIMIT ACCEL=4000 ACCEL_TO_DECEL=2000 SQUARE_CORNER_VELOCITY=6
;TYPE:Outer wall
;WIDTH:0.42
G1 F5340
G1 X164.629 Y109.677 E1.17266
G1 X169.634 Y115.37 E.22816
G1 X125.599 Y154.084 E1.76488
G1 X95.942 Y135.5 E1.05347
G1 X95.263 Y106.047 E.88678
G1 X123.143 Y126.449 E1.03989
G1 X135.322 Y135.365 E.45433
G1 E-.8 F2400
;WIPE_START
G1 F6629.9
G1 X136.826 Y134.047
;WIPE_END
SET_VELOCITY_LIMIT ACCEL=8000 ACCEL_TO_DECEL=4000 SQUARE_CORNER_VELOCITY=8
G1 X138.777 Y133.392 Z23 F24000
G1 Z22.6
G1 E.8 F2400
SET_VELOCITY_LIMIT ACCEL=6000 ACCEL_TO_DECEL=3000
;TYPE:Sparse infill
;WIDTH:0.45
G1 F5340
G1 X140 Y132.317 E.05291
G1 X144.321 Y136.638 E.19861
G1 X148.406 Y133.047 E.17674
G1 X144.084 Y128.725 E.19861
G1 X148.169 Y125.134 E.17674
G1 X152.491 Y129.456 E.19861
G1 X156.576 Y125.865 E.17674
G1 X152.254 Y121.543 E.19861
G1 X153.477 Y120.468 E.05291
SET_VELOCITY_LIMIT ACCEL=8000 ACCEL_TO_DECEL=4000
G1 X141.459 Y139.154 F24000
SET_VELOCITY_LIMIT ACCEL=6000 ACCEL_TO_DECEL=3000
G1 F5340
G1 X140.237 Y140.229 E.05291
G1 X135.915 Y135.908 E.19861
G1 X135.413 Y136.349 E.02172
G1 X133.041 Y134.613 E.09552
G1 X118.741 Y148.913 E.65716
G1 X117.335 Y148.032 E.0539
G1 X96.49 Y127.187 E.95791
G1 X96.444 Y125.154 E.06608
G1 X106.448 Y115.15 E.45976
G1 X110.298 Y117.967 E.15503
G1 X136.152 Y143.821 E1.18809
G1 X132.067 Y147.412 E.17674
G1 X96.128 Y111.473 E1.65156
G1 X96.098 Y110.148 E.04306
G1 X97.583 Y108.663 E.06827
G1 X102.016 Y111.906 E.17848
G1 X96.271 Y117.651 E.26402
G1 X96.309 Y119.33 E.05457
G1 X127.982 Y151.003 E1.45552
G1 X125.525 Y153.164 E.10633
G1 X123.46 Y151.87 E.07918
G1 X164.584 Y110.746 E1.88983
G1 X168.175 Y114.831 E.17674
G1 X161.253 Y121.753 E.31808
G1 X160.66 Y122.274 E.02564
G1 X156.339 Y117.952 E.19861
G1 X160.423 Y114.361 E.17674
G1 X164.745 Y118.682 E.19861
G1 E-.8 F2400
;WIPE_START
G1 F6141.304
G1 X163.331 Y117.268
;WIPE_END
SET_VELOCITY_LIMIT ACCEL=8000 ACCEL_TO_DECEL=4000
G1 X156.64 Y120.941 Z23 F24000
G1 X112.642 Y145.091 Z23
G1 Z22.6
G1 E.8 F2400
SET_VELOCITY_LIMIT ACCEL=6000 ACCEL_TO_DECEL=3000
G1 F5340
G1 X114.022 Y145.956 E.05291
G1 X128.609 Y131.368 E.67036
G1 X124.178 Y128.124 E.17847
G1 X109.303 Y142.999 E.68356
G1 X104.584 Y140.042 E.18096
G1 X119.745 Y124.88 E.69674
G1 X115.313 Y121.637 E.17848
G1 X99.865 Y137.085 E.70991
G1 X96.673 Y135.084 E.12242
G1 X96.617 Y132.657 E.07889
G1 X110.881 Y118.393 E.6555
G1 E-.8 F2400
SET_VELOCITY_LIMIT ACCEL=8000 ACCEL_TO_DECEL=4000
G1 X105.058 Y123.328 Z23 F24000
G1 X91.33 Y134.963 Z23
G1 Z22.6
G1 E.8 F2400
SET_VELOCITY_LIMIT ACCEL=4000 ACCEL_TO_DECEL=2000 SQUARE_CORNER_VELOCITY=6
;TYPE:Inner wall
G1 F5340
G1 X90.67 Y106.329 E.93071
G1 X90.966 Y106.322 E.00961
G1 X91.16 Y114.736 E.27348
G1 X91.629 Y135.11 E.66224
G1 X91.334 Y135.117 E.00961
G1 X91.331 Y135.023 E.00306
SET_VELOCITY_LIMIT ACCEL=8000 ACCEL_TO_DECEL=4000 SQUARE_CORNER_VELOCITY=8
G1 X92.03 Y135.493 F24000
SET_VELOCITY_LIMIT ACCEL=4000 ACCEL_TO_DECEL=2000 SQUARE_CORNER_VELOCITY=6
;TYPE:Outer wall
;WIDTH:0.42
G1 F5340
G1 X90.951 Y135.518 E.03251
G1 X90.269 Y105.946 E.89036
G1 X91.349 Y105.921 E.03251
G1 X91.552 Y114.727 E.26512
G1 X92.029 Y135.433 E.62343
;TIME_ELAPSED:2073.095459

;LAYER_CHANGE
;:22.8
;HEIGHT:0.199999
;BEFORE_LAYER_CHANGE
;22.8
G92 E0

G1 E-.8 F2400
;WIPE_START
G1 F6629.9
G1 X90.951 Y135.518
G1 X90.929 Y134.6
;WIPE_END
EXCLUDE_OBJECT_END NAME=arm.stl_id_0_copy_0
;_SET_FAN_SPEED_CHANGING_LAYER
; OBJECT_ID: 15
EXCLUDE_OBJECT_START NAME=arm.stl_id_0_copy_0
SET_VELOCITY_LIMIT ACCEL=8000 ACCEL_TO_DECEL=4000 SQUARE_CORNER_VELOCITY=8
G1 X98.449 Y133.291 Z23 F24000
G1 X139.694 Y126.114 Z23
G1 Z22.8
G1 E.8 F2400
SET_VELOCITY_LIMIT ACCEL=4000 ACCEL_TO_DECEL=2000 SQUARE_CORNER_VELOCITY=6
G1 F5105
G1 X139.113 Y125.453 E.02649
G1 X161.328 Y105.922 E.89036
G1 X161.909 Y106.583 E.02649
G1 X139.739 Y126.074 E.88856
SET_VELOCITY_LIMIT ACCEL=8000 ACCEL_TO_DECEL=4000 SQUARE_CORNER_VELOCITY=8
G1 X139.55 Y125.654 F24000
SET_VELOCITY_LIMIT ACCEL=6000 ACCEL_TO_DECEL=3000
;TYPE:Gap infill
;WIDTH:0.530842
G1 F5105
G1 X161.471 Y106.382 E1.13681
G1 E-.8 F2400
;WIPE_START
G1 F5123.77
G1 X159.969 Y107.702
;WIPE_END
SET_VELOCITY_LIMIT ACCEL=8000 ACCEL_TO_DECEL=4000
G1 X154.97 Y113.47 Z23.2 F24000
G1 X135.954 Y135.409 Z23.2
G1 Z22.8
G1 E.8 F2400
SET_VELOCITY_LIMIT ACCEL=4000 ACCEL_TO_DECEL=2000 SQUARE_CORNER_VELOCITY=6
;TYPE:Inner wall
;WIDTH:0.45
G1 F5105
G1 X164.594 Y110.23 E1.23917
G1 X169.081 Y115.334 E.22083
G1 X125.56 Y153.597 E1.88305
G1 X96.329 Y135.28 E1.12093
G1 X95.673 Y106.833 E.92462
G1 X124.523 Y127.946 E1.16171
G1 X135.393 Y135.903 E.43773
G1 X135.909 Y135.449 E.02233
SET_VELOCITY_LIMIT ACCEL=8000 ACCEL_TO_DECEL=4000 SQUARE_CORNER_VELOCITY=8
G1 X135.37 Y135.4 F24000
SET_VELOCITY_LIMIT ACCEL=4000 ACCEL_TO_DECEL=2000 SQUARE_CORNER_VELOCITY=6
;TYPE:Outer wall
;WIDTH:0.42
G1 F5105
G1 X164.629 Y109.677 E1.17266
G1 X169.634 Y115.37 E.22816
G1 X125.599 Y154.084 E1.76488
G1 X95.942 Y135.5 E1.05347
G1 X95.263 Y106.047 E.88678
G1 X124.755 Y127.629 E1.10004
G1 X135.322 Y135.365 E.39419
G1 E-.8 F2400
;WIPE_START
G1 F6629.9
M73 P89 R4
G1 X136.826 Y134.047
;WIPE_END
SET_VELOCITY_LIMIT ACCEL=8000 ACCEL_TO_DECEL=4000 SQUARE_CORNER_VELOCITY=8
G1 X142.741 Y129.223 Z23.2 F24000
G1 X153.477 Y120.468 Z23.2
G1 Z22.8
G1 E.8 F2400
SET_VELOCITY_LIMIT ACCEL=6000 ACCEL_TO_DECEL=3000
;TYPE:Sparse infill
;WIDTH:0.45
G1 F5105
G1 X152.254 Y121.543 E.05291
G1 X156.576 Y125.865 E.19861
G1 X152.491 Y129.456 E.17674
G1 X148.169 Y125.134 E.19861
G1 X144.084 Y128.725 E.17674
G1 X148.406 Y133.047 E.19861
G1 X144.321 Y136.638 E.17674
G1 X140 Y132.317 E.19861
G1 X138.777 Y133.392 E.05291
SET_VELOCITY_LIMIT ACCEL=8000 ACCEL_TO_DECEL=4000
G1 X164.745 Y118.682 F24000
SET_VELOCITY_LIMIT ACCEL=6000 ACCEL_TO_DECEL=3000
G1 F5105
G1 X160.423 Y114.361 E.19861
G1 X156.339 Y117.952 E.17674
G1 X160.66 Y122.274 E.19861
G1 X161.253 Y121.753 E.02564
G1 X168.175 Y114.831 E.31808
G1 X164.584 Y110.746 E.17674
G1 X123.46 Y151.87 E1.88983
G1 X125.525 Y153.164 E.07918
G1 X127.982 Y151.003 E.10633
G1 X96.309 Y119.33 E1.45552
G1 X96.271 Y117.651 E.05457
G1 X102.016 Y111.906 E.26401
G1 X97.583 Y108.663 E.17848
G1 X96.098 Y110.148 E.06827
G1 X96.128 Y111.473 E.04306
G1 X132.067 Y147.412 E1.65156
G1 X136.152 Y143.821 E.17674
G1 X110.299 Y117.968 E1.18805
G1 X106.448 Y115.15 E.15507
G1 X96.444 Y125.154 E.45975
G1 X96.49 Y127.187 E.06608
G1 X117.335 Y148.032 E.95791
G1 X118.741 Y148.913 E.0539
G1 X133.041 Y134.613 E.65716
G1 X135.413 Y136.349 E.09552
G1 X135.915 Y135.908 E.02172
G1 X140.237 Y140.229 E.19861
G1 X141.459 Y139.154 E.05291
G1 E-.8 F2400
;WIPE_START
G1 F6141.304
G1 X140.237 Y140.229
G1 X139.974 Y139.967
;WIPE_END
SET_VELOCITY_LIMIT ACCEL=8000 ACCEL_TO_DECEL=4000
G1 X133.843 Y135.421 Z23.2 F24000
G1 X110.88 Y118.393 Z23.2
G1 Z22.8
G1 E.8 F2400
SET_VELOCITY_LIMIT ACCEL=6000 ACCEL_TO_DECEL=3000
G1 F5105
G1 X96.617 Y132.657 E.65549
G1 X96.673 Y135.084 E.07889
G1 X99.865 Y137.085 E.12242
G1 X115.313 Y121.637 E.7099
G1 X119.745 Y124.881 E.17848
G1 X104.584 Y140.042 E.69673
G1 X109.303 Y142.999 E.18096
G1 X124.178 Y128.124 E.68356
G1 X128.609 Y131.368 E.17847
G1 X114.022 Y145.956 E.67036
G1 X112.642 Y145.091 E.05291
G1 E-.8 F2400
SET_VELOCITY_LIMIT ACCEL=8000 ACCEL_TO_DECEL=4000
G1 X105.711 Y141.896 Z23.2 F24000
G1 X91.83 Y135.498 Z23.2
G1 Z22.8
G1 E.8 F2400
SET_VELOCITY_LIMIT ACCEL=4000 ACCEL_TO_DECEL=2000 SQUARE_CORNER_VELOCITY=6
;TYPE:Outer wall
;WIDTH:0.42
G1 F5105
G1 X90.951 Y135.518 E.02649
G1 X90.269 Y105.946 E.89036
G1 X91.149 Y105.926 E.02649
G1 X91.324 Y113.529 E.22893
G1 X91.829 Y135.438 E.65963
SET_VELOCITY_LIMIT ACCEL=8000 ACCEL_TO_DECEL=4000 SQUARE_CORNER_VELOCITY=8
G1 X91.386 Y135.312 F24000
SET_VELOCITY_LIMIT ACCEL=6000 ACCEL_TO_DECEL=3000
;TYPE:Gap infill
;WIDTH:0.530842
G1 F5105
G1 X90.713 Y106.132 E1.13681
;TIME_ELAPSED:2089.408447

;LAYER_CHANGE
;:23
;HEIGHT:0.200001
;BEFORE_LAYER_CHANGE
;23
G92 E0

G1 E-.8 F2400
;WIPE_START
G1 F5123.773
G1 X90.759 Y108.131
;WIPE_END
EXCLUDE_OBJECT_END NAME=arm.stl_id_0_copy_0
;_SET_FAN_SPEED_CHANGING_LAYER
; OBJECT_ID: 15
EXCLUDE_OBJECT_START NAME=arm.stl_id_0_copy_0
SET_VELOCITY_LIMIT ACCEL=8000 ACCEL_TO_DECEL=4000
G1 X97.928 Y110.751 Z23.2 F24000
G1 X139.562 Y125.964 Z23.2
G1 Z23
G1 E.8 F2400
SET_VELOCITY_LIMIT ACCEL=4000 ACCEL_TO_DECEL=2000 SQUARE_CORNER_VELOCITY=6
;TYPE:Outer wall
;WIDTH:0.42
G1 F5822
G1 X139.113 Y125.453 E.02047
G1 X161.328 Y105.922 E.89036
G1 X161.777 Y106.433 E.02047
G1 X139.607 Y125.924 E.88856
SET_VELOCITY_LIMIT ACCEL=8000 ACCEL_TO_DECEL=4000 SQUARE_CORNER_VELOCITY=8
G1 X139.484 Y125.579 F24000
SET_VELOCITY_LIMIT ACCEL=6000 ACCEL_TO_DECEL=3000
;TYPE:Gap infill
;WIDTH:0.330844
G1 F5822
G1 X161.405 Y106.307 E.67083
G1 E-.8 F2400
;WIPE_START
G1 F8682.86
G1 X159.903 Y107.627
;WIPE_END
SET_VELOCITY_LIMIT ACCEL=8000 ACCEL_TO_DECEL=4000
G1 X154.92 Y113.408 Z23.4 F24000
G1 X135.954 Y135.409 Z23.4
G1 Z23
G1 E.8 F2400
SET_VELOCITY_LIMIT ACCEL=4000 ACCEL_TO_DECEL=2000 SQUARE_CORNER_VELOCITY=6
;TYPE:Inner wall
;WIDTH:0.45
G1 F5822
G1 X164.594 Y110.23 E1.23917
G1 X169.081 Y115.334 E.22083
G1 X125.56 Y153.597 E1.88305
G1 X96.329 Y135.28 E1.12093
G1 X95.673 Y106.833 E.92462
G1 X126.136 Y129.126 E1.22663
G1 X135.393 Y135.903 E.37281
G1 X135.909 Y135.449 E.02233
SET_VELOCITY_LIMIT ACCEL=8000 ACCEL_TO_DECEL=4000 SQUARE_CORNER_VELOCITY=8
G1 X135.37 Y135.4 F24000
SET_VELOCITY_LIMIT ACCEL=4000 ACCEL_TO_DECEL=2000 SQUARE_CORNER_VELOCITY=6
;TYPE:Outer wall
;WIDTH:0.42
G1 F5822
G1 X164.629 Y109.677 E1.17266
G1 X169.634 Y115.37 E.22816
G1 X125.599 Y154.084 E1.76488
G1 X95.942 Y135.5 E1.05347
G1 X95.263 Y106.047 E.88678
G1 X126.367 Y128.81 E1.16018
G1 X135.322 Y135.365 E.33405
SET_VELOCITY_LIMIT ACCEL=8000 ACCEL_TO_DECEL=4000 SQUARE_CORNER_VELOCITY=8
G1 X135.311 Y136.292 F24000
SET_VELOCITY_LIMIT ACCEL=6000 ACCEL_TO_DECEL=3000
;TYPE:Internal solid infill
;WIDTH:0.382972
G1 F5822
G1 X135.432 Y136.352 E.00366
G1 X164.441 Y110.847 E1.0485
G1 X164.558 Y110.781 E.00365
G1 X164.666 Y110.862 E.00365
G1 X168.464 Y115.182 E.15614
G1 X168.531 Y115.299 E.00365
G1 X168.467 Y115.391 E.00305
G1 X125.612 Y153.067 E1.5489
G1 X125.505 Y153.134 E.00343
G1 X96.759 Y135.122 E.92081
G1 X96.685 Y135.016 E.00349
G1 X96.06 Y107.883 E.73672
;WIDTH:0.399812
G1 X96.079 Y107.816 E.00197
;WIDTH:0.433596
G1 X96.098 Y107.75 E.00215
;WIDTH:0.46738
G1 X96.117 Y107.684 E.00234
G1 X96.182 Y107.706 E.00234
;WIDTH:0.433596
G1 X96.248 Y107.728 E.00215
;WIDTH:0.382969
G1 X96.313 Y107.751 E.00188
G1 X135.262 Y136.257 E1.31014
SET_VELOCITY_LIMIT ACCEL=8000 ACCEL_TO_DECEL=4000
G1 X112.916 Y144.818 F24000
SET_VELOCITY_LIMIT ACCEL=6000 ACCEL_TO_DECEL=3000
;TYPE:Sparse infill
;WIDTH:0.45
G1 F5822
M73 P89 R3
G1 X114.295 Y145.682 E.05291
G1 X128.339 Y131.638 E.64539
G1 X123.908 Y128.394 E.17847
G1 X109.576 Y142.725 E.65858
G1 X104.858 Y139.768 E.18096
G1 X119.475 Y125.151 E.67175
G1 X115.043 Y121.907 E.17848
G1 X100.139 Y136.811 E.68492
G1 X97.045 Y134.873 E.11864
G1 X96.985 Y132.289 E.08399
G1 X110.611 Y118.663 E.62615
G1 X112.042 Y119.711 E.05764
G1 X135.885 Y143.553 E1.09568
G1 X131.8 Y147.145 E.17674
G1 X96.514 Y111.859 E1.62154
G1 X96.466 Y109.78 E.06759
G1 X97.313 Y108.932 E.03893
G1 X101.746 Y112.176 E.17848
G1 X96.639 Y117.283 E.23467
G1 X96.695 Y119.716 E.0791
G1 X127.715 Y150.736 E1.4255
G1 X125.487 Y152.695 E.09641
G1 X123.733 Y151.596 E.06723
G1 X160.784 Y114.546 E1.70263
G1 X160.691 Y114.628 E.00402
G1 X164.478 Y118.415 E.17405
G1 X165.408 Y117.598 E.04023
G1 X167.908 Y115.098 E.11487
G1 X166.832 Y113.875 E.05291
SET_VELOCITY_LIMIT ACCEL=8000 ACCEL_TO_DECEL=4000
G1 X155.383 Y119.294 F24000
SET_VELOCITY_LIMIT ACCEL=6000 ACCEL_TO_DECEL=3000
G1 F5822
G1 X156.606 Y118.219 E.05291
G1 X160.393 Y122.006 E.17405
G1 X156.308 Y125.598 E.17674
G1 X152.521 Y121.81 E.17405
G1 X148.436 Y125.401 E.17674
G1 X152.224 Y129.189 E.17405
G1 X148.139 Y132.78 E.17674
G1 X144.351 Y128.993 E.17405
G1 X140.267 Y132.584 E.17674
G1 X144.054 Y136.371 E.17405
G1 X139.969 Y139.962 E.17674
G1 X136.182 Y136.175 E.17405
G1 X135.434 Y136.832 E.03234
G1 X132.771 Y134.882 E.10725
G1 X119.014 Y148.639 E.63219
G1 X116.143 Y146.84 E.11009
G1 X96.877 Y127.573 E.88541
G1 X96.812 Y124.786 E.09061
G1 X106.178 Y115.42 E.43041
M73 P90 R3
G1 X104.864 Y114.458 E.05291
G1 E-.8 F2400
SET_VELOCITY_LIMIT ACCEL=8000 ACCEL_TO_DECEL=4000
G1 X100.801 Y120.919 Z23.4 F24000
G1 X91.63 Y135.502 Z23.4
G1 Z23
G1 E.8 F2400
SET_VELOCITY_LIMIT ACCEL=4000 ACCEL_TO_DECEL=2000 SQUARE_CORNER_VELOCITY=6
;TYPE:Outer wall
;WIDTH:0.42
G1 F5822
G1 X90.951 Y135.518 E.02047
G1 X90.269 Y105.946 E.89036
G1 X90.949 Y105.93 E.02047
G1 X91.096 Y112.332 E.19274
G1 X91.629 Y135.442 E.69582
SET_VELOCITY_LIMIT ACCEL=8000 ACCEL_TO_DECEL=4000 SQUARE_CORNER_VELOCITY=8
G1 X91.286 Y135.314 F24000
SET_VELOCITY_LIMIT ACCEL=6000 ACCEL_TO_DECEL=3000
;TYPE:Gap infill
;WIDTH:0.330843
G1 F5822
G1 X90.613 Y106.134 E.67083
;TIME_ELAPSED:2105.550049

M106 S166
;LAYER_CHANGE
;:23.2
;HEIGHT:0.200001
;BEFORE_LAYER_CHANGE
;23.2
G92 E0

G1 E-.8 F2400
;WIPE_START
G1 F8682.883
G1 X90.659 Y108.134
;WIPE_END
EXCLUDE_OBJECT_END NAME=arm.stl_id_0_copy_0
;_SET_FAN_SPEED_CHANGING_LAYER
; OBJECT_ID: 15
EXCLUDE_OBJECT_START NAME=arm.stl_id_0_copy_0
SET_VELOCITY_LIMIT ACCEL=8000 ACCEL_TO_DECEL=4000
G1 X90.874 Y115.763 Z23.4 F24000
G1 X91.431 Y135.507 Z23.4
G1 Z23.2
G1 E.8 F2400
SET_VELOCITY_LIMIT ACCEL=4000 ACCEL_TO_DECEL=2000 SQUARE_CORNER_VELOCITY=6
;TYPE:Outer wall
;WIDTH:0.42
G1 F6629.9
G1 X90.951 Y135.518 E.01445
G1 X90.269 Y105.946 E.89036
G1 X90.749 Y105.935 E.01445
G1 X90.869 Y111.134 E.15655
G1 X91.429 Y135.447 E.73201
SET_VELOCITY_LIMIT ACCEL=8000 ACCEL_TO_DECEL=4000 SQUARE_CORNER_VELOCITY=8
G1 X91.186 Y135.317 F24000
SET_VELOCITY_LIMIT ACCEL=6000 ACCEL_TO_DECEL=3000
;TYPE:Gap infill
;WIDTH:0.130842
G1 F15000
G1 X90.513 Y106.136 E.20485
G1 E-.8 F2400
;WIPE_START
G1 F15000
G1 X90.559 Y108.136
;WIPE_END
SET_VELOCITY_LIMIT ACCEL=8000 ACCEL_TO_DECEL=4000
G1 X97.102 Y112.067 Z23.6 F24000
G1 X135.954 Y135.409 Z23.6
G1 Z23.2
G1 E.8 F2400
SET_VELOCITY_LIMIT ACCEL=4000 ACCEL_TO_DECEL=2000 SQUARE_CORNER_VELOCITY=6
;TYPE:Inner wall
;WIDTH:0.45
G1 F6141.304
G1 X164.594 Y110.23 E1.23917
G1 X169.081 Y115.334 E.22083
G1 X125.56 Y153.597 E1.88305
G1 X96.329 Y135.28 E1.12093
G1 X95.673 Y106.833 E.92462
G1 X127.748 Y130.306 E1.29156
G1 X135.393 Y135.903 E.30788
G1 X135.909 Y135.449 E.02233
SET_VELOCITY_LIMIT ACCEL=8000 ACCEL_TO_DECEL=4000 SQUARE_CORNER_VELOCITY=8
G1 X135.37 Y135.4 F24000
SET_VELOCITY_LIMIT ACCEL=4000 ACCEL_TO_DECEL=2000 SQUARE_CORNER_VELOCITY=6
;TYPE:Outer wall
;WIDTH:0.42
G1 F6629.9
G1 X164.629 Y109.677 E1.17266
G1 X169.634 Y115.37 E.22816
G1 X125.599 Y154.084 E1.76488
G1 X95.942 Y135.5 E1.05347
G1 X95.263 Y106.047 E.88678
G1 X127.979 Y129.99 E1.22032
G1 X135.322 Y135.365 E.27391
G1 E-.8 F2400
;WIPE_START
G1 F6629.9
G1 X136.826 Y134.047
;WIPE_END
SET_VELOCITY_LIMIT ACCEL=8000 ACCEL_TO_DECEL=4000 SQUARE_CORNER_VELOCITY=8
G1 X143.674 Y130.676 Z23.6 F24000
G1 X161.182 Y122.056 Z23.6
G1 Z23.2
G1 E.8 F2400
SET_VELOCITY_LIMIT ACCEL=2000 ACCEL_TO_DECEL=1000
;TYPE:Internal Bridge
;WIDTH:0.402383
;HEIGHT:0.4
G1 F3931.886
M106 S255
G1 X168.268 Y114.97 E.5086
G1 X167.969 Y114.629 E.02301
G1 X158.119 Y124.479 E.70698
G1 X152.825 Y129.134 E.3578
G1 X167.67 Y114.289 E1.06551
G1 X167.37 Y113.949 E.02301
G1 X147.531 Y133.788 E1.42405
G1 X142.236 Y138.443 E.3578
G1 X167.071 Y113.608 E1.78258
G1 X166.772 Y113.268 E.02301
G1 X136.942 Y143.097 E2.14112
G1 X131.647 Y147.752 E.3578
G1 X166.472 Y112.927 E2.49965
G1 X166.173 Y112.587 E.02301
G1 X126.353 Y152.407 E2.85819
G1 X125.522 Y153.137 E.05613
G1 X125.191 Y152.929 E.01986
G1 X165.874 Y112.246 E2.92013
G1 X165.574 Y111.906 E.02301
G1 X124.798 Y152.683 E2.92687
G1 X124.404 Y152.436 E.02356
G1 X165.275 Y111.565 E2.93362
G1 X164.976 Y111.225 E.02301
G1 X124.011 Y152.19 E2.94037
G1 X123.618 Y151.943 E.02356
G1 X164.677 Y110.884 E2.94711
G1 X164.56 Y110.752 E.00893
G1 X161.322 Y113.599 E.21886
G1 X123.224 Y151.697 E2.73454
G1 X122.831 Y151.45 E.02356
G1 X156.027 Y118.254 E2.38276
G1 X150.733 Y122.909 E.3578
G1 X122.438 Y151.204 E2.03097
G1 X122.044 Y150.958 E.02356
G1 X145.439 Y127.563 E1.67918
G1 X140.144 Y132.218 E.3578
G1 X121.651 Y150.711 E1.32739
G1 X121.258 Y150.465 E.02356
G1 X135.375 Y136.348 E1.01328
G1 X135.005 Y136.077 E.02323
G1 X120.864 Y150.218 E1.015
G1 X120.471 Y149.972 E.02356
G1 X134.636 Y135.807 E1.01672
G1 X134.267 Y135.536 E.02323
G1 X120.078 Y149.725 E1.01844
G1 X119.684 Y149.479 E.02356
G1 X133.897 Y135.266 E1.02016
G1 X133.528 Y134.996 E.02323
G1 X119.291 Y149.232 E1.02188
G1 X118.898 Y148.986 E.02356
G1 X133.158 Y134.725 E1.02359
G1 X132.789 Y134.455 E.02323
G1 X118.505 Y148.739 E1.02531
G1 X118.111 Y148.493 E.02356
G1 X132.42 Y134.184 E1.02703
M73 P91 R3
G1 X132.05 Y133.914 E.02323
G1 X117.718 Y148.247 E1.02875
G1 X117.325 Y148 E.02356
G1 X131.681 Y133.644 E1.03047
G1 X131.312 Y133.373 E.02323
G1 X116.931 Y147.754 E1.03219
G1 X116.538 Y147.507 E.02356
G1 X130.942 Y133.103 E1.0339
G1 X130.573 Y132.832 E.02323
G1 X116.145 Y147.261 E1.03562
G1 X115.751 Y147.014 E.02356
G1 X130.204 Y132.562 E1.03734
G1 X129.834 Y132.292 E.02323
G1 X115.358 Y146.768 E1.03906
G1 X114.965 Y146.521 E.02356
G1 X129.465 Y132.021 E1.04078
G1 X129.095 Y131.751 E.02323
G1 X114.571 Y146.275 E1.0425
G1 X114.178 Y146.028 E.02356
G1 X128.726 Y131.481 E1.04421
G1 X128.357 Y131.21 E.02323
G1 X113.785 Y145.782 E1.04593
G1 X113.392 Y145.535 E.02356
G1 X127.987 Y130.94 E1.04765
G1 X127.618 Y130.669 E.02323
G1 X112.998 Y145.289 E1.04937
G1 X112.605 Y145.043 E.02356
G1 X127.249 Y130.399 E1.05109
G1 X126.879 Y130.129 E.02323
G1 X112.212 Y144.796 E1.0528
G1 X111.818 Y144.55 E.02356
G1 X126.51 Y129.858 E1.05452
G1 X126.14 Y129.588 E.02323
G1 X111.425 Y144.303 E1.05623
G1 X111.032 Y144.057 E.02356
G1 X125.771 Y129.318 E1.05795
G1 X125.401 Y129.047 E.02323
G1 X110.638 Y143.81 E1.05966
G1 X110.245 Y143.564 E.02356
G1 X125.032 Y128.777 E1.06138
G1 X124.663 Y128.507 E.02323
G1 X109.852 Y143.317 E1.06309
G1 X109.458 Y143.071 E.02356
G1 X124.293 Y128.236 E1.0648
G1 X123.924 Y127.966 E.02323
G1 X109.065 Y142.824 E1.06652
G1 X108.672 Y142.578 E.02356
G1 X123.554 Y127.695 E1.06823
G1 X123.185 Y127.425 E.02323
G1 X108.279 Y142.332 E1.06995
G1 X107.885 Y142.085 E.02356
G1 X122.816 Y127.155 E1.07166
G1 X122.446 Y126.884 E.02323
G1 X107.492 Y141.839 E1.07338
G1 X107.099 Y141.592 E.02356
G1 X122.077 Y126.614 E1.07509
G1 X121.707 Y126.344 E.02323
G1 X106.705 Y141.346 E1.07681
G1 X106.312 Y141.099 E.02356
G1 X121.338 Y126.073 E1.07852
G1 X120.968 Y125.803 E.02323
G1 X105.919 Y140.853 E1.08024
G1 X105.525 Y140.606 E.02356
G1 X120.599 Y125.533 E1.08195
G1 X120.23 Y125.262 E.02323
G1 X105.132 Y140.36 E1.08367
G1 X104.739 Y140.113 E.02356
G1 X119.86 Y124.992 E1.08538
G1 X119.491 Y124.722 E.02323
G1 X104.345 Y139.867 E1.0871
G1 X103.952 Y139.621 E.02356
G1 X119.121 Y124.451 E1.08881
G1 X118.752 Y124.181 E.02323
G1 X103.559 Y139.374 E1.09053
G1 X103.165 Y139.128 E.02356
G1 X118.383 Y123.911 E1.09224
G1 X118.013 Y123.64 E.02323
G1 X102.772 Y138.881 E1.09396
G1 X102.379 Y138.635 E.02356
G1 X117.644 Y123.37 E1.09567
G1 X117.274 Y123.1 E.02323
G1 X101.986 Y138.388 E1.09739
G1 X101.592 Y138.142 E.02356
G1 X116.905 Y122.829 E1.0991
G1 X116.535 Y122.559 E.02323
G1 X101.199 Y137.895 E1.10082
G1 X100.806 Y137.649 E.02356
G1 X116.166 Y122.289 E1.10253
G1 X115.797 Y122.018 E.02323
G1 X100.412 Y137.402 E1.10425
G1 X100.019 Y137.156 E.02356
G1 X115.427 Y121.748 E1.10596
G1 X115.058 Y121.477 E.02323
G1 X99.626 Y136.91 E1.10768
G1 X99.232 Y136.663 E.02356
G1 X114.688 Y121.207 E1.10939
G1 X114.319 Y120.937 E.02323
G1 X98.839 Y136.417 E1.11111
G1 X98.446 Y136.17 E.02356
G1 X113.949 Y120.666 E1.11282
G1 X113.58 Y120.396 E.02323
G1 X98.052 Y135.924 E1.11454
G1 X97.659 Y135.677 E.02356
G1 X113.211 Y120.126 E1.11625
G1 X112.841 Y119.855 E.02323
G1 X97.266 Y135.431 E1.11797
G1 X96.873 Y135.184 E.02356
G1 X112.472 Y119.585 E1.11968
G1 X112.102 Y119.315 E.02323
G1 X96.686 Y134.731 E1.10656
G1 X96.671 Y134.106 E.03175
G1 X111.733 Y119.044 E1.08108
G1 X111.364 Y118.774 E.02323
G1 X96.657 Y133.481 E1.0556
G1 X96.643 Y132.855 E.03175
G1 X110.994 Y118.504 E1.03012
G1 X110.625 Y118.233 E.02323
G1 X96.628 Y132.23 E1.00464
G1 X96.614 Y131.604 E.03175
G1 X110.255 Y117.963 E.97916
G1 X109.886 Y117.693 E.02323
G1 X96.599 Y130.979 E.95368
G1 X96.585 Y130.354 E.03175
G1 X109.516 Y117.422 E.9282
G1 X109.147 Y117.152 E.02323
G1 X96.571 Y129.728 E.90272
M73 P92 R3
G1 X96.556 Y129.103 E.03175
G1 X108.778 Y116.882 E.87723
G1 X108.408 Y116.611 E.02323
G1 X96.542 Y128.478 E.85175
G1 X96.527 Y127.852 E.03175
G1 X108.039 Y116.341 E.82627
G1 X107.669 Y116.071 E.02323
G1 X96.513 Y127.227 E.80079
G1 X96.498 Y126.602 E.03175
G1 X107.3 Y115.8 E.77531
G1 X106.931 Y115.53 E.02323
G1 X96.484 Y125.976 E.74983
G1 X96.47 Y125.351 E.03175
G1 X106.561 Y115.259 E.72435
G1 X106.192 Y114.989 E.02323
G1 X96.455 Y124.726 E.69887
G1 X96.441 Y124.1 E.03175
G1 X105.822 Y114.719 E.67338
G1 X105.453 Y114.448 E.02323
G1 X96.426 Y123.475 E.6479
G1 X96.412 Y122.85 E.03175
G1 X105.083 Y114.178 E.62242
G1 X104.714 Y113.908 E.02323
G1 X96.398 Y122.224 E.59694
G1 X96.383 Y121.599 E.03175
G1 X104.345 Y113.637 E.57146
G1 X103.975 Y113.367 E.02323
G1 X96.369 Y120.974 E.54598
G1 X96.354 Y120.348 E.03175
G1 X103.606 Y113.097 E.5205
G1 X103.236 Y112.826 E.02323
G1 X96.34 Y119.723 E.49502
G1 X96.325 Y119.098 E.03175
G1 X102.867 Y112.556 E.46954
G1 X102.498 Y112.286 E.02323
G1 X96.311 Y118.472 E.44405
G1 X96.297 Y117.847 E.03175
G1 X102.128 Y112.015 E.41857
G1 X101.759 Y111.745 E.02323
G1 X96.282 Y117.221 E.39309
G1 X96.268 Y116.596 E.03175
G1 X101.389 Y111.475 E.36761
G1 X101.02 Y111.204 E.02323
G1 X96.253 Y115.971 E.34213
G1 X96.239 Y115.345 E.03175
G1 X100.65 Y110.934 E.31665
G1 X100.281 Y110.664 E.02323
G1 X96.225 Y114.72 E.29117
G1 X96.21 Y114.095 E.03175
G1 X99.912 Y110.393 E.26569
G1 X99.542 Y110.123 E.02323
G1 X96.196 Y113.469 E.24021
G1 X96.181 Y112.844 E.03175
G1 X99.173 Y109.853 E.21472
G1 X98.803 Y109.582 E.02323
G1 X96.167 Y112.219 E.18924
G1 X96.152 Y111.593 E.03175
G1 X98.434 Y109.312 E.16376
G1 X98.065 Y109.041 E.02323
G1 X96.138 Y110.968 E.13828
G1 X96.124 Y110.343 E.03175
G1 X97.695 Y108.771 E.1128
G1 X97.326 Y108.501 E.02323
G1 X96.109 Y109.717 E.08732
G1 X96.095 Y109.092 E.03175
G1 X96.956 Y108.23 E.06184
G1 X96.587 Y107.96 E.02323
G1 X96.08 Y108.467 E.03636
G1 X96.066 Y107.841 E.03175
G1 X96.362 Y107.545 E.02127
G1 E-.8 F2400
;WIPE_START
G1 F3931.886
G1 X96.066 Y107.841
G1 X96.08 Y108.467
G1 X96.587 Y107.96
G1 X96.78 Y108.101
;WIPE_END
SET_VELOCITY_LIMIT ACCEL=8000 ACCEL_TO_DECEL=4000
G1 X103.828 Y111.029 Z23.6 F24000
G1 X139.43 Y125.813 Z23.6
G1 Z23.2
G1 E.8 F2400
SET_VELOCITY_LIMIT ACCEL=4000 ACCEL_TO_DECEL=2000 SQUARE_CORNER_VELOCITY=6
;TYPE:Outer wall
;WIDTH:0.42
;HEIGHT:0.2
G1 F6629.9
M106 S166
G1 X139.113 Y125.453 E.01445
M73 P92 R2
G1 X161.328 Y105.922 E.89036
G1 X161.645 Y106.282 E.01445
G1 X139.475 Y125.774 E.88856
SET_VELOCITY_LIMIT ACCEL=8000 ACCEL_TO_DECEL=4000 SQUARE_CORNER_VELOCITY=8
G1 X139.418 Y125.504 F24000
SET_VELOCITY_LIMIT ACCEL=6000 ACCEL_TO_DECEL=3000
;TYPE:Gap infill
;WIDTH:0.130843
G1 F15000
G1 X161.339 Y106.232 E.20485
;TIME_ELAPSED:2158.845947

M106 S186
;LAYER_CHANGE
;:23.4
;HEIGHT:0.199999
;BEFORE_LAYER_CHANGE
;23.4
G92 E0

G1 E-.8 F2400
;WIPE_START
G1 F15000
G1 X159.837 Y107.552
;WIPE_END
EXCLUDE_OBJECT_END NAME=arm.stl_id_0_copy_0
;_SET_FAN_SPEED_CHANGING_LAYER
; OBJECT_ID: 15
EXCLUDE_OBJECT_START NAME=arm.stl_id_0_copy_0
SET_VELOCITY_LIMIT ACCEL=8000 ACCEL_TO_DECEL=4000
G1 X152.769 Y110.433 Z23.6 F24000
G1 X91.231 Y135.512 Z23.6
G1 Z23.4
G1 E.8 F2400
SET_VELOCITY_LIMIT ACCEL=4000 ACCEL_TO_DECEL=2000 SQUARE_CORNER_VELOCITY=6
;TYPE:Outer wall
;WIDTH:0.42
G1 F6629.9
G1 X90.951 Y135.518 E.00843
G1 X90.269 Y105.946 E.89036
G1 X90.549 Y105.94 E.00843
G1 X90.641 Y109.937 E.12035
G1 X91.229 Y135.452 E.7682
G1 E-.8 F2400
;WIPE_START
G1 F6629.9
G1 X90.951 Y135.518
G1 X90.911 Y133.805
;WIPE_END
SET_VELOCITY_LIMIT ACCEL=8000 ACCEL_TO_DECEL=4000 SQUARE_CORNER_VELOCITY=8
G1 X98.539 Y134.077 Z23.8 F24000
G1 X135.954 Y135.409 Z23.8
G1 Z23.4
G1 E.8 F2400
SET_VELOCITY_LIMIT ACCEL=4000 ACCEL_TO_DECEL=2000 SQUARE_CORNER_VELOCITY=6
;TYPE:Inner wall
;WIDTH:0.45
G1 F6141.304
G1 X164.594 Y110.23 E1.23917
G1 X169.081 Y115.334 E.22083
G1 X125.56 Y153.597 E1.88305
G1 X96.329 Y135.28 E1.12093
G1 X95.673 Y106.833 E.92462
G1 X129.36 Y131.486 E1.35649
G1 X135.393 Y135.903 E.24295
G1 X135.909 Y135.449 E.02233
SET_VELOCITY_LIMIT ACCEL=8000 ACCEL_TO_DECEL=4000 SQUARE_CORNER_VELOCITY=8
G1 X135.37 Y135.4 F24000
SET_VELOCITY_LIMIT ACCEL=4000 ACCEL_TO_DECEL=2000 SQUARE_CORNER_VELOCITY=6
;TYPE:Outer wall
;WIDTH:0.42
G1 F6629.9
G1 X164.629 Y109.677 E1.17266
G1 X169.634 Y115.37 E.22816
G1 X125.599 Y154.084 E1.76488
G1 X95.942 Y135.5 E1.05347
G1 X95.263 Y106.047 E.88678
G1 X129.592 Y131.17 E1.28046
G1 X135.322 Y135.365 E.21376
G1 E-.8 F2400
;WIPE_START
G1 F6629.9
G1 X136.826 Y134.047
;WIPE_END
SET_VELOCITY_LIMIT ACCEL=8000 ACCEL_TO_DECEL=4000 SQUARE_CORNER_VELOCITY=8
G1 X142.644 Y129.106 Z23.8 F24000
G1 X164.01 Y110.962 Z23.8
G1 Z23.4
G1 E.8 F2400
SET_VELOCITY_LIMIT ACCEL=6000 ACCEL_TO_DECEL=3000
;TYPE:Internal solid infill
;WIDTH:0.421314
G1 F6606.87
G1 X168.473 Y115.425 E.19065
G1 X168.188 Y115.675 E.01145
G1 X163.845 Y111.332 E.18552
G1 X163.56 Y111.583 E.01145
G1 X167.903 Y115.926 E.18552
G1 X167.619 Y116.176 E.01145
G1 X163.276 Y111.833 E.18552
G1 X162.991 Y112.084 E.01145
G1 X167.334 Y116.427 E.18552
G1 X167.049 Y116.677 E.01145
G1 X162.706 Y112.334 E.18552
G1 X162.421 Y112.584 E.01145
G1 X166.764 Y116.927 E.18552
G1 X166.48 Y117.178 E.01145
G1 X162.136 Y112.835 E.18552
G1 X161.852 Y113.085 E.01145
G1 X166.195 Y117.428 E.18552
G1 X165.91 Y117.678 E.01145
G1 X161.567 Y113.335 E.18552
G1 X161.282 Y113.586 E.01145
G1 X165.625 Y117.929 E.18552
G1 X165.34 Y118.179 E.01145
G1 X160.997 Y113.836 E.18552
G1 X160.713 Y114.086 E.01145
G1 X165.056 Y118.429 E.18552
G1 X164.771 Y118.68 E.01145
G1 X160.428 Y114.337 E.18552
G1 X160.143 Y114.587 E.01145
G1 X164.486 Y118.93 E.18552
G1 X164.201 Y119.181 E.01145
G1 X159.858 Y114.837 E.18552
G1 X159.574 Y115.088 E.01145
G1 X163.917 Y119.431 E.18552
G1 X163.632 Y119.681 E.01145
G1 X159.289 Y115.338 E.18552
G1 X159.004 Y115.589 E.01145
G1 X163.347 Y119.932 E.18552
G1 X163.062 Y120.182 E.01145
G1 X158.719 Y115.839 E.18552
G1 X158.434 Y116.089 E.01145
G1 X162.777 Y120.432 E.18552
G1 X162.493 Y120.683 E.01145
G1 X158.15 Y116.34 E.18552
G1 X157.865 Y116.59 E.01145
G1 X162.208 Y120.933 E.18552
G1 X161.923 Y121.183 E.01145
G1 X157.58 Y116.84 E.18552
G1 X157.295 Y117.091 E.01145
G1 X161.638 Y121.434 E.18552
G1 X161.354 Y121.684 E.01145
G1 X157.011 Y117.341 E.18552
G1 X156.726 Y117.591 E.01145
G1 X161.069 Y121.934 E.18552
G1 X160.784 Y122.185 E.01145
G1 X156.441 Y117.842 E.18552
G1 X156.156 Y118.092 E.01145
G1 X160.499 Y122.435 E.18552
G1 X160.215 Y122.686 E.01145
G1 X155.872 Y118.343 E.18552
G1 X155.587 Y118.593 E.01145
G1 X159.93 Y122.936 E.18552
G1 X159.645 Y123.186 E.01145
G1 X155.302 Y118.843 E.18552
G1 X155.017 Y119.094 E.01145
G1 X159.36 Y123.437 E.18552
G1 X159.075 Y123.687 E.01145
G1 X154.732 Y119.344 E.18552
G1 X154.448 Y119.594 E.01145
G1 X158.791 Y123.937 E.18552
G1 X158.506 Y124.188 E.01145
G1 X154.163 Y119.845 E.18552
G1 X153.878 Y120.095 E.01145
G1 X158.221 Y124.438 E.18552
G1 X157.936 Y124.688 E.01145
G1 X153.593 Y120.345 E.18552
G1 X153.309 Y120.596 E.01145
G1 X157.652 Y124.939 E.18552
G1 X157.367 Y125.189 E.01145
G1 X153.024 Y120.846 E.18552
G1 X152.739 Y121.096 E.01145
G1 X157.082 Y125.439 E.18552
G1 X156.797 Y125.69 E.01145
G1 X152.454 Y121.347 E.18552
G1 X152.17 Y121.597 E.01145
G1 X156.513 Y125.94 E.18552
G1 X156.228 Y126.191 E.01145
G1 X151.885 Y121.848 E.18552
G1 X151.6 Y122.098 E.01145
G1 X155.943 Y126.441 E.18552
G1 X155.658 Y126.691 E.01145
G1 X151.315 Y122.348 E.18552
G1 X151.03 Y122.599 E.01145
G1 X155.373 Y126.942 E.18552
G1 X155.089 Y127.192 E.01145
G1 X150.746 Y122.849 E.18552
G1 X150.461 Y123.099 E.01145
G1 X154.804 Y127.442 E.18552
G1 X154.519 Y127.693 E.01145
G1 X150.176 Y123.35 E.18552
G1 X149.891 Y123.6 E.01145
G1 X154.234 Y127.943 E.18552
G1 X153.95 Y128.193 E.01145
G1 X149.607 Y123.85 E.18552
G1 X149.322 Y124.101 E.01145
G1 X153.665 Y128.444 E.18552
G1 X153.38 Y128.694 E.01145
G1 X149.037 Y124.351 E.18552
G1 X148.752 Y124.601 E.01145
G1 X153.095 Y128.945 E.18552
G1 X152.811 Y129.195 E.01145
G1 X148.467 Y124.852 E.18552
G1 X148.183 Y125.102 E.01145
G1 X152.526 Y129.445 E.18552
G1 X152.241 Y129.696 E.01145
G1 X147.898 Y125.353 E.18552
G1 X147.613 Y125.603 E.01145
G1 X151.956 Y129.946 E.18552
G1 X151.671 Y130.196 E.01145
G1 X147.328 Y125.853 E.18552
G1 X147.044 Y126.104 E.01145
G1 X151.387 Y130.447 E.18552
G1 X151.102 Y130.697 E.01145
G1 X146.759 Y126.354 E.18552
G1 X146.474 Y126.604 E.01145
G1 X150.817 Y130.947 E.18552
G1 X150.532 Y131.198 E.01145
G1 X146.189 Y126.855 E.18552
G1 X145.905 Y127.105 E.01145
G1 X150.248 Y131.448 E.18552
G1 X149.963 Y131.698 E.01145
G1 X145.62 Y127.355 E.18552
G1 X145.335 Y127.606 E.01145
G1 X149.678 Y131.949 E.18552
G1 X149.393 Y132.199 E.01145
G1 X145.05 Y127.856 E.18552
G1 X144.765 Y128.107 E.01145
G1 X149.109 Y132.45 E.18552
G1 X148.824 Y132.7 E.01145
G1 X144.481 Y128.357 E.18552
G1 X144.196 Y128.607 E.01145
G1 X148.539 Y132.95 E.18552
G1 X148.254 Y133.201 E.01145
G1 X143.911 Y128.858 E.18552
G1 X143.626 Y129.108 E.01145
G1 X147.969 Y133.451 E.18552
G1 X147.685 Y133.701 E.01145
G1 X143.342 Y129.358 E.18552
G1 X143.057 Y129.609 E.01145
G1 X147.4 Y133.952 E.18552
G1 X147.115 Y134.202 E.01145
G1 X142.772 Y129.859 E.18552
G1 X142.487 Y130.109 E.01145
G1 X146.83 Y134.452 E.18552
G1 X146.546 Y134.703 E.01145
G1 X142.203 Y130.36 E.18552
G1 X141.918 Y130.61 E.01145
G1 X146.261 Y134.953 E.18552
G1 X145.976 Y135.204 E.01145
G1 X141.633 Y130.86 E.18552
G1 X141.348 Y131.111 E.01145
G1 X145.691 Y135.454 E.18552
G1 X145.406 Y135.704 E.01145
G1 X141.063 Y131.361 E.18552
G1 X140.779 Y131.612 E.01145
G1 X145.122 Y135.955 E.18552
G1 X144.837 Y136.205 E.01145
G1 X140.494 Y131.862 E.18552
G1 X140.209 Y132.112 E.01145
G1 X144.552 Y136.455 E.18552
G1 X144.267 Y136.706 E.01145
G1 X139.924 Y132.363 E.18552
G1 X139.64 Y132.613 E.01145
G1 X143.983 Y136.956 E.18552
G1 X143.698 Y137.206 E.01145
G1 X139.355 Y132.863 E.18552
G1 X139.07 Y133.114 E.01145
G1 X143.413 Y137.457 E.18552
G1 X143.128 Y137.707 E.01145
G1 X138.785 Y133.364 E.18552
G1 X138.501 Y133.614 E.01145
G1 X142.844 Y137.957 E.18552
G1 X142.559 Y138.208 E.01145
G1 X138.216 Y133.865 E.18552
G1 X137.931 Y134.115 E.01145
G1 X142.274 Y138.458 E.18552
G1 X141.989 Y138.709 E.01145
G1 X137.646 Y134.366 E.18552
G1 X137.361 Y134.616 E.01145
G1 X141.704 Y138.959 E.18552
G1 X141.42 Y139.209 E.01145
G1 X137.077 Y134.866 E.18552
G1 X136.792 Y135.117 E.01145
G1 X141.135 Y139.46 E.18552
G1 X140.85 Y139.71 E.01145
G1 X136.507 Y135.367 E.18552
G1 X136.222 Y135.617 E.01145
G1 X140.565 Y139.96 E.18552
G1 X140.281 Y140.211 E.01145
G1 X135.938 Y135.868 E.18552
G1 X135.653 Y136.118 E.01145
G1 X139.996 Y140.461 E.18552
G1 X139.711 Y140.711 E.01145
G1 X135.104 Y136.104 E.19681
M73 P93 R2
G1 X133.107 Y134.642 E.07476
G1 X139.426 Y140.962 E.26995
G1 X139.142 Y141.212 E.01145
G1 X131.11 Y133.18 E.3431
G1 X129.112 Y131.718 E.07476
G1 X138.857 Y141.462 E.41624
G1 X138.572 Y141.713 E.01145
G1 X127.117 Y130.258 E.48932
G1 X125.121 Y128.797 E.07469
G1 X138.287 Y141.963 E.56239
G1 X138.002 Y142.214 E.01145
G1 X123.126 Y127.337 E.63547
G1 X121.13 Y125.877 E.07469
G1 X137.718 Y142.464 E.70855
G1 X137.433 Y142.714 E.01145
G1 X119.135 Y124.416 E.78162
G1 X117.139 Y122.956 E.07469
G1 X137.148 Y142.965 E.8547
G1 X136.863 Y143.215 E.01145
G1 X115.144 Y121.496 E.92777
G1 X113.148 Y120.035 E.07469
G1 X136.579 Y143.465 E1.00085
G1 X136.294 Y143.716 E.01145
G1 X111.153 Y118.575 E1.07393
G1 X109.157 Y117.114 E.07469
G1 X136.009 Y143.966 E1.147
G1 X135.724 Y144.216 E.01145
G1 X107.162 Y115.654 E1.22008
G1 X105.166 Y114.194 E.07469
G1 X135.44 Y144.467 E1.29316
G1 X135.155 Y144.717 E.01145
G1 X103.171 Y112.733 E1.36623
G1 X101.175 Y111.273 E.07469
G1 X134.87 Y144.968 E1.43931
G1 X134.585 Y145.218 E.01145
G1 X99.18 Y109.813 E1.51238
G1 X97.184 Y108.352 E.07469
G1 X134.3 Y145.468 E1.58546
G1 X134.016 Y145.719 E.01145
G1 X96.027 Y107.73 E1.62274
G1 X96.04 Y108.278 E.01655
G1 X133.731 Y145.969 E1.61004
G1 X133.446 Y146.219 E.01145
G1 X96.052 Y108.825 E1.59734
G1 X96.065 Y109.373 E.01655
G1 X133.161 Y146.47 E1.58463
G1 X132.877 Y146.72 E.01145
G1 X96.077 Y109.921 E1.57193
G1 X96.09 Y110.469 E.01655
G1 X132.592 Y146.97 E1.55922
G1 X132.307 Y147.221 E.01145
G1 X96.103 Y111.016 E1.54652
G1 X96.115 Y111.564 E.01655
G1 X132.022 Y147.471 E1.53382
G1 X131.738 Y147.721 E.01145
G1 X96.128 Y112.112 E1.52111
G1 X96.141 Y112.66 E.01655
G1 X131.453 Y147.972 E1.50841
G1 X131.168 Y148.222 E.01145
G1 X96.153 Y113.207 E1.49571
G1 X96.166 Y113.755 E.01655
G1 X130.883 Y148.473 E1.483
G1 X130.598 Y148.723 E.01145
G1 X96.178 Y114.303 E1.4703
G1 X96.191 Y114.851 E.01655
G1 X130.314 Y148.973 E1.45759
G1 X130.029 Y149.224 E.01145
G1 X96.204 Y115.398 E1.44489
G1 X96.216 Y115.946 E.01655
G1 X129.744 Y149.474 E1.43219
G1 X129.459 Y149.724 E.01145
G1 X96.229 Y116.494 E1.41948
G1 X96.242 Y117.042 E.01655
G1 X129.175 Y149.975 E1.40678
G1 X128.89 Y150.225 E.01145
G1 X96.254 Y117.589 E1.39408
G1 X96.267 Y118.137 E.01655
G1 X128.605 Y150.475 E1.38137
G1 X128.32 Y150.726 E.01145
G1 X96.279 Y118.685 E1.36867
G1 X96.292 Y119.233 E.01655
G1 X128.035 Y150.976 E1.35596
G1 X127.751 Y151.227 E.01145
G1 X96.305 Y119.78 E1.34326
G1 X96.317 Y120.328 E.01655
G1 X127.466 Y151.477 E1.33056
G1 X127.181 Y151.727 E.01145
G1 X96.33 Y120.876 E1.31785
G1 X96.343 Y121.424 E.01655
G1 X126.896 Y151.978 E1.30515
G1 X126.612 Y152.228 E.01145
G1 X96.355 Y121.972 E1.29244
G1 X96.368 Y122.519 E.01655
G1 X126.327 Y152.478 E1.27974
G1 X126.042 Y152.729 E.01145
G1 X96.38 Y123.067 E1.26704
G1 X96.393 Y123.615 E.01655
G1 X125.757 Y152.979 E1.25433
G1 X125.526 Y153.182 E.0093
G1 X125.257 Y153.013 E.00961
G1 X96.406 Y124.163 E1.23241
G1 X96.418 Y124.71 E.01655
G1 X123.823 Y152.115 E1.17064
G1 X122.39 Y151.217 E.05109
G1 X96.431 Y125.258 E1.10888
G1 X96.444 Y125.806 E.01655
G1 X120.957 Y150.319 E1.04712
G1 X119.524 Y149.421 E.05109
G1 X96.456 Y126.354 E.98536
G1 X96.469 Y126.901 E.01655
G1 X118.091 Y148.523 E.9236
G1 X116.657 Y147.625 E.05109
G1 X96.481 Y127.449 E.86184
G1 X96.494 Y127.997 E.01655
G1 X115.224 Y146.727 E.80008
G1 X113.791 Y145.829 E.05109
G1 X96.507 Y128.545 E.73832
G1 X96.519 Y129.092 E.01655
G1 X112.358 Y144.931 E.67656
G1 X110.924 Y144.033 E.05109
G1 X96.532 Y129.64 E.61479
G1 X96.545 Y130.188 E.01655
G1 X109.491 Y143.135 E.55303
M73 P94 R2
G1 X108.058 Y142.236 E.05109
G1 X96.557 Y130.736 E.49127
G1 X96.57 Y131.283 E.01655
G1 X106.625 Y141.338 E.42951
G1 X105.192 Y140.44 E.05109
G1 X96.583 Y131.831 E.36775
G1 X96.595 Y132.379 E.01655
G1 X103.758 Y139.542 E.30599
G1 X102.325 Y138.644 E.05109
G1 X96.608 Y132.927 E.24423
G1 X96.62 Y133.474 E.01655
G1 X100.892 Y137.746 E.18247
G1 X99.459 Y136.848 E.05109
G1 X96.633 Y134.022 E.12071
G1 X96.646 Y134.57 E.01655
G1 X98.562 Y136.486 E.08185
SET_VELOCITY_LIMIT ACCEL=8000 ACCEL_TO_DECEL=4000
G1 X124.81 Y152.863 F24000
SET_VELOCITY_LIMIT ACCEL=6000 ACCEL_TO_DECEL=3000
;TYPE:Gap infill
;WIDTH:0.10848
G1 F15000
G1 X124.646 Y152.733 E.0011
;WIDTH:0.1491
G1 X124.482 Y152.602 E.00178
;WIDTH:0.189721
G1 X124.318 Y152.471 E.00246
;WIDTH:0.230342
G1 F13338.909
G1 X124.154 Y152.341 E.00314
;WIDTH:0.250652
G1 F12034.734
G1 X123.99 Y152.21 E.00348
SET_VELOCITY_LIMIT ACCEL=8000 ACCEL_TO_DECEL=4000
G1 X121.944 Y151.067 F24000
SET_VELOCITY_LIMIT ACCEL=6000 ACCEL_TO_DECEL=3000
;WIDTH:0.10848
G1 F15000
G1 X121.78 Y150.936 E.0011
;WIDTH:0.149101
G1 X121.616 Y150.806 E.00178
;WIDTH:0.189722
G1 X121.452 Y150.675 E.00246
;WIDTH:0.230343
G1 F13338.839
G1 X121.288 Y150.544 E.00314
;WIDTH:0.250654
G1 F12034.668
G1 X121.124 Y150.414 E.00348
SET_VELOCITY_LIMIT ACCEL=8000 ACCEL_TO_DECEL=4000
G1 X119.078 Y149.271 F24000
SET_VELOCITY_LIMIT ACCEL=6000 ACCEL_TO_DECEL=3000
;WIDTH:0.10848
G1 F15000
G1 X118.914 Y149.14 E.0011
;WIDTH:0.1491
G1 X118.749 Y149.01 E.00178
;WIDTH:0.189721
G1 X118.585 Y148.879 E.00246
;WIDTH:0.230342
G1 F13338.909
G1 X118.421 Y148.748 E.00314
;WIDTH:0.250652
G1 F12034.734
G1 X118.257 Y148.618 E.00348
SET_VELOCITY_LIMIT ACCEL=8000 ACCEL_TO_DECEL=4000
G1 X116.211 Y147.475 F24000
SET_VELOCITY_LIMIT ACCEL=6000 ACCEL_TO_DECEL=3000
;WIDTH:0.10848
G1 F15000
G1 X116.047 Y147.344 E.0011
;WIDTH:0.149101
G1 X115.883 Y147.213 E.00178
;WIDTH:0.189722
G1 X115.719 Y147.083 E.00246
;WIDTH:0.230343
G1 F13338.837
G1 X115.555 Y146.952 E.00314
;WIDTH:0.250654
G1 F12034.668
G1 X115.391 Y146.821 E.00348
SET_VELOCITY_LIMIT ACCEL=8000 ACCEL_TO_DECEL=4000
G1 X113.345 Y145.679 F24000
SET_VELOCITY_LIMIT ACCEL=6000 ACCEL_TO_DECEL=3000
;WIDTH:0.10848
G1 F15000
G1 X113.181 Y145.548 E.0011
;WIDTH:0.1491
G1 X113.017 Y145.417 E.00178
;WIDTH:0.189721
G1 X112.853 Y145.287 E.00246
;WIDTH:0.230342
G1 F13338.909
G1 X112.688 Y145.156 E.00314
;WIDTH:0.250652
G1 F12034.734
G1 X112.524 Y145.025 E.00348
SET_VELOCITY_LIMIT ACCEL=8000 ACCEL_TO_DECEL=4000
G1 X110.478 Y143.882 F24000
SET_VELOCITY_LIMIT ACCEL=6000 ACCEL_TO_DECEL=3000
;WIDTH:0.10848
G1 F15000
G1 X110.314 Y143.752 E.0011
;WIDTH:0.1491
G1 X110.15 Y143.621 E.00178
;WIDTH:0.189721
G1 X109.986 Y143.49 E.00246
;WIDTH:0.230342
G1 F13338.909
G1 X109.822 Y143.36 E.00314
;WIDTH:0.250652
G1 F12034.734
G1 X109.658 Y143.229 E.00348
SET_VELOCITY_LIMIT ACCEL=8000 ACCEL_TO_DECEL=4000
G1 X107.612 Y142.086 F24000
SET_VELOCITY_LIMIT ACCEL=6000 ACCEL_TO_DECEL=3000
;WIDTH:0.10848
G1 F15000
G1 X107.448 Y141.956 E.0011
;WIDTH:0.1491
G1 X107.284 Y141.825 E.00178
;WIDTH:0.189721
G1 X107.12 Y141.694 E.00246
;WIDTH:0.230342
G1 F13338.909
G1 X106.956 Y141.564 E.00314
;WIDTH:0.250652
G1 F12034.734
G1 X106.791 Y141.433 E.00348
SET_VELOCITY_LIMIT ACCEL=8000 ACCEL_TO_DECEL=4000
G1 X104.746 Y140.29 F24000
SET_VELOCITY_LIMIT ACCEL=6000 ACCEL_TO_DECEL=3000
;WIDTH:0.10848
G1 F15000
G1 X104.581 Y140.159 E.0011
;WIDTH:0.1491
G1 X104.417 Y140.029 E.00178
;WIDTH:0.189721
G1 X104.253 Y139.898 E.00246
;WIDTH:0.230342
G1 F13338.909
G1 X104.089 Y139.767 E.00314
;WIDTH:0.250652
G1 F12034.734
G1 X103.925 Y139.637 E.00348
SET_VELOCITY_LIMIT ACCEL=8000 ACCEL_TO_DECEL=4000
G1 X101.879 Y138.494 F24000
SET_VELOCITY_LIMIT ACCEL=6000 ACCEL_TO_DECEL=3000
;WIDTH:0.10848
G1 F15000
G1 X101.715 Y138.363 E.0011
;WIDTH:0.1491
G1 X101.551 Y138.233 E.00178
;WIDTH:0.189721
G1 X101.387 Y138.102 E.00246
;WIDTH:0.230342
G1 F13338.909
G1 X101.223 Y137.971 E.00314
;WIDTH:0.250652
G1 F12034.734
G1 X101.059 Y137.841 E.00348
SET_VELOCITY_LIMIT ACCEL=8000 ACCEL_TO_DECEL=4000
G1 X99.013 Y136.698 F24000
SET_VELOCITY_LIMIT ACCEL=6000 ACCEL_TO_DECEL=3000
;WIDTH:0.109706
G1 F15000
G1 X98.828 Y136.551 E.00126
;WIDTH:0.131244
G1 X98.644 Y136.404 E.00166
SET_VELOCITY_LIMIT ACCEL=8000 ACCEL_TO_DECEL=4000
G1 X97.579 Y135.8 F24000
SET_VELOCITY_LIMIT ACCEL=6000 ACCEL_TO_DECEL=3000
;WIDTH:0.109377
G1 F15000
G1 X97.404 Y135.66 E.00119
;WIDTH:0.151794
G1 X97.228 Y135.52 E.00195
;WIDTH:0.19421
G1 X97.052 Y135.38 E.00271
;WIDTH:0.236626
G1 F12906.16
G1 X96.876 Y135.24 E.00347
;WIDTH:0.279043
G1 F10587.734
G1 X96.701 Y135.1 E.00424
;WIDTH:0.300251
G1 F9715.134
G1 X96.525 Y134.96 E.00462
SET_VELOCITY_LIMIT ACCEL=8000 ACCEL_TO_DECEL=4000
G1 X97.021 Y108.252 F24000
SET_VELOCITY_LIMIT ACCEL=6000 ACCEL_TO_DECEL=3000
;WIDTH:0.291624
G1 F10052.117
G1 X96.793 Y108.056 E.00597
;WIDTH:0.250598
G1 F12037.89
G1 X96.564 Y107.86 E.00499
;WIDTH:0.209572
G1 F15000
G1 X96.336 Y107.664 E.004
;WIDTH:0.171027
G1 X96.107 Y107.468 E.00308
G1 X95.889 Y107.379 E.00241
SET_VELOCITY_LIMIT ACCEL=8000 ACCEL_TO_DECEL=4000
G1 X101.012 Y111.173 F24000
SET_VELOCITY_LIMIT ACCEL=6000 ACCEL_TO_DECEL=3000
;WIDTH:0.28974
G1 F10128.84
G1 X100.767 Y110.962 E.00637
;WIDTH:0.244947
G1 F12374.626
G1 X100.521 Y110.752 E.00521
;WIDTH:0.200153
G1 F15000
G1 X100.276 Y110.541 E.00406
;WIDTH:0.155359
G1 X100.03 Y110.331 E.0029
;WIDTH:0.132963
G1 X99.785 Y110.121 E.00232
SET_VELOCITY_LIMIT ACCEL=8000 ACCEL_TO_DECEL=4000
G1 X105.003 Y114.093 F24000
SET_VELOCITY_LIMIT ACCEL=6000 ACCEL_TO_DECEL=3000
;WIDTH:0.28974
G1 F10128.84
G1 X104.758 Y113.883 E.00637
;WIDTH:0.244947
G1 F12374.626
G1 X104.512 Y113.672 E.00521
;WIDTH:0.200153
G1 F15000
G1 X104.267 Y113.462 E.00406
;WIDTH:0.155359
G1 X104.021 Y113.252 E.0029
;WIDTH:0.132963
G1 X103.776 Y113.041 E.00232
SET_VELOCITY_LIMIT ACCEL=8000 ACCEL_TO_DECEL=4000
G1 X108.994 Y117.014 F24000
SET_VELOCITY_LIMIT ACCEL=6000 ACCEL_TO_DECEL=3000
;WIDTH:0.28974
G1 F10128.84
G1 X108.749 Y116.804 E.00637
;WIDTH:0.244947
G1 F12374.626
G1 X108.503 Y116.593 E.00521
;WIDTH:0.200153
G1 F15000
G1 X108.258 Y116.383 E.00406
;WIDTH:0.155359
G1 X108.012 Y116.172 E.0029
;WIDTH:0.132963
G1 X107.767 Y115.962 E.00232
SET_VELOCITY_LIMIT ACCEL=8000 ACCEL_TO_DECEL=4000
G1 X112.985 Y119.935 F24000
SET_VELOCITY_LIMIT ACCEL=6000 ACCEL_TO_DECEL=3000
;WIDTH:0.289742
G1 F10128.789
G1 X112.74 Y119.724 E.00637
;WIDTH:0.244948
G1 F12374.565
G1 X112.494 Y119.514 E.00521
;WIDTH:0.200154
G1 F15000
G1 X112.249 Y119.304 E.00406
;WIDTH:0.15536
G1 X112.003 Y119.093 E.0029
;WIDTH:0.132963
G1 X111.758 Y118.883 E.00232
SET_VELOCITY_LIMIT ACCEL=8000 ACCEL_TO_DECEL=4000
G1 X116.976 Y122.855 F24000
SET_VELOCITY_LIMIT ACCEL=6000 ACCEL_TO_DECEL=3000
;WIDTH:0.291587
G1 F10053.627
G1 X116.753 Y122.664 E.00585
;WIDTH:0.250486
G1 F12044.365
G1 X116.529 Y122.472 E.00488
;WIDTH:0.209386
G1 F15000
G1 X116.305 Y122.28 E.00392
;WIDTH:0.168285
G1 X116.081 Y122.088 E.00295
;WIDTH:0.127185
G1 X115.858 Y121.897 E.00198
;WIDTH:0.106634
G1 X115.749 Y121.804 E.00073
SET_VELOCITY_LIMIT ACCEL=8000 ACCEL_TO_DECEL=4000
G1 X120.967 Y125.776 F24000
SET_VELOCITY_LIMIT ACCEL=6000 ACCEL_TO_DECEL=3000
;WIDTH:0.28974
G1 F10128.84
G1 X120.722 Y125.566 E.00637
;WIDTH:0.244947
G1 F12374.626
G1 X120.476 Y125.355 E.00521
;WIDTH:0.200153
G1 F15000
G1 X120.231 Y125.145 E.00406
;WIDTH:0.155359
G1 X119.985 Y124.935 E.0029
;WIDTH:0.132963
G1 X119.74 Y124.724 E.00232
SET_VELOCITY_LIMIT ACCEL=8000 ACCEL_TO_DECEL=4000
G1 X124.958 Y128.697 F24000
SET_VELOCITY_LIMIT ACCEL=6000 ACCEL_TO_DECEL=3000
;WIDTH:0.28974
G1 F10128.84
G1 X124.713 Y128.487 E.00637
;WIDTH:0.244947
G1 F12374.626
G1 X124.467 Y128.276 E.00521
;WIDTH:0.200153
G1 F15000
G1 X124.222 Y128.066 E.00406
;WIDTH:0.155359
G1 X123.976 Y127.855 E.0029
;WIDTH:0.132963
G1 X123.731 Y127.645 E.00232
SET_VELOCITY_LIMIT ACCEL=8000 ACCEL_TO_DECEL=4000
G1 X128.949 Y131.618 F24000
SET_VELOCITY_LIMIT ACCEL=6000 ACCEL_TO_DECEL=3000
;WIDTH:0.28974
G1 F10128.836
G1 X128.704 Y131.407 E.00637
;WIDTH:0.244947
G1 F12374.62
G1 X128.458 Y131.197 E.00521
;WIDTH:0.200153
G1 F15000
G1 X128.213 Y130.987 E.00406
;WIDTH:0.155359
G1 X127.967 Y130.776 E.0029
;WIDTH:0.132963
G1 X127.722 Y130.566 E.00232
SET_VELOCITY_LIMIT ACCEL=8000 ACCEL_TO_DECEL=4000
G1 X132.944 Y134.542 F24000
SET_VELOCITY_LIMIT ACCEL=6000 ACCEL_TO_DECEL=3000
;WIDTH:0.289778
G1 F10127.278
G1 X132.698 Y134.331 E.00638
;WIDTH:0.244976
G1 F12372.805
G1 X132.452 Y134.12 E.00522
;WIDTH:0.200174
G1 F15000
G1 X132.206 Y133.91 E.00406
;WIDTH:0.155372
G1 X131.961 Y133.699 E.00291
;WIDTH:0.132971
G1 X131.715 Y133.489 E.00233
G1 E-.8 F2400
;WIPE_START
G1 F15000
G1 X131.961 Y133.699
;WIPE_END
SET_VELOCITY_LIMIT ACCEL=8000 ACCEL_TO_DECEL=4000
G1 X138.215 Y129.324 Z23.8 F24000
G1 X164.551 Y110.903 Z23.8
G1 Z23.4
G1 E.8 F2400
SET_VELOCITY_LIMIT ACCEL=6000 ACCEL_TO_DECEL=3000
;TYPE:Internal solid infill
;WIDTH:0.567971
G1 F4761.444
G1 X165.369 Y111.775 E.05013
;WIDTH:0.526849
G1 F5166.053
G1 X166.187 Y112.648 E.0462
;WIDTH:0.485726
G1 F5645.813
G1 X167.005 Y113.52 E.04228
;WIDTH:0.444604
G1 F6223.803
G1 X167.823 Y114.392 E.03835
;WIDTH:0.424043
G1 F6559.573
G1 X168.641 Y115.265 E.03639
G1 E-.8 F2400
;WIPE_START
G1 F6559.573
G1 X167.823 Y114.392
;WIPE_END
SET_VELOCITY_LIMIT ACCEL=8000 ACCEL_TO_DECEL=4000
G1 X160.725 Y117.197 Z23.8 F24000
G1 X139.298 Y125.663 Z23.8
G1 Z23.4
G1 E.8 F2400
SET_VELOCITY_LIMIT ACCEL=4000 ACCEL_TO_DECEL=2000 SQUARE_CORNER_VELOCITY=6
;TYPE:Outer wall
;WIDTH:0.42
G1 F6629.9
G1 X139.113 Y125.453 E.00843
G1 X161.328 Y105.922 E.89036
G1 X161.513 Y106.132 E.00843
G1 X139.343 Y125.624 E.88856
;TIME_ELAPSED:2201.596191

;LAYER_CHANGE
;:23.6
;HEIGHT:0.200001
;BEFORE_LAYER_CHANGE
;23.6
G92 E0

G1 E-.8 F2400
;WIPE_START
G1 F6629.9
G1 X139.113 Y125.453
G1 X140.4 Y124.321
;WIPE_END
EXCLUDE_OBJECT_END NAME=arm.stl_id_0_copy_0
;_SET_FAN_SPEED_CHANGING_LAYER
; OBJECT_ID: 15
EXCLUDE_OBJECT_START NAME=arm.stl_id_0_copy_0
SET_VELOCITY_LIMIT ACCEL=8000 ACCEL_TO_DECEL=4000 SQUARE_CORNER_VELOCITY=8
G1 X132.956 Y126.009 Z23.8 F24000
G1 X91.031 Y135.516 Z23.8
G1 Z23.6
G1 E.8 F2400
SET_VELOCITY_LIMIT ACCEL=4000 ACCEL_TO_DECEL=2000 SQUARE_CORNER_VELOCITY=6
G1 F6629.9
G1 X90.951 Y135.518 E.00241
G1 X90.269 Y105.946 E.89036
G1 X90.349 Y105.944 E.00241
G1 X90.413 Y108.739 E.08416
G1 X91.029 Y135.456 E.8044
G1 E-.8 F2400
;WIPE_START
G1 F6629.9
G1 X90.951 Y135.518
G1 X90.907 Y133.619
;WIPE_END
SET_VELOCITY_LIMIT ACCEL=8000 ACCEL_TO_DECEL=4000 SQUARE_CORNER_VELOCITY=8
G1 X98.533 Y133.922 Z24 F24000
G1 X135.954 Y135.409 Z24
G1 Z23.6
G1 E.8 F2400
SET_VELOCITY_LIMIT ACCEL=4000 ACCEL_TO_DECEL=2000 SQUARE_CORNER_VELOCITY=6
;TYPE:Inner wall
;WIDTH:0.45
G1 F6141.304
G1 X164.594 Y110.23 E1.23917
G1 X169.081 Y115.334 E.22083
G1 X125.56 Y153.597 E1.88305
G1 X96.329 Y135.28 E1.12093
G1 X95.673 Y106.833 E.92462
G1 X130.972 Y132.667 E1.42141
G1 X135.393 Y135.903 E.17803
G1 X135.909 Y135.449 E.02233
SET_VELOCITY_LIMIT ACCEL=8000 ACCEL_TO_DECEL=4000 SQUARE_CORNER_VELOCITY=8
G1 X135.37 Y135.4 F24000
SET_VELOCITY_LIMIT ACCEL=4000 ACCEL_TO_DECEL=2000 SQUARE_CORNER_VELOCITY=6
;TYPE:Outer wall
;WIDTH:0.42
G1 F6629.9
G1 X164.629 Y109.677 E1.17266
G1 X169.634 Y115.37 E.22816
G1 X125.599 Y154.084 E1.76488
G1 X95.942 Y135.5 E1.05347
G1 X95.263 Y106.047 E.88678
G1 X131.204 Y132.35 E1.3406
G1 X135.322 Y135.365 E.15362
G1 E-.8 F2400
;WIPE_START
G1 F6629.9
G1 X136.826 Y134.047
;WIPE_END
SET_VELOCITY_LIMIT ACCEL=8000 ACCEL_TO_DECEL=4000 SQUARE_CORNER_VELOCITY=8
G1 X143.733 Y130.799 Z24 F24000
G1 X159.881 Y123.204 Z24
G1 Z23.6
G1 E.8 F2400
SET_VELOCITY_LIMIT ACCEL=6000 ACCEL_TO_DECEL=3000
;TYPE:Internal solid infill
;WIDTH:0.420537
G1 F6620.464
G1 X168.223 Y114.863 E.35558
G1 X167.973 Y114.579 E.01141
G1 X157.332 Y125.22 E.45362
G1 X152.912 Y129.105 E.17738
G1 X167.723 Y114.295 E.63136
G1 X167.473 Y114.01 E.01141
G1 X148.493 Y132.991 E.8091
G1 X144.074 Y136.876 E.17738
G1 X167.223 Y113.726 E.98685
G1 X166.974 Y113.442 E.01141
G1 X139.654 Y140.761 E1.16459
G1 X135.235 Y144.647 E.17738
G1 X166.724 Y113.158 E1.34233
G1 X166.474 Y112.874 E.01141
G1 X130.815 Y148.532 E1.52007
G1 X126.396 Y152.417 E.17738
G1 X166.224 Y112.589 E1.69781
G1 X165.974 Y112.305 E.01141
G1 X125.262 Y153.017 E1.73549
G1 X124.934 Y152.811 E.01168
G1 X165.724 Y112.021 E1.73883
G1 X165.475 Y111.737 E.01141
G1 X124.606 Y152.606 E1.74218
G1 X124.277 Y152.4 E.01168
G1 X165.225 Y111.453 E1.74552
G1 X164.975 Y111.169 E.01141
G1 X123.949 Y152.194 E1.74887
G1 X123.621 Y151.988 E.01168
G1 X164.725 Y110.884 E1.75221
G1 X164.564 Y110.701 E.00737
G1 X162.999 Y112.076 E.0628
G1 X123.293 Y151.783 E1.69263
G1 X122.964 Y151.577 E.01168
G1 X158.58 Y115.962 E1.51823
G1 X154.16 Y119.847 E.17738
G1 X122.636 Y151.371 E1.34384
G1 X122.308 Y151.166 E.01168
G1 X149.741 Y123.732 E1.16944
G1 X145.321 Y127.618 E.17738
G1 X121.979 Y150.96 E.99504
G1 X121.651 Y150.754 E.01168
G1 X140.902 Y131.503 E.82065
G1 X136.483 Y135.388 E.17738
G1 X121.323 Y150.548 E.64625
G1 X120.994 Y150.343 E.01168
G1 X135.178 Y136.159 E.60464
G1 X134.87 Y135.933 E.01152
G1 X120.666 Y150.137 E.60549
G1 X120.338 Y149.931 E.01168
G1 X134.562 Y135.707 E.60635
G1 X134.253 Y135.482 E.01152
G1 X120.01 Y149.725 E.6072
G1 X119.681 Y149.52 E.01168
G1 X133.945 Y135.256 E.60805
G1 X133.637 Y135.03 E.01152
G1 X119.353 Y149.314 E.6089
M73 P94 R1
G1 X119.025 Y149.108 E.01168
G1 X133.328 Y134.804 E.60975
G1 X133.02 Y134.579 E.01152
G1 X118.696 Y148.903 E.61061
G1 X118.368 Y148.697 E.01168
G1 X132.712 Y134.353 E.61146
G1 X132.403 Y134.127 E.01152
G1 X118.04 Y148.491 E.61231
G1 X117.711 Y148.285 E.01168
G1 X132.095 Y133.902 E.61316
G1 X131.787 Y133.676 E.01152
G1 X117.383 Y148.08 E.61401
G1 X117.055 Y147.874 E.01168
G1 X131.478 Y133.45 E.61487
G1 X131.17 Y133.225 E.01152
G1 X116.726 Y147.668 E.61572
G1 X116.398 Y147.463 E.01168
G1 X130.862 Y132.999 E.61657
G1 X130.553 Y132.773 E.01152
G1 X116.07 Y147.257 E.61742
G1 X115.742 Y147.051 E.01168
G1 X130.245 Y132.547 E.61827
G1 X129.937 Y132.322 E.01152
G1 X115.413 Y146.845 E.61912
M73 P95 R1
G1 X115.085 Y146.64 E.01168
G1 X129.628 Y132.096 E.61997
G1 X129.32 Y131.87 E.01152
G1 X114.757 Y146.434 E.62082
G1 X114.428 Y146.228 E.01168
G1 X129.012 Y131.645 E.62167
G1 X128.703 Y131.419 E.01152
G1 X114.1 Y146.022 E.62252
G1 X113.772 Y145.817 E.01168
G1 X128.395 Y131.193 E.62337
G1 X128.087 Y130.968 E.01152
G1 X113.443 Y145.611 E.62422
G1 X113.115 Y145.405 E.01168
G1 X127.778 Y130.742 E.62507
G1 X127.47 Y130.516 E.01152
G1 X112.787 Y145.2 E.62592
G1 X112.458 Y144.994 E.01168
G1 X127.162 Y130.291 E.62677
G1 X126.853 Y130.065 E.01152
G1 X112.13 Y144.788 E.62762
G1 X111.802 Y144.582 E.01168
G1 X126.545 Y129.839 E.62847
G1 X126.236 Y129.614 E.01152
G1 X111.474 Y144.377 E.62932
G1 X111.145 Y144.171 E.01168
G1 X125.928 Y129.388 E.63017
G1 X125.62 Y129.162 E.01152
G1 X110.817 Y143.965 E.63102
G1 X110.489 Y143.759 E.01168
G1 X125.311 Y128.937 E.63187
G1 X125.003 Y128.711 E.01152
G1 X110.16 Y143.554 E.63272
G1 X109.832 Y143.348 E.01168
G1 X124.695 Y128.485 E.63358
G1 X124.386 Y128.26 E.01152
G1 X109.504 Y143.142 E.63443
G1 X109.175 Y142.937 E.01168
G1 X124.078 Y128.034 E.63528
G1 X123.77 Y127.808 E.01152
G1 X108.847 Y142.731 E.63613
G1 X108.519 Y142.525 E.01168
G1 X123.461 Y127.583 E.63698
G1 X123.153 Y127.357 E.01152
G1 X108.19 Y142.319 E.63783
G1 X107.862 Y142.114 E.01168
G1 X122.844 Y127.131 E.63868
G1 X122.536 Y126.906 E.01152
G1 X107.534 Y141.908 E.63953
G1 X107.206 Y141.702 E.01168
G1 X122.228 Y126.68 E.64038
G1 X121.919 Y126.454 E.01152
G1 X106.877 Y141.497 E.64123
G1 X106.549 Y141.291 E.01168
G1 X121.611 Y126.229 E.64208
G1 X121.303 Y126.003 E.01152
G1 X106.221 Y141.085 E.64293
G1 X105.892 Y140.879 E.01168
G1 X120.994 Y125.777 E.64378
G1 X120.686 Y125.552 E.01152
G1 X105.564 Y140.674 E.64463
G1 X105.236 Y140.468 E.01168
G1 X120.378 Y125.326 E.64548
G1 X120.069 Y125.1 E.01152
G1 X104.907 Y140.262 E.64633
G1 X104.579 Y140.056 E.01168
G1 X119.761 Y124.875 E.64718
G1 X119.453 Y124.649 E.01152
G1 X104.251 Y139.851 E.64803
G1 X103.922 Y139.645 E.01168
G1 X119.144 Y124.423 E.64888
G1 X118.836 Y124.198 E.01152
G1 X103.594 Y139.439 E.64973
G1 X103.266 Y139.234 E.01168
G1 X118.527 Y123.972 E.65058
G1 X118.219 Y123.746 E.01152
G1 X102.938 Y139.028 E.65143
G1 X102.609 Y138.822 E.01168
G1 X117.911 Y123.521 E.65228
G1 X117.602 Y123.295 E.01152
G1 X102.281 Y138.616 E.65313
G1 X101.953 Y138.411 E.01168
G1 X117.294 Y123.069 E.65398
G1 X116.986 Y122.844 E.01152
G1 X101.624 Y138.205 E.65483
G1 X101.296 Y137.999 E.01168
G1 X116.677 Y122.618 E.65568
G1 X116.369 Y122.392 E.01152
G1 X100.968 Y137.793 E.65653
G1 X100.639 Y137.588 E.01168
G1 X116.061 Y122.167 E.65738
G1 X115.752 Y121.941 E.01152
G1 X100.311 Y137.382 E.65823
G1 X99.983 Y137.176 E.01168
G1 X115.444 Y121.715 E.65908
G1 X115.135 Y121.49 E.01152
G1 X99.654 Y136.971 E.65993
G1 X99.326 Y136.765 E.01168
G1 X114.827 Y121.264 E.66078
G1 X114.519 Y121.038 E.01152
G1 X98.998 Y136.559 E.66163
G1 X98.67 Y136.353 E.01168
G1 X114.21 Y120.813 E.66249
G1 X113.902 Y120.587 E.01152
G1 X98.341 Y136.148 E.66334
G1 X98.013 Y135.942 E.01168
G1 X113.594 Y120.361 E.66419
G1 X113.285 Y120.136 E.01152
G1 X97.685 Y135.736 E.66504
G1 X97.356 Y135.531 E.01168
G1 X112.977 Y119.91 E.66589
G1 X112.669 Y119.684 E.01152
G1 X97.028 Y135.325 E.66674
G1 X96.7 Y135.119 E.01168
G1 X112.36 Y119.459 E.66759
G1 X112.052 Y119.233 E.01152
G1 X96.647 Y134.638 E.65668
G1 X96.635 Y134.116 E.01574
G1 X111.744 Y119.007 E.64405
G1 X111.435 Y118.782 E.01152
G1 X96.623 Y133.594 E.63142
G1 X96.611 Y133.072 E.01574
G1 X111.127 Y118.556 E.61878
G1 X110.818 Y118.33 E.01152
G1 X96.599 Y132.55 E.60615
G1 X96.587 Y132.028 E.01574
G1 X110.51 Y118.105 E.59352
G1 X110.202 Y117.879 E.01152
G1 X96.575 Y131.506 E.58089
G1 X96.563 Y130.984 E.01574
G1 X109.893 Y117.653 E.56826
G1 X109.585 Y117.428 E.01152
G1 X96.551 Y130.462 E.55562
G1 X96.539 Y129.94 E.01574
G1 X109.277 Y117.202 E.54299
G1 X108.968 Y116.976 E.01152
G1 X96.527 Y129.418 E.53036
G1 X96.515 Y128.896 E.01574
G1 X108.66 Y116.751 E.51773
G1 X108.352 Y116.525 E.01152
G1 X96.503 Y128.374 E.5051
G1 X96.491 Y127.852 E.01574
G1 X108.043 Y116.299 E.49246
G1 X107.735 Y116.073 E.01152
G1 X96.479 Y127.33 E.47983
G1 X96.467 Y126.808 E.01574
G1 X107.426 Y115.848 E.4672
G1 X107.118 Y115.622 E.01152
G1 X96.455 Y126.286 E.45457
G1 X96.443 Y125.764 E.01574
G1 X106.81 Y115.396 E.44194
G1 X106.501 Y115.171 E.01152
G1 X96.431 Y125.242 E.4293
G1 X96.419 Y124.72 E.01574
G1 X106.193 Y114.945 E.41667
G1 X105.885 Y114.719 E.01152
G1 X96.407 Y124.198 E.40404
G1 X96.394 Y123.676 E.01574
G1 X105.576 Y114.494 E.39141
G1 X105.268 Y114.268 E.01152
G1 X96.382 Y123.154 E.37878
G1 X96.37 Y122.632 E.01574
G1 X104.96 Y114.042 E.36614
G1 X104.651 Y113.817 E.01152
G1 X96.358 Y122.11 E.35351
G1 X96.346 Y121.588 E.01574
G1 X104.343 Y113.591 E.34088
G1 X104.035 Y113.365 E.01152
G1 X96.334 Y121.066 E.32825
G1 X96.322 Y120.544 E.01574
G1 X103.726 Y113.14 E.31562
G1 X103.418 Y112.914 E.01152
G1 X96.31 Y120.022 E.30298
G1 X96.298 Y119.5 E.01574
G1 X103.109 Y112.688 E.29035
G1 X102.801 Y112.463 E.01152
G1 X96.286 Y118.978 E.27772
G1 X96.274 Y118.456 E.01574
G1 X102.493 Y112.237 E.26509
G1 X102.184 Y112.011 E.01152
G1 X96.262 Y117.934 E.25246
G1 X96.25 Y117.412 E.01574
G1 X101.876 Y111.786 E.23982
G1 X101.568 Y111.56 E.01152
G1 X96.238 Y116.89 E.22719
G1 X96.226 Y116.368 E.01574
G1 X101.259 Y111.334 E.21456
G1 X100.951 Y111.109 E.01152
G1 X96.214 Y115.846 E.20193
G1 X96.202 Y115.324 E.01574
G1 X100.643 Y110.883 E.1893
G1 X100.334 Y110.657 E.01152
G1 X96.19 Y114.802 E.17666
G1 X96.178 Y114.28 E.01574
G1 X100.026 Y110.432 E.16403
G1 X99.717 Y110.206 E.01152
G1 X96.166 Y113.758 E.1514
G1 X96.154 Y113.236 E.01574
G1 X99.409 Y109.98 E.13877
G1 X99.101 Y109.755 E.01152
G1 X95.976 Y112.88 E.13321
G1 E-.8 F2400
;WIPE_START
G1 F6620.464
G1 X97.39 Y111.465
;WIPE_END
SET_VELOCITY_LIMIT ACCEL=8000 ACCEL_TO_DECEL=4000
G1 X105.02 Y111.654 Z24 F24000
G1 X161.721 Y113.056 Z24
G1 Z23.6
G1 E.8 F2400
SET_VELOCITY_LIMIT ACCEL=6000 ACCEL_TO_DECEL=3000
;TYPE:Gap infill
;WIDTH:0.109137
G1 F15000
G1 X161.224 Y113.523 E.0036
;WIDTH:0.151074
G1 X160.727 Y113.989 E.00589
;WIDTH:0.193011
G1 X160.229 Y114.455 E.00817
;WIDTH:0.234949
G1 F13018.905
G1 X159.732 Y114.921 E.01045
;WIDTH:0.276886
G1 F10685.323
G1 X159.235 Y115.388 E.01273
;WIDTH:0.297855
G1 F9806.442
G1 X158.738 Y115.854 E.01387
SET_VELOCITY_LIMIT ACCEL=8000 ACCEL_TO_DECEL=4000
G1 X159.8 Y123.123 F24000
SET_VELOCITY_LIMIT ACCEL=6000 ACCEL_TO_DECEL=3000
;WIDTH:0.162217
G1 F15000
G1 X159.205 Y123.682 E.00777
;WIDTH:0.137534
G1 X158.61 Y124.24 E.00616
SET_VELOCITY_LIMIT ACCEL=8000 ACCEL_TO_DECEL=4000
G1 X152.882 Y120.827 F24000
SET_VELOCITY_LIMIT ACCEL=6000 ACCEL_TO_DECEL=3000
;WIDTH:0.109137
G1 F15000
G1 X152.385 Y121.293 E.0036
;WIDTH:0.151074
G1 X151.888 Y121.76 E.00589
;WIDTH:0.193012
G1 X151.391 Y122.226 E.00817
;WIDTH:0.234949
G1 F13018.857
G1 X150.893 Y122.692 E.01045
;WIDTH:0.276887
G1 F10685.282
G1 X150.396 Y123.158 E.01273
;WIDTH:0.297856
G1 F9806.402
G1 X149.899 Y123.625 E.01387
SET_VELOCITY_LIMIT ACCEL=8000 ACCEL_TO_DECEL=4000
G1 X152.754 Y129.213 F24000
SET_VELOCITY_LIMIT ACCEL=6000 ACCEL_TO_DECEL=3000
;WIDTH:0.318825
G1 F9061.113
G1 X152.257 Y129.679 E.01501
;WIDTH:0.276887
G1 F10685.279
G1 X151.76 Y130.146 E.01273
;WIDTH:0.23495
G1 F13018.854
G1 X151.263 Y130.612 E.01045
;WIDTH:0.193012
G1 F15000
G1 X150.765 Y131.078 E.00817
;WIDTH:0.151074
G1 X150.268 Y131.544 E.00589
;WIDTH:0.130106
G1 X149.771 Y132.011 E.00474
SET_VELOCITY_LIMIT ACCEL=8000 ACCEL_TO_DECEL=4000
G1 X144.044 Y128.598 F24000
SET_VELOCITY_LIMIT ACCEL=6000 ACCEL_TO_DECEL=3000
;WIDTH:0.109137
G1 F15000
G1 X143.546 Y129.064 E.0036
;WIDTH:0.151074
G1 X143.049 Y129.53 E.00589
;WIDTH:0.193012
G1 X142.552 Y129.997 E.00817
;WIDTH:0.23495
G1 F13018.857
G1 X142.055 Y130.463 E.01045
;WIDTH:0.276887
G1 F10685.282
G1 X141.557 Y130.929 E.01273
;WIDTH:0.297856
G1 F9806.402
G1 X141.06 Y131.395 E.01387
SET_VELOCITY_LIMIT ACCEL=8000 ACCEL_TO_DECEL=4000
G1 X143.916 Y136.984 F24000
SET_VELOCITY_LIMIT ACCEL=6000 ACCEL_TO_DECEL=3000
;WIDTH:0.318823
G1 F9061.152
G1 X143.418 Y137.45 E.01501
;WIDTH:0.276886
G1 F10685.325
G1 X142.921 Y137.916 E.01273
;WIDTH:0.234949
G1 F13018.907
G1 X142.424 Y138.383 E.01045
;WIDTH:0.193011
G1 F15000
G1 X141.927 Y138.849 E.00817
;WIDTH:0.151074
G1 X141.429 Y139.315 E.00589
;WIDTH:0.130105
G1 X140.932 Y139.781 E.00474
SET_VELOCITY_LIMIT ACCEL=8000 ACCEL_TO_DECEL=4000
G1 X135.077 Y144.754 F24000
SET_VELOCITY_LIMIT ACCEL=6000 ACCEL_TO_DECEL=3000
;WIDTH:0.318825
G1 F9061.113
G1 X134.58 Y145.221 E.01501
;WIDTH:0.276887
G1 F10685.279
G1 X134.082 Y145.687 E.01273
;WIDTH:0.23495
G1 F13018.854
G1 X133.585 Y146.153 E.01045
;WIDTH:0.193012
G1 F15000
G1 X133.088 Y146.62 E.00817
;WIDTH:0.151074
G1 X132.591 Y147.086 E.00589
;WIDTH:0.130106
G1 X132.093 Y147.552 E.00474
SET_VELOCITY_LIMIT ACCEL=8000 ACCEL_TO_DECEL=4000
G1 X126.238 Y152.525 F24000
SET_VELOCITY_LIMIT ACCEL=6000 ACCEL_TO_DECEL=3000
;WIDTH:0.326522
G1 F8815.173
G1 X125.837 Y152.902 E.01246
;WIDTH:0.313252
G1 F9247.887
G1 X125.435 Y153.278 E.01188
SET_VELOCITY_LIMIT ACCEL=8000 ACCEL_TO_DECEL=4000
G1 X163.233 Y120.138 F24000
SET_VELOCITY_LIMIT ACCEL=6000 ACCEL_TO_DECEL=3000
;TYPE:Internal solid infill
;WIDTH:0.404471
G1 F6914.669
G1 X164.258 Y119.177 E.04056
;WIDTH:0.447571
G1 F6178.169
G1 X165.283 Y118.215 E.04539
;WIDTH:0.490671
G1 F5583.461
G1 X166.308 Y117.254 E.05023
;WIDTH:0.533772
G1 F5093.191
G1 X167.333 Y116.293 E.05506
;WIDTH:0.555322
G1 F4878.986
G1 X168.358 Y115.332 E.05748
G1 E-.8 F2400
;WIPE_START
G1 F4878.986
G1 X167.333 Y116.293
;WIPE_END
SET_VELOCITY_LIMIT ACCEL=8000 ACCEL_TO_DECEL=4000
G1 X159.734 Y115.574 Z24 F24000
G1 X97.546 Y109.689 Z24
G1 Z23.6
G1 E.8 F2400
SET_VELOCITY_LIMIT ACCEL=6000 ACCEL_TO_DECEL=3000
;WIDTH:0.523646
G1 F5200.468
G1 X96.927 Y109.235 E.02947
G1 X96.951 Y110.284 E.04027
G1 X97.504 Y109.731 E.03002
SET_VELOCITY_LIMIT ACCEL=8000 ACCEL_TO_DECEL=4000
G1 X98.204 Y109.638 F24000
SET_VELOCITY_LIMIT ACCEL=6000 ACCEL_TO_DECEL=3000
;WIDTH:0.419999
G1 F6629.911
G1 X96.478 Y108.375 E.06437
G1 X96.545 Y111.297 E.08796
G1 X98.161 Y109.681 E.06879
SET_VELOCITY_LIMIT ACCEL=8000 ACCEL_TO_DECEL=4000
G1 X98.781 Y109.594 F24000
SET_VELOCITY_LIMIT ACCEL=6000 ACCEL_TO_DECEL=3000
G1 F6629.911
G1 X96.083 Y107.619 E.10064
G1 X96.188 Y112.187 E.13752
G1 X98.739 Y109.636 E.10857
G1 E-.8 F2400
;WIPE_START
G1 F6629.911
G1 X97.325 Y111.05
;WIPE_END
SET_VELOCITY_LIMIT ACCEL=8000 ACCEL_TO_DECEL=4000
G1 X104.538 Y113.544 Z24 F24000
G1 X139.166 Y125.513 Z24
G1 Z23.6
G1 E.8 F2400
SET_VELOCITY_LIMIT ACCEL=4000 ACCEL_TO_DECEL=2000 SQUARE_CORNER_VELOCITY=6
;TYPE:Outer wall
;WIDTH:0.42
G1 F6629.9
G1 X139.113 Y125.453 E.00241
G1 X161.328 Y105.922 E.89036
G1 X161.381 Y105.982 E.00241
G1 X139.211 Y125.473 E.88856
;TIME_ELAPSED:2243.600098

M106 S191
;LAYER_CHANGE
;:23.8
;HEIGHT:0.199999
;BEFORE_LAYER_CHANGE
;23.8
G92 E0

G1 E-.8 F2400
;WIPE_START
G1 F6629.9
G1 X139.113 Y125.453
G1 X140.54 Y124.198
;WIPE_END
EXCLUDE_OBJECT_END NAME=arm.stl_id_0_copy_0
;_SET_FAN_SPEED_CHANGING_LAYER
; OBJECT_ID: 15
EXCLUDE_OBJECT_START NAME=arm.stl_id_0_copy_0
SET_VELOCITY_LIMIT ACCEL=8000 ACCEL_TO_DECEL=4000 SQUARE_CORNER_VELOCITY=8
G1 X137.65 Y131.263 Z24 F24000
G1 X135.954 Y135.409 Z24
G1 Z23.8
G1 E.8 F2400
SET_VELOCITY_LIMIT ACCEL=4000 ACCEL_TO_DECEL=2000 SQUARE_CORNER_VELOCITY=6
;TYPE:Inner wall
;WIDTH:0.45
G1 F6141.304
G1 X164.594 Y110.23 E1.23917
G1 X169.081 Y115.334 E.22083
G1 X125.56 Y153.597 E1.88305
M73 P96 R1
G1 X96.329 Y135.28 E1.12093
G1 X95.673 Y106.833 E.92462
G1 X132.584 Y133.847 E1.48634
G1 X135.393 Y135.903 E.1131
G1 X135.909 Y135.449 E.02233
SET_VELOCITY_LIMIT ACCEL=8000 ACCEL_TO_DECEL=4000 SQUARE_CORNER_VELOCITY=8
G1 X135.37 Y135.4 F24000
SET_VELOCITY_LIMIT ACCEL=4000 ACCEL_TO_DECEL=2000 SQUARE_CORNER_VELOCITY=6
;TYPE:Outer wall
;WIDTH:0.42
G1 F6629.9
G1 X164.629 Y109.677 E1.17266
G1 X169.634 Y115.37 E.22816
G1 X125.599 Y154.084 E1.76488
G1 X95.942 Y135.5 E1.05347
G1 X95.263 Y106.047 E.88678
G1 X132.816 Y133.53 E1.40074
G1 X135.322 Y135.365 E.09348
G1 E-.8 F2400
;WIPE_START
G1 F6629.9
G1 X136.826 Y134.047
;WIPE_END
SET_VELOCITY_LIMIT ACCEL=8000 ACCEL_TO_DECEL=4000 SQUARE_CORNER_VELOCITY=8
G1 X142.644 Y129.106 Z24.2 F24000
G1 X164.01 Y110.962 Z24.2
G1 Z23.8
G1 E.8 F2400
SET_VELOCITY_LIMIT ACCEL=6000 ACCEL_TO_DECEL=3000
;TYPE:Internal solid infill
;WIDTH:0.421314
G1 F6606.87
G1 X168.473 Y115.425 E.19065
G1 X168.188 Y115.675 E.01145
G1 X163.845 Y111.332 E.18552
G1 X163.56 Y111.583 E.01145
G1 X167.903 Y115.926 E.18552
G1 X167.619 Y116.176 E.01145
G1 X163.276 Y111.833 E.18552
G1 X162.991 Y112.084 E.01145
G1 X167.334 Y116.427 E.18552
G1 X167.049 Y116.677 E.01145
G1 X162.706 Y112.334 E.18552
G1 X162.421 Y112.584 E.01145
G1 X166.764 Y116.927 E.18552
G1 X166.48 Y117.178 E.01145
G1 X162.136 Y112.835 E.18552
G1 X161.852 Y113.085 E.01145
G1 X166.195 Y117.428 E.18552
G1 X165.91 Y117.678 E.01145
G1 X161.567 Y113.335 E.18552
G1 X161.282 Y113.586 E.01145
G1 X165.625 Y117.929 E.18552
G1 X165.34 Y118.179 E.01145
G1 X160.997 Y113.836 E.18552
G1 X160.713 Y114.086 E.01145
G1 X165.056 Y118.429 E.18552
G1 X164.771 Y118.68 E.01145
G1 X160.428 Y114.337 E.18552
G1 X160.143 Y114.587 E.01145
G1 X164.486 Y118.93 E.18552
G1 X164.201 Y119.181 E.01145
G1 X159.858 Y114.837 E.18552
G1 X159.574 Y115.088 E.01145
G1 X163.917 Y119.431 E.18552
G1 X163.632 Y119.681 E.01145
G1 X159.289 Y115.338 E.18552
G1 X159.004 Y115.589 E.01145
G1 X163.347 Y119.932 E.18552
G1 X163.062 Y120.182 E.01145
G1 X158.719 Y115.839 E.18552
G1 X158.434 Y116.089 E.01145
G1 X162.777 Y120.432 E.18552
G1 X162.493 Y120.683 E.01145
G1 X158.15 Y116.34 E.18552
G1 X157.865 Y116.59 E.01145
G1 X162.208 Y120.933 E.18552
G1 X161.923 Y121.183 E.01145
G1 X157.58 Y116.84 E.18552
G1 X157.295 Y117.091 E.01145
G1 X161.638 Y121.434 E.18552
G1 X161.354 Y121.684 E.01145
G1 X157.011 Y117.341 E.18552
G1 X156.726 Y117.591 E.01145
G1 X161.069 Y121.934 E.18552
G1 X160.784 Y122.185 E.01145
G1 X156.441 Y117.842 E.18552
G1 X156.156 Y118.092 E.01145
G1 X160.499 Y122.435 E.18552
G1 X160.215 Y122.686 E.01145
G1 X155.872 Y118.343 E.18552
G1 X155.587 Y118.593 E.01145
G1 X159.93 Y122.936 E.18552
G1 X159.645 Y123.186 E.01145
G1 X155.302 Y118.843 E.18552
G1 X155.017 Y119.094 E.01145
G1 X159.36 Y123.437 E.18552
G1 X159.075 Y123.687 E.01145
G1 X154.732 Y119.344 E.18552
G1 X154.448 Y119.594 E.01145
G1 X158.791 Y123.937 E.18552
G1 X158.506 Y124.188 E.01145
G1 X154.163 Y119.845 E.18552
G1 X153.878 Y120.095 E.01145
G1 X158.221 Y124.438 E.18552
G1 X157.936 Y124.688 E.01145
G1 X153.593 Y120.345 E.18552
G1 X153.309 Y120.596 E.01145
G1 X157.652 Y124.939 E.18552
G1 X157.367 Y125.189 E.01145
G1 X153.024 Y120.846 E.18552
G1 X152.739 Y121.096 E.01145
G1 X157.082 Y125.439 E.18552
G1 X156.797 Y125.69 E.01145
G1 X152.454 Y121.347 E.18552
G1 X152.17 Y121.597 E.01145
G1 X156.513 Y125.94 E.18552
G1 X156.228 Y126.191 E.01145
G1 X151.885 Y121.848 E.18552
G1 X151.6 Y122.098 E.01145
G1 X155.943 Y126.441 E.18552
G1 X155.658 Y126.691 E.01145
G1 X151.315 Y122.348 E.18552
G1 X151.03 Y122.599 E.01145
G1 X155.373 Y126.942 E.18552
G1 X155.089 Y127.192 E.01145
G1 X150.746 Y122.849 E.18552
G1 X150.461 Y123.099 E.01145
G1 X154.804 Y127.442 E.18552
G1 X154.519 Y127.693 E.01145
G1 X150.176 Y123.35 E.18552
G1 X149.891 Y123.6 E.01145
G1 X154.234 Y127.943 E.18552
G1 X153.95 Y128.193 E.01145
G1 X149.607 Y123.85 E.18552
G1 X149.322 Y124.101 E.01145
G1 X153.665 Y128.444 E.18552
G1 X153.38 Y128.694 E.01145
G1 X149.037 Y124.351 E.18552
G1 X148.752 Y124.601 E.01145
G1 X153.095 Y128.945 E.18552
G1 X152.811 Y129.195 E.01145
G1 X148.467 Y124.852 E.18552
G1 X148.183 Y125.102 E.01145
G1 X152.526 Y129.445 E.18552
G1 X152.241 Y129.696 E.01145
G1 X147.898 Y125.353 E.18552
G1 X147.613 Y125.603 E.01145
G1 X151.956 Y129.946 E.18552
G1 X151.671 Y130.196 E.01145
G1 X147.328 Y125.853 E.18552
G1 X147.044 Y126.104 E.01145
G1 X151.387 Y130.447 E.18552
G1 X151.102 Y130.697 E.01145
G1 X146.759 Y126.354 E.18552
G1 X146.474 Y126.604 E.01145
G1 X150.817 Y130.947 E.18552
G1 X150.532 Y131.198 E.01145
G1 X146.189 Y126.855 E.18552
G1 X145.905 Y127.105 E.01145
G1 X150.248 Y131.448 E.18552
G1 X149.963 Y131.698 E.01145
G1 X145.62 Y127.355 E.18552
G1 X145.335 Y127.606 E.01145
G1 X149.678 Y131.949 E.18552
G1 X149.393 Y132.199 E.01145
G1 X145.05 Y127.856 E.18552
G1 X144.765 Y128.107 E.01145
G1 X149.109 Y132.45 E.18552
G1 X148.824 Y132.7 E.01145
G1 X144.481 Y128.357 E.18552
G1 X144.196 Y128.607 E.01145
G1 X148.539 Y132.95 E.18552
G1 X148.254 Y133.201 E.01145
G1 X143.911 Y128.858 E.18552
G1 X143.626 Y129.108 E.01145
G1 X147.969 Y133.451 E.18552
G1 X147.685 Y133.701 E.01145
G1 X143.342 Y129.358 E.18552
G1 X143.057 Y129.609 E.01145
G1 X147.4 Y133.952 E.18552
G1 X147.115 Y134.202 E.01145
G1 X142.772 Y129.859 E.18552
G1 X142.487 Y130.109 E.01145
G1 X146.83 Y134.452 E.18552
G1 X146.546 Y134.703 E.01145
G1 X142.203 Y130.36 E.18552
G1 X141.918 Y130.61 E.01145
G1 X146.261 Y134.953 E.18552
G1 X145.976 Y135.204 E.01145
G1 X141.633 Y130.86 E.18552
G1 X141.348 Y131.111 E.01145
G1 X145.691 Y135.454 E.18552
G1 X145.406 Y135.704 E.01145
G1 X141.063 Y131.361 E.18552
G1 X140.779 Y131.612 E.01145
G1 X145.122 Y135.955 E.18552
G1 X144.837 Y136.205 E.01145
G1 X140.494 Y131.862 E.18552
G1 X140.209 Y132.112 E.01145
G1 X144.552 Y136.455 E.18552
G1 X144.267 Y136.706 E.01145
G1 X139.924 Y132.363 E.18552
G1 X139.64 Y132.613 E.01145
G1 X143.983 Y136.956 E.18552
G1 X143.698 Y137.206 E.01145
G1 X139.355 Y132.863 E.18552
G1 X139.07 Y133.114 E.01145
G1 X143.413 Y137.457 E.18552
G1 X143.128 Y137.707 E.01145
G1 X138.785 Y133.364 E.18552
G1 X138.501 Y133.614 E.01145
G1 X142.844 Y137.957 E.18552
G1 X142.559 Y138.208 E.01145
G1 X138.216 Y133.865 E.18552
G1 X137.931 Y134.115 E.01145
G1 X142.274 Y138.458 E.18552
G1 X141.989 Y138.709 E.01145
G1 X137.646 Y134.366 E.18552
G1 X137.361 Y134.616 E.01145
G1 X141.704 Y138.959 E.18552
G1 X141.42 Y139.209 E.01145
G1 X137.077 Y134.866 E.18552
G1 X136.792 Y135.117 E.01145
G1 X141.135 Y139.46 E.18552
G1 X140.85 Y139.71 E.01145
G1 X136.507 Y135.367 E.18552
G1 X136.222 Y135.617 E.01145
G1 X140.565 Y139.96 E.18552
G1 X140.281 Y140.211 E.01145
G1 X135.938 Y135.868 E.18552
G1 X135.653 Y136.118 E.01145
G1 X139.996 Y140.461 E.18552
G1 X139.711 Y140.711 E.01145
G1 X135.104 Y136.104 E.19681
G1 X133.107 Y134.642 E.07476
G1 X139.426 Y140.962 E.26995
G1 X139.142 Y141.212 E.01145
G1 X131.111 Y133.181 E.34306
G1 X129.115 Y131.721 E.0747
G1 X138.857 Y141.462 E.41614
G1 X138.572 Y141.713 E.01145
G1 X127.119 Y130.26 E.48922
G1 X125.124 Y128.8 E.0747
G1 X138.287 Y141.963 E.5623
G1 X138.002 Y142.214 E.01145
G1 X123.128 Y127.339 E.63539
G1 X121.132 Y125.879 E.0747
G1 X137.718 Y142.464 E.70847
G1 X137.433 Y142.714 E.01145
G1 X119.137 Y124.418 E.78155
G1 X117.141 Y122.958 E.0747
G1 X137.148 Y142.965 E.85463
G1 X136.863 Y143.215 E.01145
G1 X115.145 Y121.497 E.92771
G1 X113.15 Y120.037 E.0747
G1 X136.579 Y143.465 E1.0008
G1 X136.294 Y143.716 E.01145
G1 X111.154 Y118.576 E1.07388
G1 X109.158 Y117.115 E.0747
G1 X136.009 Y143.966 E1.14696
G1 X135.724 Y144.216 E.01145
G1 X107.163 Y115.655 E1.22004
G1 X105.167 Y114.194 E.0747
G1 X135.44 Y144.467 E1.29312
G1 X135.155 Y144.717 E.01145
G1 X103.172 Y112.734 E1.36621
G1 X101.176 Y111.273 E.0747
G1 X134.87 Y144.968 E1.43929
G1 X134.585 Y145.218 E.01145
G1 X99.18 Y109.813 E1.51237
G1 X97.185 Y108.352 E.0747
G1 X134.3 Y145.468 E1.58545
G1 X134.016 Y145.719 E.01145
G1 X96.027 Y107.73 E1.62274
G1 X96.04 Y108.278 E.01655
G1 X133.731 Y145.969 E1.61004
G1 X133.446 Y146.219 E.01145
G1 X96.052 Y108.825 E1.59734
G1 X96.065 Y109.373 E.01655
G1 X133.161 Y146.47 E1.58463
G1 X132.877 Y146.72 E.01145
G1 X96.077 Y109.921 E1.57193
G1 X96.09 Y110.469 E.01655
G1 X132.592 Y146.97 E1.55922
G1 X132.307 Y147.221 E.01145
G1 X96.103 Y111.016 E1.54652
G1 X96.115 Y111.564 E.01655
G1 X132.022 Y147.471 E1.53382
G1 X131.737 Y147.721 E.01145
G1 X96.128 Y112.112 E1.52111
G1 X96.141 Y112.66 E.01655
G1 X131.453 Y147.972 E1.50841
M73 P97 R1
G1 X131.168 Y148.222 E.01145
G1 X96.153 Y113.207 E1.49571
G1 X96.166 Y113.755 E.01655
G1 X130.883 Y148.473 E1.483
G1 X130.598 Y148.723 E.01145
G1 X96.178 Y114.303 E1.4703
G1 X96.191 Y114.851 E.01655
G1 X130.314 Y148.973 E1.45759
G1 X130.029 Y149.224 E.01145
G1 X96.204 Y115.398 E1.44489
G1 X96.216 Y115.946 E.01655
G1 X129.744 Y149.474 E1.43219
G1 X129.459 Y149.724 E.01145
G1 X96.229 Y116.494 E1.41948
G1 X96.242 Y117.042 E.01655
G1 X129.175 Y149.975 E1.40678
G1 X128.89 Y150.225 E.01145
G1 X96.254 Y117.589 E1.39408
G1 X96.267 Y118.137 E.01655
G1 X128.605 Y150.475 E1.38137
G1 X128.32 Y150.726 E.01145
G1 X96.279 Y118.685 E1.36867
G1 X96.292 Y119.233 E.01655
G1 X128.035 Y150.976 E1.35596
G1 X127.751 Y151.227 E.01145
G1 X96.305 Y119.78 E1.34326
G1 X96.317 Y120.328 E.01655
G1 X127.466 Y151.477 E1.33056
G1 X127.181 Y151.727 E.01145
G1 X96.33 Y120.876 E1.31785
G1 X96.343 Y121.424 E.01655
G1 X126.896 Y151.978 E1.30515
G1 X126.612 Y152.228 E.01145
G1 X96.355 Y121.972 E1.29244
G1 X96.368 Y122.519 E.01655
G1 X126.327 Y152.478 E1.27974
G1 X126.042 Y152.729 E.01145
G1 X96.38 Y123.067 E1.26704
G1 X96.393 Y123.615 E.01655
G1 X125.757 Y152.979 E1.25433
G1 X125.526 Y153.182 E.0093
G1 X125.257 Y153.013 E.00961
G1 X96.406 Y124.163 E1.23241
G1 X96.418 Y124.71 E.01655
G1 X123.823 Y152.115 E1.17064
G1 X122.39 Y151.217 E.05109
G1 X96.431 Y125.258 E1.10888
G1 X96.444 Y125.806 E.01655
G1 X120.957 Y150.319 E1.04712
M73 P97 R0
G1 X119.524 Y149.421 E.05109
G1 X96.456 Y126.354 E.98536
G1 X96.469 Y126.901 E.01655
G1 X118.091 Y148.523 E.9236
G1 X116.657 Y147.625 E.05109
G1 X96.481 Y127.449 E.86184
G1 X96.494 Y127.997 E.01655
G1 X115.224 Y146.727 E.80008
G1 X113.791 Y145.829 E.05109
G1 X96.507 Y128.545 E.73832
G1 X96.519 Y129.092 E.01655
G1 X112.358 Y144.931 E.67656
G1 X110.924 Y144.033 E.05109
G1 X96.532 Y129.64 E.61479
G1 X96.545 Y130.188 E.01655
G1 X109.491 Y143.135 E.55303
G1 X108.058 Y142.236 E.05109
G1 X96.557 Y130.736 E.49127
G1 X96.57 Y131.283 E.01655
G1 X106.625 Y141.338 E.42951
G1 X105.192 Y140.44 E.05109
G1 X96.583 Y131.831 E.36775
G1 X96.595 Y132.379 E.01655
G1 X103.758 Y139.542 E.30599
G1 X102.325 Y138.644 E.05109
G1 X96.608 Y132.927 E.24423
G1 X96.62 Y133.474 E.01655
G1 X100.892 Y137.746 E.18247
G1 X99.459 Y136.848 E.05109
G1 X96.633 Y134.022 E.12071
G1 X96.646 Y134.57 E.01655
G1 X98.562 Y136.486 E.08185
SET_VELOCITY_LIMIT ACCEL=8000 ACCEL_TO_DECEL=4000
G1 X132.944 Y134.542 F24000
SET_VELOCITY_LIMIT ACCEL=6000 ACCEL_TO_DECEL=3000
;TYPE:Gap infill
;WIDTH:0.29042
G1 F10101.023
G1 X132.677 Y134.313 E.00694
;WIDTH:0.246901
G1 F12256.046
G1 X132.41 Y134.085 E.00572
;WIDTH:0.202314
G1 F15000
G1 X132.179 Y133.886 E.00388
;WIDTH:0.156656
G1 X131.947 Y133.688 E.00277
;WIDTH:0.133827
G1 X131.716 Y133.489 E.00221
SET_VELOCITY_LIMIT ACCEL=8000 ACCEL_TO_DECEL=4000
G1 X128.952 Y131.62 F24000
SET_VELOCITY_LIMIT ACCEL=6000 ACCEL_TO_DECEL=3000
;WIDTH:0.289743
G1 F10128.733
G1 X128.706 Y131.41 E.00637
;WIDTH:0.244949
G1 F12374.492
G1 X128.461 Y131.199 E.00521
;WIDTH:0.200155
G1 F15000
G1 X128.215 Y130.989 E.00406
;WIDTH:0.155361
G1 X127.97 Y130.778 E.0029
;WIDTH:0.132964
G1 X127.724 Y130.568 E.00232
SET_VELOCITY_LIMIT ACCEL=8000 ACCEL_TO_DECEL=4000
G1 X124.961 Y128.699 F24000
SET_VELOCITY_LIMIT ACCEL=6000 ACCEL_TO_DECEL=3000
;WIDTH:0.289743
G1 F10128.733
G1 X124.715 Y128.489 E.00637
;WIDTH:0.244949
G1 F12374.492
G1 X124.47 Y128.278 E.00521
;WIDTH:0.200155
G1 F15000
G1 X124.224 Y128.068 E.00406
;WIDTH:0.155361
G1 X123.979 Y127.857 E.0029
;WIDTH:0.132964
G1 X123.733 Y127.647 E.00232
SET_VELOCITY_LIMIT ACCEL=8000 ACCEL_TO_DECEL=4000
G1 X120.969 Y125.778 F24000
SET_VELOCITY_LIMIT ACCEL=6000 ACCEL_TO_DECEL=3000
;WIDTH:0.2876
G1 F10217.434
G1 X120.701 Y125.548 E.0069
;WIDTH:0.238521
G1 F12781.168
G1 X120.432 Y125.318 E.00552
;WIDTH:0.189441
G1 F15000
G1 X120.164 Y125.088 E.00413
;WIDTH:0.140362
G1 X119.896 Y124.858 E.00275
;WIDTH:0.115823
G1 X119.742 Y124.726 E.00118
SET_VELOCITY_LIMIT ACCEL=8000 ACCEL_TO_DECEL=4000
G1 X116.978 Y122.857 F24000
SET_VELOCITY_LIMIT ACCEL=6000 ACCEL_TO_DECEL=3000
;WIDTH:0.289743
G1 F10128.733
G1 X116.732 Y122.647 E.00637
;WIDTH:0.244949
G1 F12374.492
G1 X116.487 Y122.436 E.00521
;WIDTH:0.200155
G1 F15000
G1 X116.241 Y122.226 E.00406
;WIDTH:0.155361
G1 X115.996 Y122.015 E.0029
;WIDTH:0.132964
G1 X115.75 Y121.805 E.00232
SET_VELOCITY_LIMIT ACCEL=8000 ACCEL_TO_DECEL=4000
G1 X112.987 Y119.936 F24000
SET_VELOCITY_LIMIT ACCEL=6000 ACCEL_TO_DECEL=3000
;WIDTH:0.289743
G1 F10128.733
G1 X112.741 Y119.726 E.00637
;WIDTH:0.244949
G1 F12374.492
G1 X112.496 Y119.515 E.00521
;WIDTH:0.200155
G1 F15000
G1 X112.25 Y119.305 E.00406
;WIDTH:0.155361
G1 X112.005 Y119.094 E.0029
;WIDTH:0.132964
G1 X111.759 Y118.884 E.00232
SET_VELOCITY_LIMIT ACCEL=8000 ACCEL_TO_DECEL=4000
G1 X108.995 Y117.015 F24000
SET_VELOCITY_LIMIT ACCEL=6000 ACCEL_TO_DECEL=3000
;WIDTH:0.289743
G1 F10128.733
G1 X108.75 Y116.805 E.00637
;WIDTH:0.244949
G1 F12374.492
G1 X108.504 Y116.594 E.00521
;WIDTH:0.200155
G1 F15000
G1 X108.259 Y116.384 E.00406
;WIDTH:0.155361
G1 X108.013 Y116.173 E.0029
;WIDTH:0.132964
G1 X107.768 Y115.963 E.00232
SET_VELOCITY_LIMIT ACCEL=8000 ACCEL_TO_DECEL=4000
G1 X105.004 Y114.094 F24000
SET_VELOCITY_LIMIT ACCEL=6000 ACCEL_TO_DECEL=3000
;WIDTH:0.289743
G1 F10128.733
G1 X104.759 Y113.884 E.00637
;WIDTH:0.244949
G1 F12374.492
G1 X104.513 Y113.673 E.00521
;WIDTH:0.200155
G1 F15000
G1 X104.268 Y113.463 E.00406
;WIDTH:0.155361
G1 X104.022 Y113.252 E.0029
;WIDTH:0.132964
G1 X103.777 Y113.042 E.00232
SET_VELOCITY_LIMIT ACCEL=8000 ACCEL_TO_DECEL=4000
G1 X101.013 Y111.173 F24000
SET_VELOCITY_LIMIT ACCEL=6000 ACCEL_TO_DECEL=3000
;WIDTH:0.289743
G1 F10128.739
G1 X100.767 Y110.963 E.00637
;WIDTH:0.244949
G1 F12374.497
G1 X100.522 Y110.752 E.00521
;WIDTH:0.200155
G1 F15000
G1 X100.276 Y110.542 E.00406
;WIDTH:0.155361
G1 X100.031 Y110.331 E.0029
;WIDTH:0.132964
G1 X99.785 Y110.121 E.00232
SET_VELOCITY_LIMIT ACCEL=8000 ACCEL_TO_DECEL=4000
G1 X97.022 Y108.252 F24000
SET_VELOCITY_LIMIT ACCEL=6000 ACCEL_TO_DECEL=3000
;WIDTH:0.291624
G1 F10052.134
G1 X96.793 Y108.056 E.00598
;WIDTH:0.250591
G1 F12038.291
G1 X96.564 Y107.86 E.00499
;WIDTH:0.209558
G1 F15000
G1 X96.336 Y107.664 E.004
;WIDTH:0.17101
G1 X96.107 Y107.468 E.00308
G1 X95.889 Y107.379 E.00241
SET_VELOCITY_LIMIT ACCEL=8000 ACCEL_TO_DECEL=4000
G1 X97.579 Y135.8 F24000
SET_VELOCITY_LIMIT ACCEL=6000 ACCEL_TO_DECEL=3000
;WIDTH:0.109377
G1 F15000
G1 X97.404 Y135.66 E.00119
;WIDTH:0.151794
G1 X97.228 Y135.52 E.00195
;WIDTH:0.19421
G1 X97.052 Y135.38 E.00271
;WIDTH:0.236626
G1 F12906.16
G1 X96.876 Y135.24 E.00347
;WIDTH:0.279043
G1 F10587.734
G1 X96.701 Y135.1 E.00424
;WIDTH:0.300251
G1 F9715.134
G1 X96.525 Y134.96 E.00462
SET_VELOCITY_LIMIT ACCEL=8000 ACCEL_TO_DECEL=4000
G1 X99.013 Y136.698 F24000
SET_VELOCITY_LIMIT ACCEL=6000 ACCEL_TO_DECEL=3000
;WIDTH:0.109706
G1 F15000
G1 X98.828 Y136.551 E.00126
;WIDTH:0.131243
G1 X98.644 Y136.404 E.00166
SET_VELOCITY_LIMIT ACCEL=8000 ACCEL_TO_DECEL=4000
G1 X101.879 Y138.494 F24000
SET_VELOCITY_LIMIT ACCEL=6000 ACCEL_TO_DECEL=3000
;WIDTH:0.10848
G1 F15000
G1 X101.715 Y138.363 E.0011
;WIDTH:0.1491
G1 X101.551 Y138.233 E.00178
;WIDTH:0.189721
G1 X101.387 Y138.102 E.00246
;WIDTH:0.230342
G1 F13338.909
G1 X101.223 Y137.971 E.00314
;WIDTH:0.250652
G1 F12034.734
G1 X101.059 Y137.841 E.00348
SET_VELOCITY_LIMIT ACCEL=8000 ACCEL_TO_DECEL=4000
G1 X104.746 Y140.29 F24000
SET_VELOCITY_LIMIT ACCEL=6000 ACCEL_TO_DECEL=3000
;WIDTH:0.10848
G1 F15000
G1 X104.581 Y140.159 E.0011
;WIDTH:0.1491
G1 X104.417 Y140.029 E.00178
;WIDTH:0.189721
G1 X104.253 Y139.898 E.00246
;WIDTH:0.230342
G1 F13338.909
G1 X104.089 Y139.767 E.00314
;WIDTH:0.250652
G1 F12034.734
G1 X103.925 Y139.637 E.00348
SET_VELOCITY_LIMIT ACCEL=8000 ACCEL_TO_DECEL=4000
G1 X107.612 Y142.086 F24000
SET_VELOCITY_LIMIT ACCEL=6000 ACCEL_TO_DECEL=3000
;WIDTH:0.10848
G1 F15000
G1 X107.448 Y141.956 E.0011
;WIDTH:0.1491
G1 X107.284 Y141.825 E.00178
;WIDTH:0.189721
G1 X107.12 Y141.694 E.00246
;WIDTH:0.230342
G1 F13338.909
G1 X106.956 Y141.564 E.00314
;WIDTH:0.250652
G1 F12034.734
G1 X106.791 Y141.433 E.00348
SET_VELOCITY_LIMIT ACCEL=8000 ACCEL_TO_DECEL=4000
G1 X110.478 Y143.882 F24000
SET_VELOCITY_LIMIT ACCEL=6000 ACCEL_TO_DECEL=3000
;WIDTH:0.10848
G1 F15000
G1 X110.314 Y143.752 E.0011
;WIDTH:0.1491
G1 X110.15 Y143.621 E.00178
;WIDTH:0.189721
G1 X109.986 Y143.49 E.00246
;WIDTH:0.230342
G1 F13338.909
G1 X109.822 Y143.36 E.00314
;WIDTH:0.250652
G1 F12034.734
G1 X109.658 Y143.229 E.00348
SET_VELOCITY_LIMIT ACCEL=8000 ACCEL_TO_DECEL=4000
G1 X113.345 Y145.679 F24000
SET_VELOCITY_LIMIT ACCEL=6000 ACCEL_TO_DECEL=3000
;WIDTH:0.10848
G1 F15000
G1 X113.181 Y145.548 E.0011
;WIDTH:0.1491
G1 X113.017 Y145.417 E.00178
;WIDTH:0.189721
G1 X112.853 Y145.287 E.00246
;WIDTH:0.230342
G1 F13338.909
G1 X112.688 Y145.156 E.00314
;WIDTH:0.250652
G1 F12034.734
G1 X112.524 Y145.025 E.00348
SET_VELOCITY_LIMIT ACCEL=8000 ACCEL_TO_DECEL=4000
G1 X116.211 Y147.475 F24000
SET_VELOCITY_LIMIT ACCEL=6000 ACCEL_TO_DECEL=3000
;WIDTH:0.10848
G1 F15000
G1 X116.047 Y147.344 E.0011
;WIDTH:0.149101
G1 X115.883 Y147.213 E.00178
;WIDTH:0.189722
G1 X115.719 Y147.083 E.00246
;WIDTH:0.230343
G1 F13338.839
G1 X115.555 Y146.952 E.00314
;WIDTH:0.250654
G1 F12034.668
G1 X115.391 Y146.821 E.00348
SET_VELOCITY_LIMIT ACCEL=8000 ACCEL_TO_DECEL=4000
G1 X119.078 Y149.271 F24000
SET_VELOCITY_LIMIT ACCEL=6000 ACCEL_TO_DECEL=3000
;WIDTH:0.10848
G1 F15000
G1 X118.914 Y149.14 E.0011
;WIDTH:0.1491
G1 X118.749 Y149.01 E.00178
;WIDTH:0.189721
G1 X118.585 Y148.879 E.00246
;WIDTH:0.230342
G1 F13338.909
G1 X118.421 Y148.748 E.00314
;WIDTH:0.250652
G1 F12034.734
G1 X118.257 Y148.618 E.00348
SET_VELOCITY_LIMIT ACCEL=8000 ACCEL_TO_DECEL=4000
G1 X121.944 Y151.067 F24000
SET_VELOCITY_LIMIT ACCEL=6000 ACCEL_TO_DECEL=3000
;WIDTH:0.10848
G1 F15000
G1 X121.78 Y150.936 E.0011
;WIDTH:0.1491
G1 X121.616 Y150.806 E.00178
;WIDTH:0.189721
G1 X121.452 Y150.675 E.00246
;WIDTH:0.230342
G1 F13338.909
G1 X121.288 Y150.544 E.00314
;WIDTH:0.250652
G1 F12034.734
G1 X121.124 Y150.414 E.00348
SET_VELOCITY_LIMIT ACCEL=8000 ACCEL_TO_DECEL=4000
G1 X124.81 Y152.863 F24000
SET_VELOCITY_LIMIT ACCEL=6000 ACCEL_TO_DECEL=3000
;WIDTH:0.10848
G1 F15000
G1 X124.646 Y152.733 E.0011
;WIDTH:0.149101
G1 X124.482 Y152.602 E.00178
;WIDTH:0.189722
G1 X124.318 Y152.471 E.00246
;WIDTH:0.230343
G1 F13338.839
G1 X124.154 Y152.341 E.00314
;WIDTH:0.250654
G1 F12034.668
G1 X123.99 Y152.21 E.00348
SET_VELOCITY_LIMIT ACCEL=8000 ACCEL_TO_DECEL=4000
G1 X164.551 Y110.903 F24000
SET_VELOCITY_LIMIT ACCEL=6000 ACCEL_TO_DECEL=3000
;TYPE:Internal solid infill
;WIDTH:0.567971
G1 F4761.444
G1 X165.369 Y111.775 E.05013
;WIDTH:0.526849
G1 F5166.053
G1 X166.187 Y112.648 E.0462
;WIDTH:0.485726
G1 F5645.813
G1 X167.005 Y113.52 E.04228
;WIDTH:0.444604
G1 F6223.803
G1 X167.823 Y114.392 E.03835
;WIDTH:0.424043
G1 F6559.573
G1 X168.641 Y115.265 E.03639
;TIME_ELAPSED:2283.723389

M106 S186
;LAYER_CHANGE
;:24
;HEIGHT:0.200001
;BEFORE_LAYER_CHANGE
;24
G92 E0

G1 E-.8 F2400
;WIPE_START
G1 F6559.573
G1 X167.823 Y114.392
;WIPE_END
EXCLUDE_OBJECT_END NAME=arm.stl_id_0_copy_0
;_SET_FAN_SPEED_CHANGING_LAYER
; OBJECT_ID: 15
EXCLUDE_OBJECT_START NAME=arm.stl_id_0_copy_0
SET_VELOCITY_LIMIT ACCEL=8000 ACCEL_TO_DECEL=4000
G1 X161.416 Y118.54 Z24.2 F24000
G1 X135.37 Y135.4 Z24.2
G1 Z24
G1 E.8 F2400
SET_VELOCITY_LIMIT ACCEL=4000 ACCEL_TO_DECEL=2000 SQUARE_CORNER_VELOCITY=6
;TYPE:Outer wall
;WIDTH:0.42
G1 F6629.9
G1 X164.629 Y109.677 E1.17266
G1 X169.634 Y115.37 E.22816
G1 X125.599 Y154.084 E1.76488
G1 X95.942 Y135.5 E1.05347
G1 X95.263 Y106.047 E.88678
G1 X134.428 Y134.711 E1.46089
G1 X135.322 Y135.365 E.03334
G1 E-.8 F2400
;WIPE_START
G1 F6629.9
G1 X136.826 Y134.047
;WIPE_END
SET_VELOCITY_LIMIT ACCEL=8000 ACCEL_TO_DECEL=4000 SQUARE_CORNER_VELOCITY=8
G1 X143.395 Y130.161 Z24.4 F24000
G1 X169.113 Y114.949 Z24.4
G1 Z24
G1 E.8 F2400
SET_VELOCITY_LIMIT ACCEL=2000 ACCEL_TO_DECEL=1000
;TYPE:Top surface
;WIDTH:0.42034
G1 F6623.92
G1 X163.083 Y120.979 E.25694
G1 E-.8 F2400
;WIPE_START
G1 F6623.92
G1 X164.497 Y119.565
;WIPE_END
SET_VELOCITY_LIMIT ACCEL=8000 ACCEL_TO_DECEL=4000
G1 X158.848 Y124.697 Z24.4 F24000
G1 X158.666 Y124.862 Z24.4
G1 Z24
G1 E.8 F2400
SET_VELOCITY_LIMIT ACCEL=2000 ACCEL_TO_DECEL=1000
G1 F6623.92
G1 X168.864 Y114.665 E.43449
SET_VELOCITY_LIMIT ACCEL=8000 ACCEL_TO_DECEL=4000
G1 X168.614 Y114.381 F24000
SET_VELOCITY_LIMIT ACCEL=2000 ACCEL_TO_DECEL=1000
G1 F6623.92
G1 X154.249 Y128.746 E.61205
G1 E-.8 F2400
;WIPE_START
G1 F6623.92
G1 X155.663 Y127.332
;WIPE_END
SET_VELOCITY_LIMIT ACCEL=8000 ACCEL_TO_DECEL=4000
G1 X150.014 Y132.464 Z24.4 F24000
G1 X149.832 Y132.629 Z24.4
G1 Z24
G1 E.8 F2400
SET_VELOCITY_LIMIT ACCEL=2000 ACCEL_TO_DECEL=1000
G1 F6623.92
G1 X168.364 Y114.096 E.78961
SET_VELOCITY_LIMIT ACCEL=8000 ACCEL_TO_DECEL=4000
G1 X168.114 Y113.812 F24000
SET_VELOCITY_LIMIT ACCEL=2000 ACCEL_TO_DECEL=1000
G1 F6623.92
G1 X145.415 Y136.512 E.96716
G1 E-.8 F2400
;WIPE_START
G1 F6623.92
G1 X146.829 Y135.098
;WIPE_END
SET_VELOCITY_LIMIT ACCEL=8000 ACCEL_TO_DECEL=4000
G1 X141.179 Y140.23 Z24.4 F24000
G1 X140.997 Y140.396 Z24.4
G1 Z24
G1 E.8 F2400
SET_VELOCITY_LIMIT ACCEL=2000 ACCEL_TO_DECEL=1000
G1 F6623.92
G1 X167.865 Y113.528 E1.14472
SET_VELOCITY_LIMIT ACCEL=8000 ACCEL_TO_DECEL=4000
G1 X167.615 Y113.244 F24000
SET_VELOCITY_LIMIT ACCEL=2000 ACCEL_TO_DECEL=1000
G1 F6623.92
G1 X136.58 Y144.279 E1.32227
G1 E-.8 F2400
;WIPE_START
G1 F6623.92
G1 X137.995 Y142.865
;WIPE_END
SET_VELOCITY_LIMIT ACCEL=8000 ACCEL_TO_DECEL=4000
G1 X132.345 Y147.997 Z24.4 F24000
G1 X132.163 Y148.162 Z24.4
G1 Z24
G1 E.8 F2400
SET_VELOCITY_LIMIT ACCEL=2000 ACCEL_TO_DECEL=1000
G1 F6623.92
G1 X167.365 Y112.96 E1.49983
SET_VELOCITY_LIMIT ACCEL=8000 ACCEL_TO_DECEL=4000
G1 X167.116 Y112.676 F24000
SET_VELOCITY_LIMIT ACCEL=2000 ACCEL_TO_DECEL=1000
G1 F6623.92
G1 X127.746 Y152.046 E1.67739
G1 E-.8 F2400
;WIPE_START
G1 F6623.92
M73 P98 R0
G1 X129.16 Y150.631
;WIPE_END
SET_VELOCITY_LIMIT ACCEL=8000 ACCEL_TO_DECEL=4000
G1 X125.42 Y153.838 Z24.4 F24000
G1 Z24
G1 E.8 F2400
SET_VELOCITY_LIMIT ACCEL=2000 ACCEL_TO_DECEL=1000
G1 F6623.92
G1 X166.866 Y112.392 E1.76587
SET_VELOCITY_LIMIT ACCEL=8000 ACCEL_TO_DECEL=4000
G1 X166.616 Y112.108 F24000
SET_VELOCITY_LIMIT ACCEL=2000 ACCEL_TO_DECEL=1000
G1 F6623.92
G1 X125.092 Y153.633 E1.76921
SET_VELOCITY_LIMIT ACCEL=8000 ACCEL_TO_DECEL=4000
G1 X124.764 Y153.427 F24000
SET_VELOCITY_LIMIT ACCEL=2000 ACCEL_TO_DECEL=1000
G1 F6623.92
G1 X166.366 Y111.824 E1.77255
SET_VELOCITY_LIMIT ACCEL=8000 ACCEL_TO_DECEL=4000
G1 X166.117 Y111.54 F24000
SET_VELOCITY_LIMIT ACCEL=2000 ACCEL_TO_DECEL=1000
G1 F6623.92
G1 X124.435 Y153.221 E1.77589
SET_VELOCITY_LIMIT ACCEL=8000 ACCEL_TO_DECEL=4000
G1 X124.107 Y153.016 F24000
SET_VELOCITY_LIMIT ACCEL=2000 ACCEL_TO_DECEL=1000
G1 F6623.92
G1 X165.867 Y111.256 E1.77923
SET_VELOCITY_LIMIT ACCEL=8000 ACCEL_TO_DECEL=4000
G1 X165.617 Y110.972 F24000
SET_VELOCITY_LIMIT ACCEL=2000 ACCEL_TO_DECEL=1000
G1 F6623.92
G1 X123.779 Y152.81 E1.78257
SET_VELOCITY_LIMIT ACCEL=8000 ACCEL_TO_DECEL=4000
G1 X123.451 Y152.605 F24000
SET_VELOCITY_LIMIT ACCEL=2000 ACCEL_TO_DECEL=1000
G1 F6623.92
G1 X165.368 Y110.688 E1.78591
SET_VELOCITY_LIMIT ACCEL=8000 ACCEL_TO_DECEL=4000
G1 X165.118 Y110.404 F24000
SET_VELOCITY_LIMIT ACCEL=2000 ACCEL_TO_DECEL=1000
G1 F6623.92
G1 X123.123 Y152.399 E1.78925
SET_VELOCITY_LIMIT ACCEL=8000 ACCEL_TO_DECEL=4000
G1 X122.795 Y152.193 F24000
SET_VELOCITY_LIMIT ACCEL=2000 ACCEL_TO_DECEL=1000
G1 F6623.92
G1 X164.868 Y110.12 E1.7926
SET_VELOCITY_LIMIT ACCEL=8000 ACCEL_TO_DECEL=4000
G1 X164.606 Y109.848 F24000
SET_VELOCITY_LIMIT ACCEL=2000 ACCEL_TO_DECEL=1000
G1 F6623.92
G1 X122.467 Y151.988 E1.79542
SET_VELOCITY_LIMIT ACCEL=8000 ACCEL_TO_DECEL=4000
G1 X122.139 Y151.782 F24000
SET_VELOCITY_LIMIT ACCEL=2000 ACCEL_TO_DECEL=1000
G1 F6623.92
G1 X160.189 Y113.731 E1.62121
G1 E-.8 F2400
;WIPE_START
G1 F6623.92
G1 X158.775 Y115.146
;WIPE_END
SET_VELOCITY_LIMIT ACCEL=8000 ACCEL_TO_DECEL=4000
G1 X155.772 Y117.615 Z24.4 F24000
G1 Z24
G1 E.8 F2400
SET_VELOCITY_LIMIT ACCEL=2000 ACCEL_TO_DECEL=1000
G1 F6623.92
G1 X121.81 Y151.576 E1.44699
SET_VELOCITY_LIMIT ACCEL=8000 ACCEL_TO_DECEL=4000
G1 X121.482 Y151.371 F24000
SET_VELOCITY_LIMIT ACCEL=2000 ACCEL_TO_DECEL=1000
G1 F6623.92
G1 X151.355 Y121.498 E1.27278
G1 E-.8 F2400
;WIPE_START
G1 F6623.92
G1 X149.941 Y122.912
;WIPE_END
SET_VELOCITY_LIMIT ACCEL=8000 ACCEL_TO_DECEL=4000
G1 X146.938 Y125.381 Z24.4 F24000
G1 Z24
G1 E.8 F2400
SET_VELOCITY_LIMIT ACCEL=2000 ACCEL_TO_DECEL=1000
G1 F6623.92
G1 X121.154 Y151.165 E1.09856
SET_VELOCITY_LIMIT ACCEL=8000 ACCEL_TO_DECEL=4000
G1 X120.826 Y150.96 F24000
SET_VELOCITY_LIMIT ACCEL=2000 ACCEL_TO_DECEL=1000
G1 F6623.92
G1 X142.521 Y129.265 E.92435
G1 E-.8 F2400
;WIPE_START
G1 F6623.92
G1 X141.107 Y130.679
;WIPE_END
SET_VELOCITY_LIMIT ACCEL=8000 ACCEL_TO_DECEL=4000
G1 X138.104 Y133.148 Z24.4 F24000
G1 Z24
G1 E.8 F2400
SET_VELOCITY_LIMIT ACCEL=2000 ACCEL_TO_DECEL=1000
G1 F6623.92
G1 X120.498 Y150.754 E.75013
SET_VELOCITY_LIMIT ACCEL=8000 ACCEL_TO_DECEL=4000
G1 X120.17 Y150.548 F24000
SET_VELOCITY_LIMIT ACCEL=2000 ACCEL_TO_DECEL=1000
G1 F6623.92
G1 X135.259 Y135.459 E.6429
SET_VELOCITY_LIMIT ACCEL=8000 ACCEL_TO_DECEL=4000
G1 X134.951 Y135.233 F24000
SET_VELOCITY_LIMIT ACCEL=2000 ACCEL_TO_DECEL=1000
G1 F6623.92
G1 X119.842 Y150.343 E.64375
SET_VELOCITY_LIMIT ACCEL=8000 ACCEL_TO_DECEL=4000
G1 X119.513 Y150.137 F24000
SET_VELOCITY_LIMIT ACCEL=2000 ACCEL_TO_DECEL=1000
G1 F6623.92
G1 X134.643 Y135.008 E.64461
SET_VELOCITY_LIMIT ACCEL=8000 ACCEL_TO_DECEL=4000
G1 X134.335 Y134.782 F24000
SET_VELOCITY_LIMIT ACCEL=2000 ACCEL_TO_DECEL=1000
G1 F6623.92
G1 X119.185 Y149.932 E.64546
SET_VELOCITY_LIMIT ACCEL=8000 ACCEL_TO_DECEL=4000
G1 X118.857 Y149.726 F24000
SET_VELOCITY_LIMIT ACCEL=2000 ACCEL_TO_DECEL=1000
G1 F6623.92
G1 X134.026 Y134.557 E.64631
SET_VELOCITY_LIMIT ACCEL=8000 ACCEL_TO_DECEL=4000
G1 X133.718 Y134.331 F24000
SET_VELOCITY_LIMIT ACCEL=2000 ACCEL_TO_DECEL=1000
G1 F6623.92
G1 X118.529 Y149.52 E.64715
SET_VELOCITY_LIMIT ACCEL=8000 ACCEL_TO_DECEL=4000
G1 X118.201 Y149.315 F24000
SET_VELOCITY_LIMIT ACCEL=2000 ACCEL_TO_DECEL=1000
G1 F6623.92
G1 X133.41 Y134.106 E.648
SET_VELOCITY_LIMIT ACCEL=8000 ACCEL_TO_DECEL=4000
G1 X133.102 Y133.88 F24000
SET_VELOCITY_LIMIT ACCEL=2000 ACCEL_TO_DECEL=1000
G1 F6623.92
G1 X117.873 Y149.109 E.64885
SET_VELOCITY_LIMIT ACCEL=8000 ACCEL_TO_DECEL=4000
G1 X117.545 Y148.903 F24000
SET_VELOCITY_LIMIT ACCEL=2000 ACCEL_TO_DECEL=1000
G1 F6623.92
G1 X132.794 Y133.654 E.6497
SET_VELOCITY_LIMIT ACCEL=8000 ACCEL_TO_DECEL=4000
G1 X132.485 Y133.429 F24000
SET_VELOCITY_LIMIT ACCEL=2000 ACCEL_TO_DECEL=1000
G1 F6623.92
G1 X117.216 Y148.698 E.65055
SET_VELOCITY_LIMIT ACCEL=8000 ACCEL_TO_DECEL=4000
G1 X116.888 Y148.492 F24000
SET_VELOCITY_LIMIT ACCEL=2000 ACCEL_TO_DECEL=1000
G1 F6623.92
G1 X132.177 Y133.203 E.6514
SET_VELOCITY_LIMIT ACCEL=8000 ACCEL_TO_DECEL=4000
G1 X131.869 Y132.978 F24000
SET_VELOCITY_LIMIT ACCEL=2000 ACCEL_TO_DECEL=1000
G1 F6623.92
G1 X116.56 Y148.287 E.65225
SET_VELOCITY_LIMIT ACCEL=8000 ACCEL_TO_DECEL=4000
G1 X116.232 Y148.081 F24000
SET_VELOCITY_LIMIT ACCEL=2000 ACCEL_TO_DECEL=1000
G1 F6623.92
G1 X131.561 Y132.752 E.6531
SET_VELOCITY_LIMIT ACCEL=8000 ACCEL_TO_DECEL=4000
G1 X131.253 Y132.527 F24000
SET_VELOCITY_LIMIT ACCEL=2000 ACCEL_TO_DECEL=1000
G1 F6623.92
G1 X115.904 Y147.875 E.65395
SET_VELOCITY_LIMIT ACCEL=8000 ACCEL_TO_DECEL=4000
G1 X115.576 Y147.67 F24000
SET_VELOCITY_LIMIT ACCEL=2000 ACCEL_TO_DECEL=1000
G1 F6623.92
G1 X130.944 Y132.301 E.6548
SET_VELOCITY_LIMIT ACCEL=8000 ACCEL_TO_DECEL=4000
G1 X130.636 Y132.076 F24000
SET_VELOCITY_LIMIT ACCEL=2000 ACCEL_TO_DECEL=1000
G1 F6623.92
G1 X115.248 Y147.464 E.65565
SET_VELOCITY_LIMIT ACCEL=8000 ACCEL_TO_DECEL=4000
G1 X114.92 Y147.259 F24000
SET_VELOCITY_LIMIT ACCEL=2000 ACCEL_TO_DECEL=1000
G1 F6623.92
G1 X130.328 Y131.85 E.6565
SET_VELOCITY_LIMIT ACCEL=8000 ACCEL_TO_DECEL=4000
G1 X130.02 Y131.624 F24000
SET_VELOCITY_LIMIT ACCEL=2000 ACCEL_TO_DECEL=1000
G1 F6623.92
G1 X114.591 Y147.053 E.65735
SET_VELOCITY_LIMIT ACCEL=8000 ACCEL_TO_DECEL=4000
G1 X114.263 Y146.847 F24000
SET_VELOCITY_LIMIT ACCEL=2000 ACCEL_TO_DECEL=1000
G1 F6623.92
G1 X129.712 Y131.399 E.6582
SET_VELOCITY_LIMIT ACCEL=8000 ACCEL_TO_DECEL=4000
G1 X129.403 Y131.173 F24000
SET_VELOCITY_LIMIT ACCEL=2000 ACCEL_TO_DECEL=1000
G1 F6623.92
G1 X113.935 Y146.642 E.65905
SET_VELOCITY_LIMIT ACCEL=8000 ACCEL_TO_DECEL=4000
G1 X113.607 Y146.436 F24000
SET_VELOCITY_LIMIT ACCEL=2000 ACCEL_TO_DECEL=1000
G1 F6623.92
G1 X129.095 Y130.948 E.6599
SET_VELOCITY_LIMIT ACCEL=8000 ACCEL_TO_DECEL=4000
G1 X128.787 Y130.722 F24000
SET_VELOCITY_LIMIT ACCEL=2000 ACCEL_TO_DECEL=1000
G1 F6623.92
G1 X113.279 Y146.23 E.66075
SET_VELOCITY_LIMIT ACCEL=8000 ACCEL_TO_DECEL=4000
G1 X112.951 Y146.025 F24000
SET_VELOCITY_LIMIT ACCEL=2000 ACCEL_TO_DECEL=1000
G1 F6623.92
G1 X128.479 Y130.497 E.6616
SET_VELOCITY_LIMIT ACCEL=8000 ACCEL_TO_DECEL=4000
G1 X128.171 Y130.271 F24000
SET_VELOCITY_LIMIT ACCEL=2000 ACCEL_TO_DECEL=1000
G1 F6623.92
G1 X112.623 Y145.819 E.66245
SET_VELOCITY_LIMIT ACCEL=8000 ACCEL_TO_DECEL=4000
G1 X112.294 Y145.614 F24000
SET_VELOCITY_LIMIT ACCEL=2000 ACCEL_TO_DECEL=1000
G1 F6623.92
G1 X127.862 Y130.046 E.6633
SET_VELOCITY_LIMIT ACCEL=8000 ACCEL_TO_DECEL=4000
G1 X127.554 Y129.82 F24000
SET_VELOCITY_LIMIT ACCEL=2000 ACCEL_TO_DECEL=1000
G1 F6623.92
G1 X111.966 Y145.408 E.66415
SET_VELOCITY_LIMIT ACCEL=8000 ACCEL_TO_DECEL=4000
G1 X111.638 Y145.202 F24000
SET_VELOCITY_LIMIT ACCEL=2000 ACCEL_TO_DECEL=1000
G1 F6623.92
G1 X127.246 Y129.594 E.665
SET_VELOCITY_LIMIT ACCEL=8000 ACCEL_TO_DECEL=4000
G1 X126.938 Y129.369 F24000
SET_VELOCITY_LIMIT ACCEL=2000 ACCEL_TO_DECEL=1000
G1 F6623.92
G1 X111.31 Y144.997 E.66584
SET_VELOCITY_LIMIT ACCEL=8000 ACCEL_TO_DECEL=4000
G1 X110.982 Y144.791 F24000
SET_VELOCITY_LIMIT ACCEL=2000 ACCEL_TO_DECEL=1000
G1 F6623.92
G1 X126.63 Y129.143 E.66669
SET_VELOCITY_LIMIT ACCEL=8000 ACCEL_TO_DECEL=4000
G1 X126.321 Y128.918 F24000
SET_VELOCITY_LIMIT ACCEL=2000 ACCEL_TO_DECEL=1000
G1 F6623.92
G1 X110.654 Y144.585 E.66754
SET_VELOCITY_LIMIT ACCEL=8000 ACCEL_TO_DECEL=4000
G1 X110.326 Y144.38 F24000
SET_VELOCITY_LIMIT ACCEL=2000 ACCEL_TO_DECEL=1000
G1 F6623.92
G1 X126.013 Y128.692 E.66839
SET_VELOCITY_LIMIT ACCEL=8000 ACCEL_TO_DECEL=4000
G1 X125.705 Y128.467 F24000
SET_VELOCITY_LIMIT ACCEL=2000 ACCEL_TO_DECEL=1000
G1 F6623.92
G1 X109.997 Y144.174 E.66924
SET_VELOCITY_LIMIT ACCEL=8000 ACCEL_TO_DECEL=4000
G1 X109.669 Y143.969 F24000
SET_VELOCITY_LIMIT ACCEL=2000 ACCEL_TO_DECEL=1000
G1 F6623.92
G1 X125.397 Y128.241 E.67009
SET_VELOCITY_LIMIT ACCEL=8000 ACCEL_TO_DECEL=4000
G1 X125.089 Y128.016 F24000
SET_VELOCITY_LIMIT ACCEL=2000 ACCEL_TO_DECEL=1000
G1 F6623.92
G1 X109.341 Y143.763 E.67094
SET_VELOCITY_LIMIT ACCEL=8000 ACCEL_TO_DECEL=4000
G1 X109.013 Y143.557 F24000
SET_VELOCITY_LIMIT ACCEL=2000 ACCEL_TO_DECEL=1000
G1 F6623.92
G1 X124.78 Y127.79 E.67179
SET_VELOCITY_LIMIT ACCEL=8000 ACCEL_TO_DECEL=4000
G1 X124.472 Y127.564 F24000
SET_VELOCITY_LIMIT ACCEL=2000 ACCEL_TO_DECEL=1000
G1 F6623.92
G1 X108.685 Y143.352 E.67264
SET_VELOCITY_LIMIT ACCEL=8000 ACCEL_TO_DECEL=4000
G1 X108.357 Y143.146 F24000
SET_VELOCITY_LIMIT ACCEL=2000 ACCEL_TO_DECEL=1000
G1 F6623.92
G1 X124.164 Y127.339 E.67349
SET_VELOCITY_LIMIT ACCEL=8000 ACCEL_TO_DECEL=4000
G1 X123.856 Y127.113 F24000
SET_VELOCITY_LIMIT ACCEL=2000 ACCEL_TO_DECEL=1000
G1 F6623.92
G1 X108.029 Y142.941 E.67434
SET_VELOCITY_LIMIT ACCEL=8000 ACCEL_TO_DECEL=4000
G1 X107.701 Y142.735 F24000
SET_VELOCITY_LIMIT ACCEL=2000 ACCEL_TO_DECEL=1000
G1 F6623.92
G1 X123.548 Y126.888 E.67519
SET_VELOCITY_LIMIT ACCEL=8000 ACCEL_TO_DECEL=4000
G1 X123.239 Y126.662 F24000
SET_VELOCITY_LIMIT ACCEL=2000 ACCEL_TO_DECEL=1000
G1 F6623.92
G1 X107.372 Y142.529 E.67604
SET_VELOCITY_LIMIT ACCEL=8000 ACCEL_TO_DECEL=4000
G1 X107.044 Y142.324 F24000
SET_VELOCITY_LIMIT ACCEL=2000 ACCEL_TO_DECEL=1000
G1 F6623.92
G1 X122.931 Y126.437 E.67689
SET_VELOCITY_LIMIT ACCEL=8000 ACCEL_TO_DECEL=4000
G1 X122.623 Y126.211 F24000
SET_VELOCITY_LIMIT ACCEL=2000 ACCEL_TO_DECEL=1000
G1 F6623.92
G1 X106.716 Y142.118 E.67774
SET_VELOCITY_LIMIT ACCEL=8000 ACCEL_TO_DECEL=4000
G1 X106.388 Y141.912 F24000
SET_VELOCITY_LIMIT ACCEL=2000 ACCEL_TO_DECEL=1000
G1 F6623.92
G1 X122.315 Y125.986 E.67859
SET_VELOCITY_LIMIT ACCEL=8000 ACCEL_TO_DECEL=4000
G1 X122.007 Y125.76 F24000
SET_VELOCITY_LIMIT ACCEL=2000 ACCEL_TO_DECEL=1000
G1 F6623.92
G1 X106.06 Y141.707 E.67944
SET_VELOCITY_LIMIT ACCEL=8000 ACCEL_TO_DECEL=4000
G1 X105.732 Y141.501 F24000
SET_VELOCITY_LIMIT ACCEL=2000 ACCEL_TO_DECEL=1000
G1 F6623.92
G1 X121.699 Y125.534 E.68029
SET_VELOCITY_LIMIT ACCEL=8000 ACCEL_TO_DECEL=4000
G1 X121.39 Y125.309 F24000
SET_VELOCITY_LIMIT ACCEL=2000 ACCEL_TO_DECEL=1000
G1 F6623.92
G1 X105.404 Y141.296 E.68114
SET_VELOCITY_LIMIT ACCEL=8000 ACCEL_TO_DECEL=4000
G1 X105.075 Y141.09 F24000
SET_VELOCITY_LIMIT ACCEL=2000 ACCEL_TO_DECEL=1000
G1 F6623.92
G1 X121.082 Y125.083 E.68199
SET_VELOCITY_LIMIT ACCEL=8000 ACCEL_TO_DECEL=4000
G1 X120.774 Y124.858 F24000
SET_VELOCITY_LIMIT ACCEL=2000 ACCEL_TO_DECEL=1000
G1 F6623.92
G1 X104.747 Y140.884 E.68284
SET_VELOCITY_LIMIT ACCEL=8000 ACCEL_TO_DECEL=4000
G1 X104.419 Y140.679 F24000
SET_VELOCITY_LIMIT ACCEL=2000 ACCEL_TO_DECEL=1000
G1 F6623.92
G1 X120.466 Y124.632 E.68369
SET_VELOCITY_LIMIT ACCEL=8000 ACCEL_TO_DECEL=4000
G1 X120.158 Y124.407 F24000
SET_VELOCITY_LIMIT ACCEL=2000 ACCEL_TO_DECEL=1000
G1 F6623.92
G1 X104.091 Y140.473 E.68453
SET_VELOCITY_LIMIT ACCEL=8000 ACCEL_TO_DECEL=4000
G1 X103.763 Y140.268 F24000
SET_VELOCITY_LIMIT ACCEL=2000 ACCEL_TO_DECEL=1000
G1 F6623.92
G1 X119.849 Y124.181 E.68538
SET_VELOCITY_LIMIT ACCEL=8000 ACCEL_TO_DECEL=4000
G1 X119.541 Y123.956 F24000
SET_VELOCITY_LIMIT ACCEL=2000 ACCEL_TO_DECEL=1000
G1 F6623.92
M73 P99 R0
G1 X103.435 Y140.062 E.68623
SET_VELOCITY_LIMIT ACCEL=8000 ACCEL_TO_DECEL=4000
G1 X103.107 Y139.856 F24000
SET_VELOCITY_LIMIT ACCEL=2000 ACCEL_TO_DECEL=1000
G1 F6623.92
G1 X119.233 Y123.73 E.68708
SET_VELOCITY_LIMIT ACCEL=8000 ACCEL_TO_DECEL=4000
G1 X118.925 Y123.504 F24000
SET_VELOCITY_LIMIT ACCEL=2000 ACCEL_TO_DECEL=1000
G1 F6623.92
G1 X102.779 Y139.651 E.68793
SET_VELOCITY_LIMIT ACCEL=8000 ACCEL_TO_DECEL=4000
G1 X102.45 Y139.445 F24000
SET_VELOCITY_LIMIT ACCEL=2000 ACCEL_TO_DECEL=1000
G1 F6623.92
G1 X118.617 Y123.279 E.68878
SET_VELOCITY_LIMIT ACCEL=8000 ACCEL_TO_DECEL=4000
G1 X118.308 Y123.053 F24000
SET_VELOCITY_LIMIT ACCEL=2000 ACCEL_TO_DECEL=1000
G1 F6623.92
G1 X102.122 Y139.239 E.68963
SET_VELOCITY_LIMIT ACCEL=8000 ACCEL_TO_DECEL=4000
G1 X101.794 Y139.034 F24000
SET_VELOCITY_LIMIT ACCEL=2000 ACCEL_TO_DECEL=1000
G1 F6623.92
G1 X118 Y122.828 E.69048
SET_VELOCITY_LIMIT ACCEL=8000 ACCEL_TO_DECEL=4000
G1 X117.692 Y122.602 F24000
SET_VELOCITY_LIMIT ACCEL=2000 ACCEL_TO_DECEL=1000
G1 F6623.92
G1 X101.466 Y138.828 E.69133
SET_VELOCITY_LIMIT ACCEL=8000 ACCEL_TO_DECEL=4000
G1 X101.138 Y138.623 F24000
SET_VELOCITY_LIMIT ACCEL=2000 ACCEL_TO_DECEL=1000
G1 F6623.92
G1 X117.384 Y122.377 E.69218
SET_VELOCITY_LIMIT ACCEL=8000 ACCEL_TO_DECEL=4000
G1 X117.076 Y122.151 F24000
SET_VELOCITY_LIMIT ACCEL=2000 ACCEL_TO_DECEL=1000
G1 F6623.92
G1 X100.81 Y138.417 E.69303
SET_VELOCITY_LIMIT ACCEL=8000 ACCEL_TO_DECEL=4000
G1 X100.482 Y138.211 F24000
SET_VELOCITY_LIMIT ACCEL=2000 ACCEL_TO_DECEL=1000
G1 F6623.92
G1 X116.767 Y121.926 E.69388
SET_VELOCITY_LIMIT ACCEL=8000 ACCEL_TO_DECEL=4000
G1 X116.459 Y121.7 F24000
SET_VELOCITY_LIMIT ACCEL=2000 ACCEL_TO_DECEL=1000
G1 F6623.92
G1 X100.153 Y138.006 E.69473
SET_VELOCITY_LIMIT ACCEL=8000 ACCEL_TO_DECEL=4000
G1 X99.825 Y137.8 F24000
SET_VELOCITY_LIMIT ACCEL=2000 ACCEL_TO_DECEL=1000
G1 F6623.92
G1 X116.151 Y121.474 E.69558
SET_VELOCITY_LIMIT ACCEL=8000 ACCEL_TO_DECEL=4000
G1 X115.843 Y121.249 F24000
SET_VELOCITY_LIMIT ACCEL=2000 ACCEL_TO_DECEL=1000
G1 F6623.92
G1 X99.497 Y137.595 E.69643
SET_VELOCITY_LIMIT ACCEL=8000 ACCEL_TO_DECEL=4000
G1 X99.169 Y137.389 F24000
SET_VELOCITY_LIMIT ACCEL=2000 ACCEL_TO_DECEL=1000
G1 F6623.92
G1 X115.535 Y121.023 E.69728
SET_VELOCITY_LIMIT ACCEL=8000 ACCEL_TO_DECEL=4000
G1 X115.226 Y120.798 F24000
SET_VELOCITY_LIMIT ACCEL=2000 ACCEL_TO_DECEL=1000
G1 F6623.92
G1 X98.841 Y137.183 E.69813
SET_VELOCITY_LIMIT ACCEL=8000 ACCEL_TO_DECEL=4000
G1 X98.513 Y136.978 F24000
SET_VELOCITY_LIMIT ACCEL=2000 ACCEL_TO_DECEL=1000
G1 F6623.92
G1 X114.918 Y120.572 E.69898
SET_VELOCITY_LIMIT ACCEL=8000 ACCEL_TO_DECEL=4000
G1 X114.61 Y120.347 F24000
SET_VELOCITY_LIMIT ACCEL=2000 ACCEL_TO_DECEL=1000
G1 F6623.92
G1 X98.185 Y136.772 E.69983
SET_VELOCITY_LIMIT ACCEL=8000 ACCEL_TO_DECEL=4000
G1 X97.856 Y136.566 F24000
SET_VELOCITY_LIMIT ACCEL=2000 ACCEL_TO_DECEL=1000
G1 F6623.92
G1 X114.302 Y120.121 E.70068
SET_VELOCITY_LIMIT ACCEL=8000 ACCEL_TO_DECEL=4000
G1 X113.994 Y119.896 F24000
SET_VELOCITY_LIMIT ACCEL=2000 ACCEL_TO_DECEL=1000
G1 F6623.92
G1 X97.528 Y136.361 E.70153
SET_VELOCITY_LIMIT ACCEL=8000 ACCEL_TO_DECEL=4000
G1 X97.2 Y136.155 F24000
SET_VELOCITY_LIMIT ACCEL=2000 ACCEL_TO_DECEL=1000
G1 F6623.92
G1 X113.685 Y119.67 E.70237
SET_VELOCITY_LIMIT ACCEL=8000 ACCEL_TO_DECEL=4000
G1 X113.377 Y119.444 F24000
SET_VELOCITY_LIMIT ACCEL=2000 ACCEL_TO_DECEL=1000
G1 F6623.92
G1 X96.872 Y135.95 E.70322
SET_VELOCITY_LIMIT ACCEL=8000 ACCEL_TO_DECEL=4000
G1 X96.544 Y135.744 F24000
SET_VELOCITY_LIMIT ACCEL=2000 ACCEL_TO_DECEL=1000
G1 F6623.92
G1 X113.069 Y119.219 E.70407
SET_VELOCITY_LIMIT ACCEL=8000 ACCEL_TO_DECEL=4000
G1 X112.761 Y118.993 F24000
SET_VELOCITY_LIMIT ACCEL=2000 ACCEL_TO_DECEL=1000
G1 F6623.92
G1 X96.216 Y135.538 E.70492
SET_VELOCITY_LIMIT ACCEL=8000 ACCEL_TO_DECEL=4000
G1 X96.047 Y135.173 F24000
SET_VELOCITY_LIMIT ACCEL=2000 ACCEL_TO_DECEL=1000
G1 F6623.92
G1 X112.453 Y118.768 E.69898
SET_VELOCITY_LIMIT ACCEL=8000 ACCEL_TO_DECEL=4000
G1 X112.144 Y118.542 F24000
SET_VELOCITY_LIMIT ACCEL=2000 ACCEL_TO_DECEL=1000
G1 F6623.92
G1 X96.035 Y134.651 E.68636
SET_VELOCITY_LIMIT ACCEL=8000 ACCEL_TO_DECEL=4000
G1 X96.023 Y134.13 F24000
SET_VELOCITY_LIMIT ACCEL=2000 ACCEL_TO_DECEL=1000
G1 F6623.92
G1 X111.836 Y118.317 E.67374
SET_VELOCITY_LIMIT ACCEL=8000 ACCEL_TO_DECEL=4000
G1 X111.528 Y118.091 F24000
SET_VELOCITY_LIMIT ACCEL=2000 ACCEL_TO_DECEL=1000
G1 F6623.92
G1 X96.011 Y133.608 E.66112
SET_VELOCITY_LIMIT ACCEL=8000 ACCEL_TO_DECEL=4000
G1 X95.999 Y133.086 F24000
SET_VELOCITY_LIMIT ACCEL=2000 ACCEL_TO_DECEL=1000
G1 F6623.92
G1 X111.22 Y117.866 E.6485
SET_VELOCITY_LIMIT ACCEL=8000 ACCEL_TO_DECEL=4000
G1 X110.912 Y117.64 F24000
SET_VELOCITY_LIMIT ACCEL=2000 ACCEL_TO_DECEL=1000
G1 F6623.92
G1 X95.987 Y132.565 E.63588
SET_VELOCITY_LIMIT ACCEL=8000 ACCEL_TO_DECEL=4000
G1 X95.975 Y132.043 F24000
SET_VELOCITY_LIMIT ACCEL=2000 ACCEL_TO_DECEL=1000
G1 F6623.92
G1 X110.603 Y117.414 E.62327
SET_VELOCITY_LIMIT ACCEL=8000 ACCEL_TO_DECEL=4000
G1 X110.295 Y117.189 F24000
SET_VELOCITY_LIMIT ACCEL=2000 ACCEL_TO_DECEL=1000
G1 F6623.92
G1 X95.963 Y131.521 E.61065
SET_VELOCITY_LIMIT ACCEL=8000 ACCEL_TO_DECEL=4000
G1 X95.951 Y130.999 F24000
SET_VELOCITY_LIMIT ACCEL=2000 ACCEL_TO_DECEL=1000
G1 F6623.92
G1 X109.987 Y116.963 E.59803
SET_VELOCITY_LIMIT ACCEL=8000 ACCEL_TO_DECEL=4000
G1 X109.679 Y116.738 F24000
SET_VELOCITY_LIMIT ACCEL=2000 ACCEL_TO_DECEL=1000
G1 F6623.92
G1 X95.939 Y130.478 E.58541
SET_VELOCITY_LIMIT ACCEL=8000 ACCEL_TO_DECEL=4000
G1 X95.927 Y129.956 F24000
SET_VELOCITY_LIMIT ACCEL=2000 ACCEL_TO_DECEL=1000
G1 F6623.92
G1 X109.371 Y116.512 E.57279
SET_VELOCITY_LIMIT ACCEL=8000 ACCEL_TO_DECEL=4000
G1 X109.062 Y116.287 F24000
SET_VELOCITY_LIMIT ACCEL=2000 ACCEL_TO_DECEL=1000
G1 F6623.92
G1 X95.915 Y129.434 E.56017
SET_VELOCITY_LIMIT ACCEL=8000 ACCEL_TO_DECEL=4000
G1 X95.903 Y128.913 F24000
SET_VELOCITY_LIMIT ACCEL=2000 ACCEL_TO_DECEL=1000
G1 F6623.92
G1 X108.754 Y116.061 E.54755
SET_VELOCITY_LIMIT ACCEL=8000 ACCEL_TO_DECEL=4000
G1 X108.446 Y115.836 F24000
SET_VELOCITY_LIMIT ACCEL=2000 ACCEL_TO_DECEL=1000
G1 F6623.92
G1 X95.891 Y128.391 E.53493
SET_VELOCITY_LIMIT ACCEL=8000 ACCEL_TO_DECEL=4000
G1 X95.879 Y127.869 F24000
SET_VELOCITY_LIMIT ACCEL=2000 ACCEL_TO_DECEL=1000
G1 F6623.92
G1 X108.138 Y115.61 E.52232
SET_VELOCITY_LIMIT ACCEL=8000 ACCEL_TO_DECEL=4000
G1 X107.83 Y115.384 F24000
SET_VELOCITY_LIMIT ACCEL=2000 ACCEL_TO_DECEL=1000
G1 F6623.92
G1 X95.867 Y127.347 E.5097
SET_VELOCITY_LIMIT ACCEL=8000 ACCEL_TO_DECEL=4000
G1 X95.855 Y126.826 F24000
SET_VELOCITY_LIMIT ACCEL=2000 ACCEL_TO_DECEL=1000
G1 F6623.92
G1 X107.521 Y115.159 E.49708
SET_VELOCITY_LIMIT ACCEL=8000 ACCEL_TO_DECEL=4000
G1 X107.213 Y114.933 F24000
SET_VELOCITY_LIMIT ACCEL=2000 ACCEL_TO_DECEL=1000
G1 F6623.92
G1 X95.843 Y126.304 E.48446
SET_VELOCITY_LIMIT ACCEL=8000 ACCEL_TO_DECEL=4000
G1 X95.831 Y125.782 F24000
SET_VELOCITY_LIMIT ACCEL=2000 ACCEL_TO_DECEL=1000
G1 F6623.92
G1 X106.905 Y114.708 E.47184
SET_VELOCITY_LIMIT ACCEL=8000 ACCEL_TO_DECEL=4000
G1 X106.597 Y114.482 F24000
SET_VELOCITY_LIMIT ACCEL=2000 ACCEL_TO_DECEL=1000
G1 F6623.92
G1 X95.819 Y125.26 E.45922
SET_VELOCITY_LIMIT ACCEL=8000 ACCEL_TO_DECEL=4000
G1 X95.807 Y124.739 F24000
SET_VELOCITY_LIMIT ACCEL=2000 ACCEL_TO_DECEL=1000
G1 F6623.92
G1 X106.289 Y114.257 E.4466
SET_VELOCITY_LIMIT ACCEL=8000 ACCEL_TO_DECEL=4000
G1 X105.98 Y114.031 F24000
SET_VELOCITY_LIMIT ACCEL=2000 ACCEL_TO_DECEL=1000
G1 F6623.92
G1 X95.795 Y124.217 E.43399
SET_VELOCITY_LIMIT ACCEL=8000 ACCEL_TO_DECEL=4000
G1 X95.783 Y123.695 F24000
SET_VELOCITY_LIMIT ACCEL=2000 ACCEL_TO_DECEL=1000
G1 F6623.92
G1 X105.672 Y113.806 E.42137
SET_VELOCITY_LIMIT ACCEL=8000 ACCEL_TO_DECEL=4000
G1 X105.364 Y113.58 F24000
SET_VELOCITY_LIMIT ACCEL=2000 ACCEL_TO_DECEL=1000
G1 F6623.92
G1 X95.771 Y123.174 E.40875
SET_VELOCITY_LIMIT ACCEL=8000 ACCEL_TO_DECEL=4000
G1 X95.758 Y122.652 F24000
SET_VELOCITY_LIMIT ACCEL=2000 ACCEL_TO_DECEL=1000
G1 F6623.92
G1 X105.056 Y113.354 E.39613
SET_VELOCITY_LIMIT ACCEL=8000 ACCEL_TO_DECEL=4000
G1 X104.748 Y113.129 F24000
SET_VELOCITY_LIMIT ACCEL=2000 ACCEL_TO_DECEL=1000
G1 F6623.92
G1 X95.746 Y122.13 E.38351
SET_VELOCITY_LIMIT ACCEL=8000 ACCEL_TO_DECEL=4000
G1 X95.734 Y121.608 F24000
SET_VELOCITY_LIMIT ACCEL=2000 ACCEL_TO_DECEL=1000
G1 F6623.92
G1 X104.44 Y112.903 E.37089
SET_VELOCITY_LIMIT ACCEL=8000 ACCEL_TO_DECEL=4000
G1 X104.131 Y112.678 F24000
SET_VELOCITY_LIMIT ACCEL=2000 ACCEL_TO_DECEL=1000
G1 F6623.92
G1 X95.722 Y121.087 E.35827
SET_VELOCITY_LIMIT ACCEL=8000 ACCEL_TO_DECEL=4000
G1 X95.71 Y120.565 F24000
SET_VELOCITY_LIMIT ACCEL=2000 ACCEL_TO_DECEL=1000
G1 F6623.92
G1 X103.823 Y112.452 E.34565
SET_VELOCITY_LIMIT ACCEL=8000 ACCEL_TO_DECEL=4000
G1 X103.515 Y112.227 F24000
SET_VELOCITY_LIMIT ACCEL=2000 ACCEL_TO_DECEL=1000
G1 F6623.92
G1 X95.698 Y120.043 E.33304
SET_VELOCITY_LIMIT ACCEL=8000 ACCEL_TO_DECEL=4000
G1 X95.686 Y119.521 F24000
SET_VELOCITY_LIMIT ACCEL=2000 ACCEL_TO_DECEL=1000
G1 F6623.92
G1 X103.207 Y112.001 E.32042
SET_VELOCITY_LIMIT ACCEL=8000 ACCEL_TO_DECEL=4000
G1 X102.899 Y111.776 F24000
SET_VELOCITY_LIMIT ACCEL=2000 ACCEL_TO_DECEL=1000
G1 F6623.92
G1 X95.674 Y119 E.3078
SET_VELOCITY_LIMIT ACCEL=8000 ACCEL_TO_DECEL=4000
G1 X95.662 Y118.478 F24000
SET_VELOCITY_LIMIT ACCEL=2000 ACCEL_TO_DECEL=1000
G1 F6623.92
G1 X102.59 Y111.55 E.29518
SET_VELOCITY_LIMIT ACCEL=8000 ACCEL_TO_DECEL=4000
G1 X102.282 Y111.324 F24000
SET_VELOCITY_LIMIT ACCEL=2000 ACCEL_TO_DECEL=1000
G1 F6623.92
G1 X95.65 Y117.956 E.28256
SET_VELOCITY_LIMIT ACCEL=8000 ACCEL_TO_DECEL=4000
G1 X95.638 Y117.435 F24000
SET_VELOCITY_LIMIT ACCEL=2000 ACCEL_TO_DECEL=1000
G1 F6623.92
G1 X101.974 Y111.099 E.26994
SET_VELOCITY_LIMIT ACCEL=8000 ACCEL_TO_DECEL=4000
G1 X101.666 Y110.873 F24000
SET_VELOCITY_LIMIT ACCEL=2000 ACCEL_TO_DECEL=1000
G1 F6623.92
G1 X95.626 Y116.913 E.25732
SET_VELOCITY_LIMIT ACCEL=8000 ACCEL_TO_DECEL=4000
G1 X95.614 Y116.391 F24000
SET_VELOCITY_LIMIT ACCEL=2000 ACCEL_TO_DECEL=1000
G1 F6623.92
G1 X101.358 Y110.648 E.24471
SET_VELOCITY_LIMIT ACCEL=8000 ACCEL_TO_DECEL=4000
G1 X101.049 Y110.422 F24000
SET_VELOCITY_LIMIT ACCEL=2000 ACCEL_TO_DECEL=1000
G1 F6623.92
G1 X95.602 Y115.869 E.23209
SET_VELOCITY_LIMIT ACCEL=8000 ACCEL_TO_DECEL=4000
G1 X95.59 Y115.348 F24000
SET_VELOCITY_LIMIT ACCEL=2000 ACCEL_TO_DECEL=1000
G1 F6623.92
G1 X100.741 Y110.197 E.21947
SET_VELOCITY_LIMIT ACCEL=8000 ACCEL_TO_DECEL=4000
G1 X100.433 Y109.971 F24000
SET_VELOCITY_LIMIT ACCEL=2000 ACCEL_TO_DECEL=1000
G1 F6623.92
G1 X95.578 Y114.826 E.20685
SET_VELOCITY_LIMIT ACCEL=8000 ACCEL_TO_DECEL=4000
G1 X95.566 Y114.304 F24000
SET_VELOCITY_LIMIT ACCEL=2000 ACCEL_TO_DECEL=1000
G1 F6623.92
G1 X100.125 Y109.746 E.19423
SET_VELOCITY_LIMIT ACCEL=8000 ACCEL_TO_DECEL=4000
G1 X99.817 Y109.52 F24000
SET_VELOCITY_LIMIT ACCEL=2000 ACCEL_TO_DECEL=1000
G1 F6623.92
G1 X95.554 Y113.783 E.18161
SET_VELOCITY_LIMIT ACCEL=8000 ACCEL_TO_DECEL=4000
G1 X95.542 Y113.261 F24000
SET_VELOCITY_LIMIT ACCEL=2000 ACCEL_TO_DECEL=1000
G1 F6623.92
G1 X99.508 Y109.294 E.16899
SET_VELOCITY_LIMIT ACCEL=8000 ACCEL_TO_DECEL=4000
G1 X99.2 Y109.069 F24000
SET_VELOCITY_LIMIT ACCEL=2000 ACCEL_TO_DECEL=1000
G1 F6623.92
G1 X95.53 Y112.739 E.15637
SET_VELOCITY_LIMIT ACCEL=8000 ACCEL_TO_DECEL=4000
G1 X95.518 Y112.217 F24000
SET_VELOCITY_LIMIT ACCEL=2000 ACCEL_TO_DECEL=1000
G1 F6623.92
G1 X98.892 Y108.843 E.14376
SET_VELOCITY_LIMIT ACCEL=8000 ACCEL_TO_DECEL=4000
G1 X98.584 Y108.618 F24000
SET_VELOCITY_LIMIT ACCEL=2000 ACCEL_TO_DECEL=1000
G1 F6623.92
G1 X95.506 Y111.696 E.13114
SET_VELOCITY_LIMIT ACCEL=8000 ACCEL_TO_DECEL=4000
G1 X95.494 Y111.174 F24000
SET_VELOCITY_LIMIT ACCEL=2000 ACCEL_TO_DECEL=1000
G1 F6623.92
G1 X98.276 Y108.392 E.11852
SET_VELOCITY_LIMIT ACCEL=8000 ACCEL_TO_DECEL=4000
G1 X97.967 Y108.167 F24000
SET_VELOCITY_LIMIT ACCEL=2000 ACCEL_TO_DECEL=1000
G1 F6623.92
G1 X95.482 Y110.652 E.1059
SET_VELOCITY_LIMIT ACCEL=8000 ACCEL_TO_DECEL=4000
G1 X95.47 Y110.13 F24000
SET_VELOCITY_LIMIT ACCEL=2000 ACCEL_TO_DECEL=1000
G1 F6623.92
G1 X97.659 Y107.941 E.09328
SET_VELOCITY_LIMIT ACCEL=8000 ACCEL_TO_DECEL=4000
G1 X97.351 Y107.716 F24000
SET_VELOCITY_LIMIT ACCEL=2000 ACCEL_TO_DECEL=1000
G1 F6623.92
G1 X95.458 Y109.609 E.08066
SET_VELOCITY_LIMIT ACCEL=8000 ACCEL_TO_DECEL=4000
G1 X95.446 Y109.087 F24000
SET_VELOCITY_LIMIT ACCEL=2000 ACCEL_TO_DECEL=1000
G1 F6623.92
G1 X97.043 Y107.49 E.06804
SET_VELOCITY_LIMIT ACCEL=8000 ACCEL_TO_DECEL=4000
G1 X96.735 Y107.264 F24000
SET_VELOCITY_LIMIT ACCEL=2000 ACCEL_TO_DECEL=1000
G1 F6623.92
G1 X95.434 Y108.565 E.05542
SET_VELOCITY_LIMIT ACCEL=8000 ACCEL_TO_DECEL=4000
G1 X95.422 Y108.044 F24000
SET_VELOCITY_LIMIT ACCEL=2000 ACCEL_TO_DECEL=1000
G1 F6623.92
G1 X96.426 Y107.039 E.04281
SET_VELOCITY_LIMIT ACCEL=8000 ACCEL_TO_DECEL=4000
G1 X96.118 Y106.813 F24000
SET_VELOCITY_LIMIT ACCEL=2000 ACCEL_TO_DECEL=1000
G1 F6623.92
G1 X95.41 Y107.522 E.03019
SET_VELOCITY_LIMIT ACCEL=8000 ACCEL_TO_DECEL=4000
G1 X95.398 Y107 F24000
SET_VELOCITY_LIMIT ACCEL=2000 ACCEL_TO_DECEL=1000
G1 F6623.92
G1 X95.81 Y106.588 E.01757
G1 E-.8 F2400
;WIPE_START
G1 F6623.92
G1 X95.398 Y107
;WIPE_END
SET_VELOCITY_LIMIT ACCEL=8000 ACCEL_TO_DECEL=4000
G1 X99.847 Y113.201 Z24.4 F24000
G1 X127.653 Y151.952 Z24.4
G1 Z24
G1 E.8 F2400
SET_VELOCITY_LIMIT ACCEL=6000 ACCEL_TO_DECEL=3000
;TYPE:Gap infill
;WIDTH:0.136346
G1 F15000
G1 X127.26 Y152.321 E.00402
;WIDTH:0.120287
G1 X126.867 Y152.689 E.00333
G1 E-.8 F2400
;WIPE_START
G1 F15000
G1 X127.26 Y152.321
;WIPE_END
SET_VELOCITY_LIMIT ACCEL=8000 ACCEL_TO_DECEL=4000
G1 X132.07 Y148.069 Z24.4 F24000
G1 Z24
G1 E.8 F2400
SET_VELOCITY_LIMIT ACCEL=6000 ACCEL_TO_DECEL=3000
;WIDTH:0.136346
G1 F15000
G1 X131.677 Y148.437 E.00402
;WIDTH:0.120287
G1 X131.284 Y148.806 E.00333
G1 E-.8 F2400
;WIPE_START
G1 F15000
G1 X131.677 Y148.437
;WIPE_END
SET_VELOCITY_LIMIT ACCEL=8000 ACCEL_TO_DECEL=4000
G1 X136.487 Y144.186 Z24.4 F24000
G1 Z24
G1 E.8 F2400
SET_VELOCITY_LIMIT ACCEL=6000 ACCEL_TO_DECEL=3000
;WIDTH:0.136346
G1 F15000
G1 X136.094 Y144.554 E.00402
;WIDTH:0.120287
G1 X135.701 Y144.923 E.00333
G1 E-.8 F2400
;WIPE_START
G1 F15000
G1 X136.094 Y144.554
;WIPE_END
SET_VELOCITY_LIMIT ACCEL=8000 ACCEL_TO_DECEL=4000
G1 X140.904 Y140.302 Z24.4 F24000
G1 Z24
G1 E.8 F2400
SET_VELOCITY_LIMIT ACCEL=6000 ACCEL_TO_DECEL=3000
;WIDTH:0.136346
G1 F15000
G1 X140.511 Y140.671 E.00402
;WIDTH:0.120287
G1 X140.118 Y141.04 E.00333
G1 E-.8 F2400
;WIPE_START
G1 F15000
G1 X140.511 Y140.671
;WIPE_END
SET_VELOCITY_LIMIT ACCEL=8000 ACCEL_TO_DECEL=4000
G1 X145.321 Y136.419 Z24.4 F24000
G1 Z24
G1 E.8 F2400
SET_VELOCITY_LIMIT ACCEL=6000 ACCEL_TO_DECEL=3000
;WIDTH:0.136346
G1 F15000
G1 X144.928 Y136.788 E.00402
;WIDTH:0.120287
G1 X144.535 Y137.156 E.00333
G1 E-.8 F2400
;WIPE_START
G1 F15000
G1 X144.928 Y136.788
;WIPE_END
SET_VELOCITY_LIMIT ACCEL=8000 ACCEL_TO_DECEL=4000
G1 X149.738 Y132.536 Z24.4 F24000
G1 Z24
G1 E.8 F2400
SET_VELOCITY_LIMIT ACCEL=6000 ACCEL_TO_DECEL=3000
;WIDTH:0.136346
G1 F15000
G1 X149.345 Y132.904 E.00402
;WIDTH:0.120287
G1 X148.952 Y133.273 E.00333
G1 E-.8 F2400
;WIPE_START
G1 F15000
G1 X149.345 Y132.904
;WIPE_END
SET_VELOCITY_LIMIT ACCEL=8000 ACCEL_TO_DECEL=4000
G1 X154.155 Y128.652 Z24.4 F24000
G1 Z24
G1 E.8 F2400
SET_VELOCITY_LIMIT ACCEL=6000 ACCEL_TO_DECEL=3000
;WIDTH:0.136346
G1 F15000
G1 X153.762 Y129.021 E.00402
;WIDTH:0.120287
G1 X153.369 Y129.39 E.00333
G1 E-.8 F2400
;WIPE_START
G1 F15000
G1 X153.762 Y129.021
;WIPE_END
SET_VELOCITY_LIMIT ACCEL=8000 ACCEL_TO_DECEL=4000
G1 X158.572 Y124.769 Z24.4 F24000
G1 Z24
G1 E.8 F2400
SET_VELOCITY_LIMIT ACCEL=6000 ACCEL_TO_DECEL=3000
;WIDTH:0.136346
G1 F15000
G1 X158.179 Y125.138 E.00402
;WIDTH:0.120287
G1 X157.786 Y125.506 E.00333
G1 E-.8 F2400
;WIPE_START
G1 F15000
G1 X158.179 Y125.138
;WIPE_END
SET_VELOCITY_LIMIT ACCEL=8000 ACCEL_TO_DECEL=4000
G1 X162.989 Y120.886 Z24.4 F24000
G1 Z24
G1 E.8 F2400
SET_VELOCITY_LIMIT ACCEL=6000 ACCEL_TO_DECEL=3000
;WIDTH:0.136346
G1 F15000
G1 X162.596 Y121.254 E.00402
;WIDTH:0.120287
G1 X162.203 Y121.623 E.00333
G1 E-.8 F2400
;WIPE_START
G1 F15000
G1 X162.596 Y121.254
;WIPE_END
SET_VELOCITY_LIMIT ACCEL=8000 ACCEL_TO_DECEL=4000
G1 X161.193 Y113.752 Z24.4 F24000
G1 X161.069 Y113.088 Z24.4
G1 Z24
G1 E.8 F2400
SET_VELOCITY_LIMIT ACCEL=6000 ACCEL_TO_DECEL=3000
;WIDTH:0.104227
G1 F15000
G1 X160.676 Y113.456 E.00264
;WIDTH:0.120286
G1 X160.283 Y113.825 E.00333
G1 E-.8 F2400
;WIPE_START
G1 F15000
G1 X160.676 Y113.456
;WIPE_END
SET_VELOCITY_LIMIT ACCEL=8000 ACCEL_TO_DECEL=4000
G1 X156.652 Y116.971 Z24.4 F24000
G1 Z24
G1 E.8 F2400
SET_VELOCITY_LIMIT ACCEL=6000 ACCEL_TO_DECEL=3000
;WIDTH:0.104227
G1 F15000
G1 X156.259 Y117.34 E.00264
;WIDTH:0.120286
G1 X155.866 Y117.708 E.00333
G1 E-.8 F2400
;WIPE_START
G1 F15000
G1 X156.259 Y117.34
;WIPE_END
SET_VELOCITY_LIMIT ACCEL=8000 ACCEL_TO_DECEL=4000
G1 X152.235 Y120.854 Z24.4 F24000
G1 Z24
G1 E.8 F2400
SET_VELOCITY_LIMIT ACCEL=6000 ACCEL_TO_DECEL=3000
;WIDTH:0.104227
G1 F15000
G1 X151.842 Y121.223 E.00264
;WIDTH:0.120286
G1 X151.449 Y121.591 E.00333
G1 E-.8 F2400
;WIPE_START
G1 F15000
G1 X151.842 Y121.223
;WIPE_END
SET_VELOCITY_LIMIT ACCEL=8000 ACCEL_TO_DECEL=4000
G1 X147.818 Y124.738 Z24.4 F24000
G1 Z24
G1 E.8 F2400
SET_VELOCITY_LIMIT ACCEL=6000 ACCEL_TO_DECEL=3000
;WIDTH:0.104227
G1 F15000
G1 X147.425 Y125.106 E.00264
;WIDTH:0.120286
G1 X147.031 Y125.475 E.00333
G1 E-.8 F2400
;WIPE_START
G1 F15000
G1 X147.425 Y125.106
;WIPE_END
SET_VELOCITY_LIMIT ACCEL=8000 ACCEL_TO_DECEL=4000
G1 X143.401 Y128.621 Z24.4 F24000
G1 Z24
G1 E.8 F2400
SET_VELOCITY_LIMIT ACCEL=6000 ACCEL_TO_DECEL=3000
;WIDTH:0.104227
G1 F15000
G1 X143.008 Y128.989 E.00264
;WIDTH:0.120286
G1 X142.614 Y129.358 E.00333
G1 E-.8 F2400
;WIPE_START
G1 F15000
G1 X143.008 Y128.989
;WIPE_END
SET_VELOCITY_LIMIT ACCEL=8000 ACCEL_TO_DECEL=4000
G1 X138.984 Y132.504 Z24.4 F24000
G1 Z24
G1 E.8 F2400
SET_VELOCITY_LIMIT ACCEL=6000 ACCEL_TO_DECEL=3000
;WIDTH:0.104227
G1 F15000
G1 X138.59 Y132.873 E.00264
;WIDTH:0.120287
G1 X138.197 Y133.241 E.00333
G1 E-.8 F2400
;WIPE_START
G1 F15000
G1 X138.59 Y132.873
;WIPE_END
SET_VELOCITY_LIMIT ACCEL=8000 ACCEL_TO_DECEL=4000
G1 X145.209 Y129.072 Z24.4 F24000
G1 X169.277 Y115.249 Z24.4
G1 Z24
G1 E.8 F2400
SET_VELOCITY_LIMIT ACCEL=6000 ACCEL_TO_DECEL=3000
;WIDTH:0.289519
G1 F10137.941
G1 X168.745 Y115.747 E.01434
;WIDTH:0.244774
G1 F12385.202
G1 X168.214 Y116.245 E.01174
;WIDTH:0.20003
G1 F15000
G1 X167.683 Y116.743 E.00913
;WIDTH:0.155285
G1 X167.151 Y117.241 E.00653
;WIDTH:0.132913
G1 X166.62 Y117.74 E.00523
;TIME_ELAPSED:2335.525391

G1 E-.8 F2400
;WIPE_START
G1 F15000
G1 X167.151 Y117.241
;WIPE_END
EXCLUDE_OBJECT_END NAME=arm.stl_id_0_copy_0
M106 S0
;TYPE:Custom
;filament end gcode 
G1 E-0.8 F2400 ; retract
G2 Z27 I0.86 J0.86 P1 F10000 ; spiral lift a little from second lift
G92 E0 ; zero the extruder

G1 X0 Y180 F8000
END_PRINT
M73 P100 R0
;TIME_ELAPSED:2336.605752

; EXECUTABLE_BLOCK_END

; filament used [mm] = 5238.73
; filament used [cm3] = 12.60
; filament used [g] = 16.00
; filament cost = 0.22
; total filament cost = 0.22
; total layers count = 120
; estimated printing time (normal mode) = 38m 55s

; CONFIG_BLOCK_START
; accel_to_decel_enable = 1
; accel_to_decel_factor = 50%
; acceleration_limit_mess = [[1,1.2,150,5000]]
; acceleration_limit_mess_enable = 1
; activate_air_filtration = 0
; activate_chamber_layer = 1
; activate_chamber_temp_control = 0
; adaptive_bed_mesh_margin = 0
; additional_cooling_fan_speed = 0
; ai_infill = 0
; align_infill_direction_to_model = 0
; alternate_extra_wall = 0
; arc_tolerance = 12
; automatic_extrusion_widths = 0
; auxiliary_fan = 0
; bbl_calib_mark_logo = 1
; bbl_use_printhost = 0
; bed_custom_model = 
; bed_custom_texture = 
; bed_exclude_area = 0x0
; bed_mesh_max = 255,255
; bed_mesh_min = 0,0
; bed_mesh_probe_distance = 5,5
; bed_temperature_mode = use_first_material
; before_layer_change_gcode = ;BEFORE_LAYER_CHANGE\n;[layer_z]\nG92 E0\n
; belt_Z_offset = 0
; best_object_pos = 0.5,0.5
; bottom_shell_layers = 3
; bottom_shell_thickness = 0
; bottom_solid_infill_flow_ratio = 1.05
; bottom_surface_pattern = monotonic
; bridge_acceleration = 50%
; bridge_angle = 0
; bridge_density = 100%
; bridge_flow = 1
; bridge_no_support = 0
; bridge_speed = 30
; brim_ears_detection_length = 1
; brim_ears_max_angle = 125
; brim_object_gap = 0.1
; brim_type = auto_brim
; brim_width = 3
; chamber_temperature = 0
; change_extrusion_role_gcode = 
; change_filament_gcode = {if toolchange_count > 1 }\nG17\nG2 Z{z_after_toolchange + 0.4} I0.86 J0.86 P1 F10000\n{endif}\nG1 X0 F18000\nM106 S120\nM8200 P S[next_extruder]\nM220 S100\n{if long_retractions_when_cut[previous_extruder]}\n{if filament_type[previous_extruder] == \"PETG\"}\n;PETG skip cut retraction\n{else}\n{if retraction_distances_when_cut[previous_extruder] < 28}\nM8200 R E-{retraction_distances_when_cut[previous_extruder]}\n{else}\nM8200 R E-28\n{endif}\n{endif}\n{endif}\n\nM400\nG1 X5 F10000\nSET_VELOCITY_LIMIT ACCEL=5000 ACCEL_TO_DECEL=500\nG0 F500\n\nM8200 C S0\nSET_VELOCITY_LIMIT ACCEL=5000 ACCEL_TO_DECEL=5000\nG0 Y255 F18000\nG0 X267 F18000\nG0 Y130 F18000 \nG0 X278 F2400 \nM8200 R\nM106 S30\nM104 S[nozzle_temperature_range_high[previous_extruder]]\nM8200 L I[next_extruder]\n{if long_retractions_when_cut[previous_extruder]}\n{if filament_type[previous_extruder] == \"PETG\"}\n;PETG skip restore after cut\n{else}\n{if retraction_distances_when_cut[previous_extruder] < 28}\nG1 E{retraction_distances_when_cut[previous_extruder]} F{old_filament_e_feedrate} \n{else}\nG1 E28 F{old_filament_e_feedrate} \n{endif}\n{endif}\n{endif}\nT[next_extruder]\n\n{if flush_length_1 > 1}\n;flush_length_1=[flush_length_1]\n; FLUSH_START\nM106 S70\n{if flush_length_2 > 1}\nM104 S[nozzle_temperature_range_high[next_extruder]]\n{else}\nM104 S[new_filament_temp]\n{endif}\n{if flush_length_1 > 32}\nG1 F60\nM400\nG1 E32 F{old_filament_e_feedrate}\nG1 E{(flush_length_1 - 32) * 0.02} F60\nG1 E{(flush_length_1 - 32) * 0.23} F{old_filament_e_feedrate}\nG1 E{(flush_length_1 - 32) * 0.02} F60\nG1 E{(flush_length_1 - 32) * 0.23} F{new_filament_e_feedrate}\nG1 E{(flush_length_1 - 32) * 0.02} F60\nG1 E{(flush_length_1 - 32) * 0.23} F{new_filament_e_feedrate}\nG1 E{(flush_length_1 - 32) * 0.02} F60\nG1 E{(flush_length_1 - 32) * 0.23} F{new_filament_e_feedrate}\n{else}\nG1 E{flush_length_1} F{old_filament_e_feedrate}\n{endif}\n{else}\nM104 S[new_filament_temp]\n{endif}\n\nM400\nM106 S255\nG4 P2500\nM106 S30\nG1 E-[old_retract_length_toolchange] F1800\n; FLUSH_END\n\n; WIPE\nSET_VELOCITY_LIMIT ACCEL=10000 ACCEL_TO_DECEL=10000\nG0 X267 F24000 \nG0 X278 F2400 \nG0 X267 F24000 \nG0 X278 F2400 \n\n{if flush_length_2 > 1}\n;flush_length_2=[flush_length_2]\n; FLUSH_START\n{if flush_length_3 < 1}\nM104 S[new_filament_temp]\n{endif}\nSET_VELOCITY_LIMIT ACCEL=5000 ACCEL_TO_DECEL=5000\nM106 S70\nG1 F60\nM400\nG1 E{flush_length_2 * 0.18 + old_retract_length_toolchange} F{new_filament_e_feedrate}\nG1 E{flush_length_2 * 0.02} F60\nG1 E{flush_length_2 * 0.18} F{new_filament_e_feedrate}\nG1 E{flush_length_2 * 0.02} F60\nG1 E{flush_length_2 * 0.18} F{new_filament_e_feedrate}\nG1 E{flush_length_2 * 0.02} F60\nG1 E{flush_length_2 * 0.18} F{new_filament_e_feedrate}\nG1 E{flush_length_2 * 0.02} F60\nG1 E{flush_length_2 * 0.18} F{new_filament_e_feedrate}\nG1 E{flush_length_2 * 0.02} F60\n\nM400\nM106 S255\nG4 P2500\nM106 S30\nG1 E-[new_retract_length_toolchange] F1800\n; FLUSH_END\n\n; WIPE\nSET_VELOCITY_LIMIT ACCEL=10000 ACCEL_TO_DECEL=10000\nG0 X267 F24000 \nG0 X278 F2400 \nG0 X267 F24000 \nG0 X278 F2400 \n{endif}\n\n{if flush_length_3 > 1}\n;flush_length_3=[flush_length_3]\n; FLUSH_START\n{if flush_length_4 < 1}\nM104 S[new_filament_temp]\n{endif}\nSET_VELOCITY_LIMIT ACCEL=5000 ACCEL_TO_DECEL=5000\nM106 S70\nG1 F60\nM400\nG1 E{flush_length_3 * 0.18 + new_retract_length_toolchange} F{new_filament_e_feedrate}\nG1 E{flush_length_3 * 0.02} F60\nG1 E{flush_length_3 * 0.18} F{new_filament_e_feedrate}\nG1 E{flush_length_3 * 0.02} F60\nG1 E{flush_length_3 * 0.18} F{new_filament_e_feedrate}\nG1 E{flush_length_3 * 0.02} F60\nG1 E{flush_length_3 * 0.18} F{new_filament_e_feedrate} \nG1 E{flush_length_3 * 0.02} F60\nG1 E{flush_length_3 * 0.18} F{new_filament_e_feedrate}\nG1 E{flush_length_3 * 0.02} F60\n\nM400\nM106 S255\nG4 P2500\nM106 S30\nG1 E-[new_retract_length_toolchange] F1800\n; FLUSH_END\n\n; WIPE\nSET_VELOCITY_LIMIT ACCEL=10000 ACCEL_TO_DECEL=10000\nG0 X267 F24000 \nG0 X278 F2400 \nG0 X267 F24000 \nG0 X278 F2400 \n{endif}\n\n{if flush_length_4 > 1}\n;flush_length_4=[flush_length_4]\n; FLUSH_START\n{if flush_length_5 < 1}\nM104 S[new_filament_temp]\n{endif}\nSET_VELOCITY_LIMIT ACCEL=5000 ACCEL_TO_DECEL=5000\nM106 S70\nG1 F60\nM400\nG1 E{flush_length_4 * 0.18 + new_retract_length_toolchange} F{new_filament_e_feedrate}\nG1 E{flush_length_4 * 0.02} F60\nG1 E{flush_length_4 * 0.18} F{new_filament_e_feedrate} \nG1 E{flush_length_4 * 0.02} F60\nG1 E{flush_length_4 * 0.18} F{new_filament_e_feedrate} \nG1 E{flush_length_4 * 0.02} F60\nG1 E{flush_length_4 * 0.18} F{new_filament_e_feedrate}  \nG1 E{flush_length_4 * 0.02} F60\nG1 E{flush_length_4 * 0.18} F{new_filament_e_feedrate} \nG1 E{flush_length_4 * 0.02} F60\n\nM400\nM106 S255\nG4 P2500\nM106 S30\nG1 E-[new_retract_length_toolchange] F1800\n; FLUSH_END\n\n; WIPE\nSET_VELOCITY_LIMIT ACCEL=10000 ACCEL_TO_DECEL=10000\nG0 X267 F24000 \nG0 X278 F2400 \nG0 X267 F24000 \nG0 X278 F2400 \n{endif}\n\n{if flush_length_5 > 1}\n;flush_length_5=[flush_length_5]\n; FLUSH_START\nM104 S[new_filament_temp]\nSET_VELOCITY_LIMIT ACCEL=5000 ACCEL_TO_DECEL=5000\nM106 S70\nG1 F60\nM400\nG1 E{flush_length_5 * 0.18 + new_retract_length_toolchange} F{new_filament_e_feedrate}\nG1 E{flush_length_5 * 0.02} F60\nG1 E{flush_length_5 * 0.18} F{new_filament_e_feedrate}\nG1 E{flush_length_5 * 0.02} F60\nG1 E{flush_length_5 * 0.18} F{new_filament_e_feedrate}\nG1 E{flush_length_5 * 0.02} F60\nG1 E{flush_length_5 * 0.18} F{new_filament_e_feedrate}\nG1 E{flush_length_5 * 0.02} F60\nG1 E{flush_length_5 * 0.18} F{new_filament_e_feedrate} \nG1 E{flush_length_5 * 0.02} F60\n\nM400\nM106 S255\nG4 P2500\nM106 S30\nG1 E-[new_retract_length_toolchange] F1800\n; FLUSH_END\n\n; WIPE\nSET_VELOCITY_LIMIT ACCEL=10000 ACCEL_TO_DECEL=10000\nG0 X267 F24000 \nG0 X278 F2400 \nG0 X267 F24000 \nG0 X278 F2400 \n{endif}\n\nSET_VELOCITY_LIMIT ACCEL=5000 ACCEL_TO_DECEL=5000\nG0 X267 F2400 \nM8200 O
; close_fan_the_first_x_layers = 3
; color_bed_exclude_area = 
; complete_print_exhaust_fan_speed = 0
; cool_cds_fan_start_at_height = 0.5
; cool_plate_temp = 80
; cool_plate_temp_initial_layer = 80
; cool_special_cds_fan_speed = 0
; cooling_perimeter_transition_distance = 0
; cooling_slowdown_logic = uniform_cooling
; cooling_tube_length = 0
; cooling_tube_retraction = 0
; counterbore_hole_bridging = none
; creality_flush_time = 0
; curr_bed_type = Cool Plate
; customized_plate_temp = 70
; customized_plate_temp_initial_layer = 70
; default_acceleration = 6000
; default_filament_colour = #F2754E
; default_filament_profile = "Hyper PLA @SPARKX i7 0.4 nozzle"
; default_filament_type = PETG
; default_flush_multiplier = 0.8
; default_jerk = 8
; default_print_profile = 0.20mm Standard @SPARKX i7 0.4 nozzle
; deretraction_speed = 30
; detect_narrow_internal_solid_infill = 1
; detect_overhang_wall = 1
; detect_thin_wall = 0
; disable_m73 = 0
; dithering_local_z_mode = 0
; dithering_step_painted_zones_only = 0
; dithering_z_step_size = 0
; dont_filter_internal_bridges = disabled
; dont_slow_down_outer_wall = 0
; draft_shield = disabled
; during_print_exhaust_fan_speed = 0
; elefant_foot_compensation = 0.15
; elefant_foot_compensation_layers = 1
; embedding_wall_into_infill = 0
; emit_machine_limits_to_gcode = 1
; enable_arc_fitting = 0
; enable_filament_ramming = 0
; enable_long_retraction_when_cut = 2
; enable_overhang_bridge_fan = 1
; enable_overhang_speed = 1
; enable_pressure_advance = 1
; enable_prime_tower = 0
; enable_special_area_additional_cooling_fan = 0
; enable_support = 0
; enforce_support_layers = 0
; eng_plate_temp = 0
; eng_plate_temp_initial_layer = 0
; ensure_vertical_shell_thickness = ensure_all
; epoxy_resin_plate_temp = 70
; epoxy_resin_plate_temp_initial_layer = 70
; exclude_object = 1
; external_infill_margin = 0
; extra_loading_move = 0
; extra_perimeters_on_overhangs = 0
; extruder_clearance_height_to_lid = 130
; extruder_clearance_height_to_rod = 40
; extruder_clearance_radius = 64
; extruder_colour = #FCE94F
; extruder_offset = 0x0
; fan_cooling_layer_time = 80
; fan_kickstart = 0
; fan_max_speed = 90
; fan_min_speed = 40
; fan_speedup_overhangs = 1
; fan_speedup_time = 0
; filament_adhesiveness_category = 100
; filament_can_change = 1
; filament_colour = #F2754E
; filament_cooling_final_speed = 3.4
; filament_cooling_initial_speed = 2.2
; filament_cooling_moves = 4
; filament_cost = 14
; filament_density = 1.27
; filament_deretraction_speed = 40
; filament_diameter = 1.75
; filament_end_gcode = ";filament end gcode \n"
; filament_flow_ratio = 0.96
; filament_ids = 00003
; filament_is_support = 0
; filament_load_time = 0
; filament_loading_speed = 28
; filament_loading_speed_start = 3
; filament_max_volumetric_speed = 8
; filament_minimal_purge_on_wipe_tower = 15
; filament_multitool_ramming = 0
; filament_multitool_ramming_flow = 10
; filament_multitool_ramming_volume = 10
; filament_notes = ""
; filament_ramming_parameters = "120 100 6.6 6.8 7.2 7.6 7.9 8.2 8.7 9.4 9.9 10.0| 0.05 6.6 0.45 6.8 0.95 7.8 1.45 8.3 1.95 9.7 2.45 10 2.95 7.6 3.45 7.6 3.95 7.6 4.45 7.6 4.95 7.6"
; filament_retract_before_wipe = 100%
; filament_retraction_minimum_travel = 2
; filament_retraction_speed = 40
; filament_settings_id = "Generic PETG @SPARKX i7 0.4 nozzle"
; filament_shrink = 100%
; filament_shrinkage_compensation_z = 100%
; filament_soluble = 0
; filament_stamping_distance = 0
; filament_stamping_loading_speed = 0
; filament_start_gcode = ";filament start gcode"
; filament_toolchange_delay = 0
; filament_type = PETG
; filament_unload_time = 0
; filament_unloading_speed = 90
; filament_unloading_speed_start = 100
; filament_vendor = Generic
; filament_wipe_distance = 2
; filename_format = {input_filename_base}_{filament_type[initial_tool]}_{print_time}.gcode
; fill_multiline = 1
; filter_out_gap_fill = 0
; first_layer_print_sequence = 0
; flush_box_first_clean_length = 90
; flush_box_need_clean_length = 70
; flush_box_need_clean_length_max = 100
; flush_into_infill = 0
; flush_into_objects = 0
; flush_into_skeleton = 0
; flush_into_support = 1
; flush_multiplier = 1
; flush_volumes_changed = 0
; flush_volumes_matrix = 0,280,280,280,280,0,280,280,280,280,0,280,280,280,280,0
; flush_volumes_vector = 140,140,140,140,140,140,140,140
; full_fan_speed_layer = 0
; fuzzy_skin = none
; fuzzy_skin_first_layer = 0
; fuzzy_skin_mode = displacement
; fuzzy_skin_noise_type = classic
; fuzzy_skin_octaves = 4
; fuzzy_skin_persistence = 0.5
; fuzzy_skin_point_distance = 0.8
; fuzzy_skin_scale = 1
; fuzzy_skin_thickness = 0.3
; gap_fill_target = everywhere
; gap_infill_speed = 250
; gcode_add_line_number = 0
; gcode_comments = 0
; gcode_flavor = klipper
; gcode_label_objects = 0
; has_scarf_joint_seam = 0
; head_wrap_detect_zone = 
; high_current_on_filament_swap = 0
; hole_to_polyhole = 0
; hole_to_polyhole_threshold = 0.01
; hole_to_polyhole_twisted = 1
; host_type = octoprint
; hot_plate_temp = 70
; hot_plate_temp_initial_layer = 70
; idle_temperature = 0
; ignore_inner_color = 0
; independent_support_layer_height = 1
; infill_anchor = 400%
; infill_anchor_max = 20
; infill_combination = 0
; infill_combination_max_layer_height = 100%
; infill_direction = 45
; infill_jerk = 8
; infill_lock_depth = 1
; infill_overhang_angle = 45
; infill_rotate_step = 0
; infill_shift_step = 0.4
; infill_wall_overlap = 15%
; inherits_group = ;;
; initial_layer_acceleration = 4500
; initial_layer_infill_speed = 95
; initial_layer_jerk = 8
; initial_layer_line_width = 0.5
; initial_layer_min_bead_width = 85%
; initial_layer_print_height = 0.2
; initial_layer_speed = 60
; initial_layer_travel_acceleration = 0
; initial_layer_travel_speed = 100%
; inner_wall_acceleration = 4000
; inner_wall_jerk = 6
; inner_wall_line_width = 0.45
; inner_wall_speed = 230
; interface_shells = 0
; interlocking_beam = 0
; interlocking_beam_layer_count = 2
; interlocking_beam_width = 0.8
; interlocking_boundary_avoidance = 2
; interlocking_depth = 2
; interlocking_orientation = 22.5
; internal_bridge_flow = 1
; internal_bridge_speed = 80
; internal_solid_infill_acceleration = 100%
; internal_solid_infill_line_width = 0.42
; internal_solid_infill_pattern = monotonic
; internal_solid_infill_speed = 200
; ironing_angle = 90
; ironing_flow = 10%
; ironing_pattern = zig-zag
; ironing_spacing = 0.15
; ironing_speed = 30
; ironing_support_layer = 0
; ironing_type = no ironing
; is_infill_first = 0
; lateral_lattice_angle_1 = -45
; lateral_lattice_angle_2 = 45
; layer_change_gcode = 
; layer_height = 0.2
; line_width = 0.42
; locked_skeleton_infill_pattern = zig-zag2
; locked_skin_infill_pattern = cross-zag
; long_retractions_when_cut = 1
; machine_LED_light_exist = 1
; machine_end_gcode = G1 E-0.8 F2400 ; retract\nG2 Z{position[2]+3} I0.86 J0.86 P1 F10000 ; spiral lift a little from second lift\nG92 E0 ; zero the extruder\n{if print_sequence == \"by object\"}\nG0 Z{max_layer_z + 1} F1800\n{endif}\nG1 X0 Y180 F8000\nEND_PRINT
; machine_is_belt = 0
; machine_load_filament_time = 30
; machine_max_acceleration_e = 2661
; machine_max_acceleration_extruding = 10000
; machine_max_acceleration_retracting = 5000
; machine_max_acceleration_travel = 30000
; machine_max_acceleration_x = 10000
; machine_max_acceleration_y = 10000
; machine_max_acceleration_z = 100
; machine_max_jerk_e = 3
; machine_max_jerk_x = 9
; machine_max_jerk_y = 9
; machine_max_jerk_z = 3
; machine_max_speed_e = 30
; machine_max_speed_x = 500
; machine_max_speed_y = 500
; machine_max_speed_z = 20
; machine_min_extruding_rate = 0,0
; machine_min_travel_rate = 0,0
; machine_pause_gcode = PAUSE
; machine_platform_motion_enable = 0
; machine_ptc_exist = 0
; machine_start_gcode = M140 S0\nM104 S0 \nSTART_PRINT EXTRUDER_TEMP=[nozzle_temperature_initial_layer] BED_TEMP=[bed_temperature_initial_layer_single]\nM83 \nM8200 P S[initial_no_support_extruder]\nM220 S100\n\nSET_VELOCITY_LIMIT ACCEL=5000 ACCEL_TO_DECEL=5000\nG0 X267 F18000 \nG0 X278 F2400\nM104 S[nozzle_temperature_initial_layer]\nM106 S0\nT[initial_no_support_extruder]\n\nM8200 O\nM204 S2000\nG1 Z3 F600\nM83\nG1 Y0 F12000\nG1 X150 F30000\nG1 Z0.2 F600\nG1 X120 Y0 E15 F{filament_max_volumetric_speed[initial_extruder]/0.3*60*0.1}\nG1 X115 E.3742  F{outer_wall_volumetric_speed/(0.3*0.5)/4*60}\nG1 X110 E.3742  F{outer_wall_volumetric_speed/(0.3*0.5)*60}\nG1 X105 E.3742  F{outer_wall_volumetric_speed/(0.3*0.5)/4*60}\nG1 X100 E.3742  F{outer_wall_volumetric_speed/(0.3*0.5)*60}\nG1 X95 E.3742  F{outer_wall_volumetric_speed/(0.3*0.5)/4*60}\nG91\nG1 X-1 Z-0.3\nG1 X-4\nG92 E0
; machine_tool_change_time = 0
; machine_unload_filament_time = 30
; make_overhang_printable = 0
; make_overhang_printable_angle = 55
; make_overhang_printable_hole_size = 0
; manual_filament_change = 0
; material_flow_dependent_temperature = 0
; material_flow_temp_graph = [[3.0,210],[10.0,220],[12.0,230]]
; max_bridge_length = 10
; max_layer_height = 0.32
; max_travel_detour_distance = 0
; max_volumetric_extrusion_rate_slope = 0
; max_volumetric_extrusion_rate_slope_segment_length = 3
; min_bead_width = 85%
; min_feature_size = 25%
; min_layer_height = 0.08
; min_length_factor = 0.5
; min_skirt_length = 0
; min_width_top_surface = 300%
; minimum_sparse_infill_area = 15
; minimum_support_area = 5
; mixed_color_layer_height_a = 0
; mixed_color_layer_height_b = 0
; mixed_filament_advanced_dithering = 0
; mixed_filament_definitions = 
; mixed_filament_gradient_mode = 0
; mixed_filament_height_lower_bound = 0.04
; mixed_filament_height_upper_bound = 0.16
; mixed_filament_pointillism_line_gap = 0
; mixed_filament_pointillism_pixel_size = 0
; mixed_filament_surface_indentation = 0
; mmu_segmented_region_interlocking_depth = 0
; mmu_segmented_region_max_width = 0
; msao_recovery_enable = 0
; msao_safe_accel = 200
; msao_safe_velocity = 50
; multicolor_method = 1
; notes = 
; nozzle_diameter = 0.4
; nozzle_height = 4
; nozzle_hrc = 0
; nozzle_temperature = 250
; nozzle_temperature_initial_layer = 250
; nozzle_temperature_range_high = 270
; nozzle_temperature_range_low = 220
; nozzle_type = hardened_steel
; nozzle_volume = 152
; only_one_wall_first_layer = 0
; only_one_wall_top = 1
; ooze_prevention = 0
; other_layers_print_sequence = 0
; other_layers_print_sequence_nums = 0
; outer_wall_acceleration = 4000
; outer_wall_jerk = 6
; outer_wall_line_width = 0.42
; outer_wall_speed = 200
; overhang_1_4_speed = 0
; overhang_2_4_speed = 50
; overhang_3_4_speed = 30
; overhang_4_4_speed = 10
; overhang_fan_speed = 100
; overhang_fan_threshold = 25%
; overhang_optimization = 0
; overhang_reverse = 0
; overhang_reverse_internal_only = 0
; overhang_reverse_threshold = 50%
; overhang_speed_classic = 0
; overhang_totally_speed = 15
; parking_pos_retraction = 0
; pellet_modded_printer = 0
; post_process = 
; precise_outer_wall = 0
; precise_z_height = 0
; preferred_orientation = 0
; preheat_steps = 1
; preheat_time = 30
; pressure_advance = 0.06
; prime_tower_brim_width = 3
; prime_tower_enable_framework = 0
; prime_tower_enhance_type = chamfer
; prime_tower_position_type = Middle Upper
; prime_tower_rib_wall = 1
; prime_tower_skip_points = 1
; prime_tower_width = 40
; prime_volume = 45
; print_compatible_printers = "SPARKX i7 0.4 nozzle"
; print_flow_ratio = 1
; print_order = default
; print_sequence = by layer
; print_settings_id = 0.20mm Standard @SPARKX i7 0.4 nozzle
; printable_area = 0x0,260x0,260x260,0x260
; printable_height = 255
; printer_model = SPARKX i7
; printer_notes = 
; printer_settings_id = SPARKX i7 0.4 nozzle
; printer_structure = undefine
; printer_technology = FFF
; printer_variant = 0.4
; printhost_authorization_type = key
; printhost_ssl_ignore_revoke = 0
; printing_by_object_gcode = 
; purge_in_prime_tower = 0
; raft_contact_distance = 0.1
; raft_expansion = 1.5
; raft_first_layer_density = 90%
; raft_first_layer_expansion = 2
; raft_layers = 0
; reduce_crossing_wall = 0
; reduce_fan_stop_start_freq = 1
; reduce_infill_retraction = 1
; required_nozzle_HRC = 0
; resolution = 0.012
; retract_before_wipe = 70%
; retract_length_toolchange = 2
; retract_lift_above = 0
; retract_lift_below = 254
; retract_lift_enforce = All Surfaces
; retract_restart_extra = 0
; retract_restart_extra_toolchange = 0
; retract_when_changing_layer = 1
; retraction_distances_when_cut = 28
; retraction_length = 0.8
; retraction_minimum_travel = 1
; retraction_speed = 30
; role_based_wipe_speed = 1
; rotate_solid_infill_direction = 1
; scan_first_layer = 0
; scarf_angle_threshold = 155
; scarf_joint_flow_ratio = 1
; scarf_joint_speed = 100%
; scarf_overhang_threshold = 40%
; seam_gap = 15%
; seam_position = aligned
; seam_slope_conditional = 0
; seam_slope_entire_loop = 0
; seam_slope_inner_walls = 0
; seam_slope_min_length = 20
; seam_slope_start_height = 0
; seam_slope_steps = 10
; seam_slope_type = none
; silent_mode = 0
; single_extruder_multi_material = 1
; single_extruder_multi_material_priming = 0
; skeleton_infill_density = 25%
; skeleton_infill_line_width = 100%
; skin_infill_density = 25%
; skin_infill_depth = 2
; skin_infill_line_width = 100%
; skirt_distance = 2
; skirt_height = 1
; skirt_loops = 0
; skirt_speed = 50
; skirt_type = combined
; slice_closing_radius = 0.049
; slicing_mode = regular
; slow_down_for_layer_cooling = 1
; slow_down_layer_time = 14
; slow_down_layers = 0
; slow_down_min_speed = 20
; slowdown_for_curled_perimeters = 0
; small_area_infill_flow_compensation = 0
; small_area_infill_flow_compensation_model = 0,0;"\n0.2,0.4444";"\n0.4,0.6145";"\n0.6,0.7059";"\n0.8,0.7619";"\n1.5,0.8571";"\n2,0.8889";"\n3,0.9231";"\n5,0.9520";"\n10,1"
; small_perimeter_speed = 50%
; small_perimeter_threshold = 0
; smart_cooling_zones = 0
; smooth_coefficient = 2
; smooth_speed_discontinuity_area = 1
; solid_infill_direction = 45
; solid_infill_filament = 0
; sparse_infill_acceleration = 100%
; sparse_infill_density = 15%
; sparse_infill_filament = 0
; sparse_infill_line_width = 0.45
; sparse_infill_pattern = grid
; sparse_infill_speed = 250
; speed_limit_to_height = [[100,150,100,6000],[150,200,80,5500],[200,250,60,5000]]
; speed_limit_to_height_enable = 0
; spiral_mode = 0
; spiral_mode_max_xy_smoothing = 200%
; spiral_mode_smooth = 0
; staggered_inner_seams = 1
; standby_temperature_delta = -5
; start_end_points = 30x-3,54x245
; support_air_filtration = 0
; support_angle = 0
; support_base_pattern = rectilinear
; support_base_pattern_spacing = 2.5
; support_base_pattern_tree = default
; support_bottom_interface_spacing = 0.5
; support_bottom_z_distance = 0.2
; support_chamber_temp_control = 0
; support_critical_regions_only = 0
; support_expansion = 0
; support_filament = 0
; support_interface_bottom_layers = 2
; support_interface_filament = 0
; support_interface_loop_pattern = 0
; support_interface_min_area = 0.25
; support_interface_not_for_body = 1
; support_interface_pattern = auto
; support_interface_spacing = 0.5
; support_interface_speed = 80
; support_interface_top_layers = 2
; support_ironing = 0
; support_ironing_flow = 10%
; support_ironing_pattern = zig-zag
; support_ironing_spacing = 0.2
; support_line_width = 0.42
; support_material_interface_fan_speed = -1
; support_multi_bed_types = 1
; support_object_first_layer_gap = 0.2
; support_object_xy_distance = 0.35
; support_on_build_plate_only = 0
; support_remove_small_overhang = 1
; support_speed = 150
; support_style = default
; support_threshold_angle = 30
; support_top_z_distance = 0.2
; support_type = normal(auto)
; support_xy_overrides_z = xy_overrides_z
; symmetric_infill_y_axis = 0
; temperature_vitrification = 80
; template_custom_gcode = 
; textured_plate_temp = 70
; textured_plate_temp_initial_layer = 70
; thick_bridges = 0
; thick_internal_bridges = 1
; thumbnails = 140x140/PNG, 260x260/PNG
; thumbnails_format = PNG
; time_cost = 0
; time_lapse_gcode = {if !spiral_mode && print_sequence != \"by object\" && layer_num != 0}\n;don't support timelapse gcode in spiral_mode and by object sequence for I3 structure printer\n;time lapse begin\nM5001 G92 E0\nM5001 G17\nM5001 G2 Z{layer_z + 0.4} I0.86 J0.86 P1 F20000 ; spiral lift a little\nM5001 G1 X267 Y110 F24000 ; move to safe pos\nM5001 P15\nM5001 M400 P300\nM5001 G92 E0\n;time lapse end\n{endif}
; timelapse_type = -1
; top_bottom_infill_wall_overlap = 25%
; top_shell_layers = 5
; top_shell_thickness = 1
; top_solid_infill_flow_ratio = 1
; top_surface_acceleration = 2000
; top_surface_jerk = 8
; top_surface_line_width = 0.42
; top_surface_pattern = monotonicline
; top_surface_speed = 180
; tpms_end_infill_density = 15%
; tpms_gradual_direction = gradualdir_x
; tpms_start_infill_density = 8%
; transmittance_matrix = 0.8,0.8,0.8,0.8,0.8,0.8,0.8,0.8,0.8,0.8,0.8,0.8,0.8,0.8,0.8,0.8
; travel_acceleration = 8000
; travel_jerk = 8
; travel_short_distance_acceleration = 0
; travel_short_distance_threshold = 1.5
; travel_slope = 3
; travel_speed = 400
; travel_speed_z = 0
; tree_hybrid_cross_height = 0
; tree_support_adaptive_layer_height = 1
; tree_support_angle_slow = 25
; tree_support_auto_brim = 1
; tree_support_branch_angle = 45
; tree_support_branch_angle_organic = 40
; tree_support_branch_diameter = 2
; tree_support_branch_diameter_angle = 5
; tree_support_branch_diameter_double_wall = 3
; tree_support_branch_diameter_organic = 2
; tree_support_branch_distance = 5
; tree_support_branch_distance_organic = 1
; tree_support_brim_width = 3
; tree_support_organic_validate_repair = 0
; tree_support_tip_diameter = 0.8
; tree_support_top_rate = 30%
; tree_support_wall_count = 0
; tree_support_wall_count_tree = 0
; use_firmware_retraction = 0
; use_relative_e_distances = 1
; wall_direction = auto
; wall_distribution_count = 1
; wall_filament = 0
; wall_generator = classic
; wall_loops = 2
; wall_sequence = inner wall/outer wall
; wall_transition_angle = 10
; wall_transition_filter_deviation = 25%
; wall_transition_length = 100%
; wipe = 1
; wipe_before_external_loop = 0
; wipe_distance = 2
; wipe_on_loops = 0
; wipe_speed = 80%
; wipe_tower_bridging = 10
; wipe_tower_cone_angle = 0
; wipe_tower_extra_flow = 100%
; wipe_tower_extra_spacing = 100%
; wipe_tower_filament = 0
; wipe_tower_max_purge_speed = 90
; wipe_tower_no_sparse_layers = 0
; wipe_tower_rotation_angle = 0
; wipe_tower_x = 0.000
; wipe_tower_y = 0.000
; wiping_volumes_extruders = 70,70,70,70,70,70,70,70,70,70
; xy_contour_compensation = 0
; xy_hole_compensation = 0
; z_direction_outwall_speed_continuous = 0
; z_hop = 0.4
; z_hop_types = Slope Lift
; z_offset = 0
; first_layer_bed_temperature = 80
; bed_shape = 0x0,260x0,260x260,0x260
; first_layer_temperature = 250
; first_layer_height = 0.200
; all_surface_with_shell = 1
; should_enable_preview_lod = 1
; CONFIG_BLOCK_END


; gcode_lines = 32035
